0	6.64418e+06	6.30157e+06	5.95097e+06	3520
1	6.30197e+06	6.20316e+06	5.95097e+06	3520
2	6.22662e+06	6.14491e+06	5.94158e+06	3520
3	6.1569e+06	6.08332e+06	5.85371e+06	3520
4	6.1044e+06	6.03319e+06	5.79553e+06	3520
5	6.05523e+06	5.98897e+06	5.77808e+06	3520
6	6.01666e+06	5.95329e+06	5.72139e+06	3520
7	5.9785e+06	5.91971e+06	5.72139e+06	3520
8	5.95103e+06	5.88954e+06	5.68838e+06	3520
9	5.91514e+06	5.85904e+06	5.68838e+06	3520
10	5.88845e+06	5.83291e+06	5.6566e+06	3520
11	5.86012e+06	5.80482e+06	5.63656e+06	3520
12	5.83329e+06	5.78347e+06	5.63656e+06	3520
13	5.8089e+06	5.75982e+06	5.57308e+06	3520
14	5.78473e+06	5.73868e+06	5.57308e+06	3520
15	5.76821e+06	5.71898e+06	5.57308e+06	3520
16	5.75151e+06	5.69733e+06	5.52225e+06	3520
17	5.72989e+06	5.68369e+06	5.51826e+06	3520
18	5.71096e+06	5.66344e+06	5.51826e+06	3520
19	5.69218e+06	5.64979e+06	5.51826e+06	3520
20	5.67418e+06	5.63496e+06	5.51561e+06	3520
21	5.66126e+06	5.61921e+06	5.4848e+06	3520
22	5.64468e+06	5.60558e+06	5.41854e+06	3520
23	5.63632e+06	5.59476e+06	5.41854e+06	3520
24	5.62368e+06	5.58206e+06	5.39883e+06	3520
25	5.60696e+06	5.56791e+06	5.38792e+06	3520
26	5.59463e+06	5.55381e+06	5.38792e+06	3520
27	5.58312e+06	5.53832e+06	5.38059e+06	3520
28	5.57308e+06	5.52735e+06	5.38059e+06	3520
29	5.55926e+06	5.5168e+06	5.38059e+06	3520
30	5.54317e+06	5.50324e+06	5.3411e+06	3520
31	5.53031e+06	5.4914e+06	5.3411e+06	3520
32	5.51792e+06	5.47798e+06	5.3411e+06	3520
33	5.50667e+06	5.46403e+06	5.3411e+06	3520
34	5.49213e+06	5.45117e+06	5.25414e+06	3520
35	5.48117e+06	5.4391e+06	5.25414e+06	3520
36	5.46202e+06	5.42278e+06	5.25414e+06	3520
37	5.44586e+06	5.40567e+06	5.21874e+06	3520
38	5.43022e+06	5.39143e+06	5.21874e+06	3520
39	5.41826e+06	5.37591e+06	5.21088e+06	3520
40	5.40058e+06	5.3587e+06	5.19339e+06	3520
41	5.3844e+06	5.33824e+06	5.19339e+06	3520
42	5.36283e+06	5.31809e+06	5.05596e+06	3520
43	5.34113e+06	5.29887e+06	5.05596e+06	3520
44	5.32216e+06	5.28265e+06	5.05596e+06	3520
45	5.30284e+06	5.26179e+06	5.05596e+06	3520
46	5.28674e+06	5.24372e+06	5.05596e+06	3520
47	5.26509e+06	5.22599e+06	5.05596e+06	3520
48	5.24585e+06	5.20531e+06	5.05596e+06	3520
49	5.2293e+06	5.18856e+06	5.05596e+06	3520
50	5.21075e+06	5.17197e+06	5.01628e+06	3520
51	5.19847e+06	5.1583e+06	5.01628e+06	3520
52	5.18159e+06	5.13991e+06	5.01628e+06	3520
53	5.16355e+06	5.12396e+06	4.93762e+06	3520
54	5.15058e+06	5.11287e+06	4.93762e+06	3520
55	5.13817e+06	5.10041e+06	4.93762e+06	3520
56	5.12425e+06	5.08604e+06	4.91666e+06	3520
57	5.10831e+06	5.07177e+06	4.91666e+06	3520
58	5.09659e+06	5.0632e+06	4.91666e+06	3520
59	5.08472e+06	5.05206e+06	4.89158e+06	3520
60	5.07307e+06	5.03786e+06	4.89158e+06	3520
61	5.06132e+06	5.021e+06	4.87588e+06	3520
62	5.04873e+06	5.00819e+06	4.87381e+06	3520
63	5.03715e+06	4.99543e+06	4.87381e+06	3520
64	5.02469e+06	4.98203e+06	4.87381e+06	3520
65	5.01076e+06	4.96764e+06	4.87381e+06	3520
66	4.99082e+06	4.95423e+06	4.87381e+06	3520
67	4.97551e+06	4.9409e+06	4.81539e+06	3520
68	4.96311e+06	4.92912e+06	4.81539e+06	3520
69	4.95378e+06	4.9189e+06	4.7574e+06	3520
70	4.94025e+06	4.90723e+06	4.7388e+06	3520
71	4.93079e+06	4.89477e+06	4.7388e+06	3520
72	4.91555e+06	4.88018e+06	4.70864e+06	3520
73	4.89771e+06	4.86728e+06	4.70864e+06	3520
74	4.88834e+06	4.85696e+06	4.69748e+06	3520
75	4.87833e+06	4.84491e+06	4.69748e+06	3520
76	4.86792e+06	4.82951e+06	4.65438e+06	3520
77	4.85325e+06	4.81337e+06	4.65438e+06	3520
78	4.838e+06	4.79952e+06	4.65438e+06	3520
79	4.82326e+06	4.78732e+06	4.65438e+06	3520
80	4.80857e+06	4.77356e+06	4.65438e+06	3520
81	4.79458e+06	4.75806e+06	4.62817e+06	3520
82	4.77813e+06	4.74324e+06	4.61822e+06	3520
83	4.76454e+06	4.73017e+06	4.60006e+06	3520
84	4.75188e+06	4.72004e+06	4.60006e+06	3520
85	4.74099e+06	4.70951e+06	4.5832e+06	3520
86	4.72979e+06	4.69694e+06	4.5832e+06	3520
87	4.71557e+06	4.68248e+06	4.5832e+06	3520
88	4.70178e+06	4.66786e+06	4.54343e+06	3520
89	4.68873e+06	4.65337e+06	4.51001e+06	3520
90	4.67719e+06	4.64258e+06	4.50679e+06	3520
91	4.65961e+06	4.62659e+06	4.48982e+06	3520
92	4.6464e+06	4.6093e+06	4.43515e+06	3520
93	4.63447e+06	4.59631e+06	4.43515e+06	3520
94	4.61978e+06	4.57872e+06	4.43515e+06	3520
95	4.60015e+06	4.56097e+06	4.43515e+06	3520
96	4.58337e+06	4.54442e+06	4.43515e+06	3520
97	4.5657e+06	4.52777e+06	4.42836e+06	3520
98	4.55095e+06	4.51399e+06	4.42836e+06	3520
99	4.53559e+06	4.50221e+06	4.38676e+06	3520
100	4.51914e+06	4.49137e+06	4.38676e+06	3520
101	4.51054e+06	4.48264e+06	4.38676e+06	3520
102	4.49907e+06	4.47321e+06	4.38676e+06	3520
103	4.48935e+06	4.46402e+06	4.38676e+06	3520
104	4.4809e+06	4.45492e+06	4.38339e+06	3520
105	4.47246e+06	4.44853e+06	4.38334e+06	3520
106	4.4644e+06	4.44005e+06	4.36737e+06	3520
107	4.45672e+06	4.43167e+06	4.34196e+06	3520
108	4.4513e+06	4.42613e+06	4.32015e+06	3520
109	4.44273e+06	4.41574e+06	4.30753e+06	3520
110	4.4372e+06	4.40776e+06	4.2781e+06	3520
111	4.4284e+06	4.39915e+06	4.2781e+06	3520
112	4.42327e+06	4.39314e+06	4.2781e+06	3520
113	4.41409e+06	4.38381e+06	4.2781e+06	3520
114	4.40454e+06	4.37481e+06	4.2781e+06	3520
115	4.39571e+06	4.36609e+06	4.2781e+06	3520
116	4.38953e+06	4.35911e+06	4.2781e+06	3520
117	4.38319e+06	4.3537e+06	4.2781e+06	3520
118	4.3731e+06	4.34526e+06	4.27458e+06	3520
119	4.36727e+06	4.33775e+06	4.24991e+06	3520
120	4.35874e+06	4.33065e+06	4.24991e+06	3520
121	4.35086e+06	4.32486e+06	4.24916e+06	3520
122	4.3451e+06	4.3197e+06	4.24916e+06	3520
123	4.33808e+06	4.31542e+06	4.24916e+06	3520
124	4.33236e+06	4.31137e+06	4.22803e+06	3520
125	4.32816e+06	4.30663e+06	4.22803e+06	3520
126	4.32261e+06	4.30238e+06	4.22803e+06	3520
127	4.31752e+06	4.2969e+06	4.22803e+06	3520
128	4.3127e+06	4.29189e+06	4.19753e+06	3520
129	4.30717e+06	4.28683e+06	4.19753e+06	3520
130	4.30156e+06	4.28201e+06	4.19753e+06	3520
131	4.2968e+06	4.27683e+06	4.19753e+06	3520
132	4.2918e+06	4.27182e+06	4.19254e+06	3520
133	4.28715e+06	4.26772e+06	4.17366e+06	3520
134	4.28281e+06	4.26234e+06	4.17366e+06	3520
135	4.27885e+06	4.25624e+06	4.17366e+06	3520
136	4.27388e+06	4.24892e+06	4.16003e+06	3520
137	4.26834e+06	4.24297e+06	4.16003e+06	3520
138	4.26206e+06	4.23748e+06	4.16003e+06	3520
139	4.25508e+06	4.23062e+06	4.12517e+06	3520
140	4.24979e+06	4.22358e+06	4.12517e+06	3520
141	4.23903e+06	4.21551e+06	4.08907e+06	3520
142	4.23289e+06	4.20918e+06	4.08907e+06	3520
143	4.22751e+06	4.20095e+06	4.08907e+06	3520
144	4.21991e+06	4.19422e+06	4.08907e+06	3520
145	4.21467e+06	4.18771e+06	4.08485e+06	3520
146	4.20704e+06	4.17981e+06	4.08485e+06	3520
147	4.19876e+06	4.17148e+06	4.05992e+06	3520
148	4.18961e+06	4.16271e+06	4.05992e+06	3520
149	4.18317e+06	4.15619e+06	4.05992e+06	3520
150	4.17478e+06	4.14816e+06	4.03125e+06	3520
151	4.16614e+06	4.13953e+06	4.03125e+06	3520
152	4.15747e+06	4.13156e+06	4.03125e+06	3520
153	4.1519e+06	4.12705e+06	4.03125e+06	3520
154	4.14624e+06	4.1211e+06	4.03125e+06	3520
155	4.13975e+06	4.11414e+06	4.03125e+06	3520
156	4.13136e+06	4.10423e+06	4.00707e+06	3520
157	4.12512e+06	4.09854e+06	4.00707e+06	3520
158	4.11658e+06	4.09198e+06	4.00707e+06	3520
159	4.1089e+06	4.08475e+06	4.00707e+06	3520
160	4.10175e+06	4.07673e+06	3.99456e+06	3520
161	4.09581e+06	4.07072e+06	3.99456e+06	3520
162	4.08816e+06	4.06375e+06	3.99456e+06	3520
163	4.08237e+06	4.058e+06	3.98676e+06	3520
164	4.07665e+06	4.05153e+06	3.97685e+06	3520
165	4.06777e+06	4.04426e+06	3.97685e+06	3520
166	4.06041e+06	4.03724e+06	3.97509e+06	3520
167	4.05543e+06	4.03174e+06	3.97509e+06	3520
168	4.0495e+06	4.02682e+06	3.96516e+06	3520
169	4.04123e+06	4.02096e+06	3.94317e+06	3520
170	4.03554e+06	4.01699e+06	3.94317e+06	3520
171	4.03095e+06	4.01265e+06	3.94317e+06	3520
172	4.02708e+06	4.00835e+06	3.94317e+06	3520
173	4.02224e+06	4.00353e+06	3.94317e+06	3520
174	4.0195e+06	4.00088e+06	3.94317e+06	3520
175	4.01536e+06	3.99473e+06	3.92256e+06	3520
176	4.00891e+06	3.98971e+06	3.92256e+06	3520
177	4.00517e+06	3.98573e+06	3.92256e+06	3520
178	4.00055e+06	3.98184e+06	3.92256e+06	3520
179	3.99651e+06	3.97768e+06	3.92256e+06	3520
180	3.99272e+06	3.97313e+06	3.87138e+06	3520
181	3.98767e+06	3.9685e+06	3.87138e+06	3520
182	3.98192e+06	3.96333e+06	3.87138e+06	3520
183	3.97829e+06	3.95828e+06	3.87017e+06	3520
184	3.97296e+06	3.95259e+06	3.87017e+06	3520
185	3.96915e+06	3.94904e+06	3.87017e+06	3520
186	3.96395e+06	3.94405e+06	3.87017e+06	3520
187	3.95935e+06	3.93879e+06	3.87017e+06	3520
188	3.95497e+06	3.93354e+06	3.87017e+06	3520
189	3.95114e+06	3.92953e+06	3.87017e+06	3520
190	3.94697e+06	3.92567e+06	3.87017e+06	3520
191	3.94181e+06	3.9212e+06	3.87017e+06	3520
192	3.93625e+06	3.91733e+06	3.85791e+06	3520
193	3.93231e+06	3.91367e+06	3.85791e+06	3520
194	3.92899e+06	3.91005e+06	3.85791e+06	3520
195	3.92466e+06	3.90541e+06	3.84653e+06	3520
196	3.92173e+06	3.90172e+06	3.8311e+06	3520
197	3.91728e+06	3.89856e+06	3.8311e+06	3520
198	3.9143e+06	3.89566e+06	3.8311e+06	3520
199	3.91138e+06	3.89188e+06	3.81758e+06	3520
200	3.9071e+06	3.88746e+06	3.80327e+06	3520
201	3.90295e+06	3.88439e+06	3.80327e+06	3520
202	3.89831e+06	3.87968e+06	3.80274e+06	3520
203	3.89646e+06	3.87722e+06	3.80274e+06	3520
204	3.89246e+06	3.87096e+06	3.7993e+06	3520
205	3.88884e+06	3.86727e+06	3.7993e+06	3520
206	3.88517e+06	3.86251e+06	3.78787e+06	3520
207	3.8804e+06	3.85756e+06	3.78139e+06	3520
208	3.87631e+06	3.85336e+06	3.78139e+06	3520
209	3.8726e+06	3.85051e+06	3.78139e+06	3520
210	3.87008e+06	3.84741e+06	3.76734e+06	3520
211	3.86484e+06	3.84178e+06	3.76734e+06	3520
212	3.85807e+06	3.83633e+06	3.76734e+06	3520
213	3.85326e+06	3.83184e+06	3.76734e+06	3520
214	3.85005e+06	3.82877e+06	3.76734e+06	3520
215	3.84509e+06	3.82471e+06	3.75354e+06	3520
216	3.84094e+06	3.82085e+06	3.75354e+06	3520
217	3.83748e+06	3.8179e+06	3.75354e+06	3520
218	3.83534e+06	3.81507e+06	3.75354e+06	3520
219	3.83057e+06	3.80996e+06	3.75354e+06	3520
220	3.8258e+06	3.80587e+06	3.75354e+06	3520
221	3.82277e+06	3.80313e+06	3.75354e+06	3520
222	3.81971e+06	3.79974e+06	3.74454e+06	3520
223	3.81483e+06	3.79614e+06	3.73526e+06	3520
224	3.81147e+06	3.79266e+06	3.73526e+06	3520
225	3.80804e+06	3.78969e+06	3.73526e+06	3520
226	3.80463e+06	3.78639e+06	3.73526e+06	3520
227	3.80148e+06	3.78292e+06	3.73526e+06	3520
228	3.79828e+06	3.7789e+06	3.6595e+06	3520
229	3.79405e+06	3.77558e+06	3.6595e+06	3520
230	3.78928e+06	3.77208e+06	3.6595e+06	3520
231	3.78568e+06	3.76832e+06	3.6595e+06	3520
232	3.78272e+06	3.76595e+06	3.6595e+06	3520
233	3.78039e+06	3.76182e+06	3.6595e+06	3520
234	3.77683e+06	3.75878e+06	3.6595e+06	3520
235	3.7729e+06	3.7548e+06	3.6595e+06	3520
236	3.76848e+06	3.74956e+06	3.6595e+06	3520
237	3.76268e+06	3.74368e+06	3.6595e+06	3520
238	3.75695e+06	3.73747e+06	3.6595e+06	3520
239	3.75345e+06	3.73362e+06	3.6595e+06	3520
240	3.74766e+06	3.72739e+06	3.6595e+06	3520
241	3.74312e+06	3.72186e+06	3.6595e+06	3520
242	3.73821e+06	3.71673e+06	3.6595e+06	3520
243	3.73185e+06	3.71149e+06	3.6595e+06	3520
244	3.72647e+06	3.70663e+06	3.65095e+06	3520
245	3.72202e+06	3.70253e+06	3.65095e+06	3520
246	3.71573e+06	3.69647e+06	3.63263e+06	3520
247	3.70929e+06	3.6917e+06	3.63263e+06	3520
248	3.70432e+06	3.68741e+06	3.63263e+06	3520
249	3.69956e+06	3.68262e+06	3.63263e+06	3520
250	3.69534e+06	3.67761e+06	3.62538e+06	3520
251	3.69041e+06	3.67321e+06	3.62538e+06	3520
252	3.68747e+06	3.67047e+06	3.62538e+06	3520
253	3.68119e+06	3.66547e+06	3.58903e+06	3520
254	3.6767e+06	3.66042e+06	3.58903e+06	3520
255	3.67096e+06	3.65445e+06	3.58903e+06	3520
256	3.66592e+06	3.64908e+06	3.58903e+06	3520
257	3.6608e+06	3.64383e+06	3.58903e+06	3520
258	3.65466e+06	3.63974e+06	3.58903e+06	3520
259	3.65067e+06	3.63609e+06	3.58903e+06	3520
260	3.64649e+06	3.63263e+06	3.57102e+06	3520
261	3.64292e+06	3.62819e+06	3.57102e+06	3520
262	3.63954e+06	3.62465e+06	3.57102e+06	3520
263	3.63402e+06	3.62064e+06	3.57102e+06	3520
264	3.63067e+06	3.61692e+06	3.57102e+06	3520
265	3.62727e+06	3.61459e+06	3.57102e+06	3520
266	3.624e+06	3.61116e+06	3.55473e+06	3520
267	3.62115e+06	3.60773e+06	3.55473e+06	3520
268	3.61702e+06	3.60407e+06	3.55473e+06	3520
269	3.61272e+06	3.60075e+06	3.55473e+06	3520
270	3.6088e+06	3.59683e+06	3.55473e+06	3520
271	3.60526e+06	3.59216e+06	3.54538e+06	3520
272	3.60213e+06	3.58819e+06	3.54538e+06	3520
273	3.59781e+06	3.5845e+06	3.54538e+06	3520
274	3.59439e+06	3.58116e+06	3.54538e+06	3520
275	3.59111e+06	3.57711e+06	3.52668e+06	3520
276	3.58701e+06	3.57294e+06	3.52668e+06	3520
277	3.58379e+06	3.57028e+06	3.51673e+06	3520
278	3.5802e+06	3.56705e+06	3.51673e+06	3520
279	3.57716e+06	3.56382e+06	3.5081e+06	3520
280	3.5731e+06	3.56043e+06	3.5081e+06	3520
281	3.57068e+06	3.55761e+06	3.5081e+06	3520
282	3.56611e+06	3.55244e+06	3.5081e+06	3520
283	3.56462e+06	3.54976e+06	3.5081e+06	3520
284	3.56191e+06	3.54727e+06	3.5081e+06	3520
285	3.55879e+06	3.54413e+06	3.49617e+06	3520
286	3.55473e+06	3.542e+06	3.49617e+06	3520
287	3.55289e+06	3.53898e+06	3.49113e+06	3520
288	3.54956e+06	3.53662e+06	3.49113e+06	3520
289	3.5455e+06	3.53255e+06	3.49113e+06	3520
290	3.54239e+06	3.52918e+06	3.48072e+06	3520
291	3.54105e+06	3.52733e+06	3.48072e+06	3520
292	3.53878e+06	3.52375e+06	3.47695e+06	3520
293	3.535e+06	3.52012e+06	3.47695e+06	3520
294	3.53228e+06	3.51728e+06	3.47695e+06	3520
295	3.52934e+06	3.51299e+06	3.47459e+06	3520
296	3.5259e+06	3.51043e+06	3.47459e+06	3520
297	3.52337e+06	3.50697e+06	3.4656e+06	3520
298	3.51866e+06	3.50298e+06	3.46273e+06	3520
299	3.51597e+06	3.49948e+06	3.44146e+06	3520
300	3.51247e+06	3.49567e+06	3.44146e+06	3520
301	3.50809e+06	3.49218e+06	3.44146e+06	3520
302	3.50492e+06	3.48905e+06	3.44146e+06	3520
303	3.50069e+06	3.48642e+06	3.44146e+06	3520
304	3.49743e+06	3.48321e+06	3.44109e+06	3520
305	3.49562e+06	3.48114e+06	3.43809e+06	3520
306	3.49115e+06	3.47749e+06	3.43809e+06	3520
307	3.48739e+06	3.47524e+06	3.43809e+06	3520
308	3.48444e+06	3.47272e+06	3.43809e+06	3520
309	3.48093e+06	3.46835e+06	3.42815e+06	3520
310	3.47771e+06	3.46463e+06	3.42393e+06	3520
311	3.47509e+06	3.46033e+06	3.42004e+06	3520
312	3.47035e+06	3.4545e+06	3.40048e+06	3520
313	3.46613e+06	3.45047e+06	3.40048e+06	3520
314	3.46164e+06	3.4451e+06	3.40048e+06	3520
315	3.45576e+06	3.43968e+06	3.39237e+06	3520
316	3.45001e+06	3.43426e+06	3.38095e+06	3520
317	3.44654e+06	3.42979e+06	3.38095e+06	3520
318	3.43908e+06	3.42459e+06	3.38095e+06	3520
319	3.43479e+06	3.42083e+06	3.38095e+06	3520
320	3.42906e+06	3.41577e+06	3.36382e+06	3520
321	3.42645e+06	3.41257e+06	3.35331e+06	3520
322	3.4229e+06	3.40807e+06	3.35331e+06	3520
323	3.41827e+06	3.40408e+06	3.35331e+06	3520
324	3.41459e+06	3.39974e+06	3.35331e+06	3520
325	3.40963e+06	3.39558e+06	3.35331e+06	3520
326	3.40599e+06	3.39215e+06	3.35331e+06	3520
327	3.40256e+06	3.38896e+06	3.34669e+06	3520
328	3.40011e+06	3.38682e+06	3.34669e+06	3520
329	3.39723e+06	3.38454e+06	3.34669e+06	3520
330	3.39351e+06	3.38186e+06	3.34669e+06	3520
331	3.39154e+06	3.37949e+06	3.33211e+06	3520
332	3.38907e+06	3.3774e+06	3.33211e+06	3520
333	3.38578e+06	3.37471e+06	3.32738e+06	3520
334	3.38189e+06	3.37078e+06	3.31755e+06	3520
335	3.37965e+06	3.36761e+06	3.31695e+06	3520
336	3.37741e+06	3.36512e+06	3.31695e+06	3520
337	3.37546e+06	3.36251e+06	3.31695e+06	3520
338	3.37315e+06	3.35876e+06	3.31412e+06	3520
339	3.37037e+06	3.35586e+06	3.30906e+06	3520
340	3.36712e+06	3.35205e+06	3.3039e+06	3520
341	3.36429e+06	3.34848e+06	3.3039e+06	3520
342	3.36222e+06	3.34571e+06	3.3039e+06	3520
343	3.3579e+06	3.34172e+06	3.28478e+06	3520
344	3.35331e+06	3.33802e+06	3.28478e+06	3520
345	3.34962e+06	3.33455e+06	3.28478e+06	3520
346	3.3474e+06	3.33276e+06	3.28478e+06	3520
347	3.34301e+06	3.32971e+06	3.28478e+06	3520
348	3.34049e+06	3.32789e+06	3.28478e+06	3520
349	3.33793e+06	3.3267e+06	3.28478e+06	3520
350	3.33472e+06	3.32416e+06	3.27608e+06	3520
351	3.33221e+06	3.32142e+06	3.26331e+06	3520
352	3.33025e+06	3.31921e+06	3.26331e+06	3520
353	3.32796e+06	3.31611e+06	3.26331e+06	3520
354	3.32547e+06	3.31325e+06	3.26331e+06	3520
355	3.32197e+06	3.31026e+06	3.26331e+06	3520
356	3.31986e+06	3.30727e+06	3.25154e+06	3520
357	3.31755e+06	3.30336e+06	3.25154e+06	3520
358	3.31499e+06	3.29944e+06	3.24037e+06	3520
359	3.31144e+06	3.29633e+06	3.24037e+06	3520
360	3.30882e+06	3.29256e+06	3.24037e+06	3520
361	3.30406e+06	3.28884e+06	3.24037e+06	3520
362	3.2992e+06	3.28437e+06	3.24037e+06	3520
363	3.29413e+06	3.27993e+06	3.24037e+06	3520
364	3.28968e+06	3.27576e+06	3.23993e+06	3520
365	3.28616e+06	3.27239e+06	3.23396e+06	3520
366	3.28163e+06	3.2691e+06	3.23396e+06	3520
367	3.27786e+06	3.26646e+06	3.23396e+06	3520
368	3.27621e+06	3.26328e+06	3.22128e+06	3520
369	3.27268e+06	3.25905e+06	3.22128e+06	3520
370	3.26724e+06	3.25513e+06	3.22128e+06	3520
371	3.26386e+06	3.2511e+06	3.21728e+06	3520
372	3.2603e+06	3.24835e+06	3.21728e+06	3520
373	3.25596e+06	3.24365e+06	3.20527e+06	3520
374	3.25193e+06	3.24048e+06	3.18137e+06	3520
375	3.24885e+06	3.23682e+06	3.18137e+06	3520
376	3.24485e+06	3.23323e+06	3.18137e+06	3520
377	3.24097e+06	3.23076e+06	3.17436e+06	3520
378	3.23865e+06	3.22785e+06	3.17436e+06	3520
379	3.23651e+06	3.22506e+06	3.17436e+06	3520
380	3.23356e+06	3.22093e+06	3.17436e+06	3520
381	3.23068e+06	3.21805e+06	3.17436e+06	3520
382	3.22663e+06	3.21429e+06	3.17436e+06	3520
383	3.22268e+06	3.21074e+06	3.17436e+06	3520
384	3.22033e+06	3.20842e+06	3.17436e+06	3520
385	3.21619e+06	3.20477e+06	3.1664e+06	3520
386	3.21432e+06	3.20204e+06	3.1664e+06	3520
387	3.21137e+06	3.19912e+06	3.15068e+06	3520
388	3.20704e+06	3.1956e+06	3.15068e+06	3520
389	3.20387e+06	3.19173e+06	3.15068e+06	3520
390	3.20134e+06	3.18845e+06	3.15068e+06	3520
391	3.19738e+06	3.18497e+06	3.14734e+06	3520
392	3.19414e+06	3.18181e+06	3.13356e+06	3520
393	3.19196e+06	3.17879e+06	3.13356e+06	3520
394	3.18711e+06	3.17464e+06	3.13356e+06	3520
395	3.18288e+06	3.17183e+06	3.13356e+06	3520
396	3.17926e+06	3.16925e+06	3.13356e+06	3520
397	3.17683e+06	3.16693e+06	3.13356e+06	3520
398	3.17436e+06	3.16448e+06	3.13356e+06	3520
399	3.17322e+06	3.16259e+06	3.12489e+06	3520
0	6.65251e+06	6.30455e+06	5.97614e+06	8115
1	6.30639e+06	6.20388e+06	5.82559e+06	8115
2	6.21711e+06	6.1387e+06	5.82559e+06	8115
3	6.16246e+06	6.08545e+06	5.82559e+06	8115
4	6.11043e+06	6.03739e+06	5.82559e+06	8115
5	6.06311e+06	5.99811e+06	5.81631e+06	8115
6	6.01459e+06	5.95834e+06	5.76172e+06	8115
7	5.98127e+06	5.92714e+06	5.66512e+06	8115
8	5.95327e+06	5.89198e+06	5.65306e+06	8115
9	5.91306e+06	5.85666e+06	5.61063e+06	8115
10	5.88509e+06	5.82838e+06	5.61063e+06	8115
11	5.84924e+06	5.79806e+06	5.61063e+06	8115
12	5.82559e+06	5.77307e+06	5.61063e+06	8115
13	5.80406e+06	5.75163e+06	5.61063e+06	8115
14	5.77571e+06	5.72327e+06	5.58863e+06	8115
15	5.74943e+06	5.70036e+06	5.55494e+06	8115
16	5.72209e+06	5.67964e+06	5.55092e+06	8115
17	5.70526e+06	5.66424e+06	5.55092e+06	8115
18	5.69239e+06	5.64949e+06	5.54938e+06	8115
19	5.67533e+06	5.62912e+06	5.46384e+06	8115
20	5.65588e+06	5.60943e+06	5.46384e+06	8115
21	5.63621e+06	5.58764e+06	5.43364e+06	8115
22	5.61636e+06	5.56971e+06	5.42312e+06	8115
23	5.59429e+06	5.55149e+06	5.42312e+06	8115
24	5.57923e+06	5.53627e+06	5.4065e+06	8115
25	5.56119e+06	5.51757e+06	5.33963e+06	8115
26	5.54242e+06	5.49919e+06	5.33963e+06	8115
27	5.52773e+06	5.48308e+06	5.31658e+06	8115
28	5.51254e+06	5.46605e+06	5.25499e+06	8115
29	5.49201e+06	5.44327e+06	5.25499e+06	8115
30	5.47419e+06	5.4248e+06	5.25499e+06	8115
31	5.44809e+06	5.40481e+06	5.25499e+06	8115
32	5.43435e+06	5.3895e+06	5.24076e+06	8115
33	5.41916e+06	5.37208e+06	5.24076e+06	8115
34	5.40435e+06	5.35968e+06	5.24076e+06	8115
35	5.38611e+06	5.34606e+06	5.24076e+06	8115
36	5.37391e+06	5.3349e+06	5.24076e+06	8115
37	5.36129e+06	5.32214e+06	5.23099e+06	8115
38	5.3478e+06	5.30966e+06	5.20066e+06	8115
39	5.33445e+06	5.29947e+06	5.07198e+06	8115
40	5.32539e+06	5.28904e+06	5.07198e+06	8115
41	5.31421e+06	5.27674e+06	5.07198e+06	8115
42	5.30405e+06	5.26482e+06	5.07198e+06	8115
43	5.29267e+06	5.25478e+06	5.03286e+06	8115
44	5.28288e+06	5.2441e+06	5.03286e+06	8115
45	5.27182e+06	5.23276e+06	5.03286e+06	8115
46	5.25857e+06	5.21772e+06	5.004e+06	8115
47	5.24609e+06	5.20374e+06	5.004e+06	8115
48	5.23135e+06	5.18958e+06	5.004e+06	8115
49	5.21885e+06	5.17232e+06	4.98629e+06	8115
50	5.20328e+06	5.15759e+06	4.98629e+06	8115
51	5.18927e+06	5.14144e+06	4.98629e+06	8115
52	5.17661e+06	5.12925e+06	4.98629e+06	8115
53	5.16562e+06	5.11653e+06	4.97475e+06	8115
54	5.14526e+06	5.0987e+06	4.95054e+06	8115
55	5.13203e+06	5.08628e+06	4.91974e+06	8115
56	5.11624e+06	5.07104e+06	4.91974e+06	8115
57	5.09998e+06	5.05755e+06	4.91974e+06	8115
58	5.08628e+06	5.04259e+06	4.91907e+06	8115
59	5.07212e+06	5.03136e+06	4.91907e+06	8115
60	5.05867e+06	5.01747e+06	4.90747e+06	8115
61	5.04604e+06	5.00549e+06	4.90747e+06	8115
62	5.03266e+06	4.99282e+06	4.89374e+06	8115
63	5.01373e+06	4.97896e+06	4.86791e+06	8115
64	5.00541e+06	4.97074e+06	4.86479e+06	8115
65	4.99198e+06	4.95648e+06	4.85382e+06	8115
66	4.97802e+06	4.94298e+06	4.85091e+06	8115
67	4.96584e+06	4.93107e+06	4.82328e+06	8115
68	4.95531e+06	4.91942e+06	4.79946e+06	8115
69	4.94296e+06	4.90675e+06	4.79946e+06	8115
70	4.93004e+06	4.89038e+06	4.75842e+06	8115
71	4.91413e+06	4.87449e+06	4.74548e+06	8115
72	4.9026e+06	4.86267e+06	4.74137e+06	8115
73	4.89003e+06	4.84975e+06	4.70517e+06	8115
74	4.87523e+06	4.84014e+06	4.70517e+06	8115
75	4.86342e+06	4.82901e+06	4.69746e+06	8115
76	4.85463e+06	4.81944e+06	4.69746e+06	8115
77	4.84441e+06	4.80644e+06	4.68776e+06	8115
78	4.83614e+06	4.79581e+06	4.68776e+06	8115
79	4.8204e+06	4.78402e+06	4.67043e+06	8115
80	4.81273e+06	4.77791e+06	4.66459e+06	8115
81	4.80456e+06	4.76885e+06	4.65502e+06	8115
82	4.79422e+06	4.75822e+06	4.65502e+06	8115
83	4.78548e+06	4.74948e+06	4.65502e+06	8115
84	4.77521e+06	4.74067e+06	4.65502e+06	8115
85	4.76639e+06	4.7322e+06	4.64488e+06	8115
86	4.75842e+06	4.72604e+06	4.60656e+06	8115
87	4.74986e+06	4.71658e+06	4.60656e+06	8115
88	4.7449e+06	4.71103e+06	4.60612e+06	8115
89	4.73736e+06	4.70316e+06	4.60612e+06	8115
90	4.72792e+06	4.69682e+06	4.60612e+06	8115
91	4.72066e+06	4.68965e+06	4.60612e+06	8115
92	4.71258e+06	4.68055e+06	4.54936e+06	8115
93	4.70386e+06	4.67251e+06	4.54936e+06	8115
94	4.6985e+06	4.666e+06	4.54936e+06	8115
95	4.6897e+06	4.65914e+06	4.54936e+06	8115
96	4.68139e+06	4.65155e+06	4.54936e+06	8115
97	4.67563e+06	4.64375e+06	4.52986e+06	8115
98	4.66443e+06	4.63411e+06	4.52986e+06	8115
99	4.65759e+06	4.62562e+06	4.52986e+06	8115
100	4.65135e+06	4.6204e+06	4.52986e+06	8115
101	4.64458e+06	4.61316e+06	4.52986e+06	8115
102	4.63737e+06	4.60561e+06	4.52986e+06	8115
103	4.62615e+06	4.59471e+06	4.5081e+06	8115
104	4.61667e+06	4.58418e+06	4.4879e+06	8115
105	4.6084e+06	4.57841e+06	4.4879e+06	8115
106	4.59784e+06	4.57191e+06	4.4879e+06	8115
107	4.58831e+06	4.56346e+06	4.4879e+06	8115
108	4.58221e+06	4.55662e+06	4.45978e+06	8115
109	4.57509e+06	4.54951e+06	4.45978e+06	8115
110	4.56653e+06	4.54248e+06	4.45978e+06	8115
111	4.56137e+06	4.5365e+06	4.45978e+06	8115
112	4.55454e+06	4.52961e+06	4.43549e+06	8115
113	4.54785e+06	4.52351e+06	4.43549e+06	8115
114	4.53994e+06	4.51601e+06	4.41518e+06	8115
115	4.53567e+06	4.50924e+06	4.37478e+06	8115
116	4.52945e+06	4.50029e+06	4.37478e+06	8115
117	4.52271e+06	4.49369e+06	4.37478e+06	8115
118	4.51446e+06	4.48552e+06	4.37478e+06	8115
119	4.50715e+06	4.47687e+06	4.37478e+06	8115
120	4.49873e+06	4.46721e+06	4.36882e+06	8115
121	4.4879e+06	4.45951e+06	4.36882e+06	8115
122	4.47818e+06	4.45013e+06	4.32493e+06	8115
123	4.4702e+06	4.4426e+06	4.30282e+06	8115
124	4.46365e+06	4.43625e+06	4.30282e+06	8115
125	4.45672e+06	4.42897e+06	4.30282e+06	8115
126	4.44763e+06	4.42217e+06	4.30282e+06	8115
127	4.44076e+06	4.41535e+06	4.30282e+06	8115
128	4.4352e+06	4.41006e+06	4.30282e+06	8115
129	4.42918e+06	4.4027e+06	4.30282e+06	8115
130	4.42182e+06	4.3956e+06	4.30282e+06	8115
131	4.41657e+06	4.38711e+06	4.30282e+06	8115
132	4.41033e+06	4.38027e+06	4.30186e+06	8115
133	4.40318e+06	4.37413e+06	4.28176e+06	8115
134	4.39499e+06	4.36638e+06	4.26569e+06	8115
135	4.38704e+06	4.35754e+06	4.26569e+06	8115
136	4.37985e+06	4.35104e+06	4.26569e+06	8115
137	4.37328e+06	4.3448e+06	4.26569e+06	8115
138	4.36522e+06	4.33833e+06	4.22464e+06	8115
139	4.35985e+06	4.33296e+06	4.22464e+06	8115
140	4.35316e+06	4.32452e+06	4.22464e+06	8115
141	4.34566e+06	4.31802e+06	4.22464e+06	8115
142	4.34018e+06	4.3122e+06	4.22464e+06	8115
143	4.33424e+06	4.30522e+06	4.22464e+06	8115
144	4.32809e+06	4.29847e+06	4.19378e+06	8115
145	4.31919e+06	4.28968e+06	4.16662e+06	8115
146	4.3093e+06	4.27998e+06	4.16662e+06	8115
147	4.30169e+06	4.27218e+06	4.16662e+06	8115
148	4.29103e+06	4.26413e+06	4.16662e+06	8115
149	4.2844e+06	4.25671e+06	4.15372e+06	8115
150	4.27827e+06	4.251e+06	4.15372e+06	8115
151	4.27222e+06	4.24334e+06	4.11675e+06	8115
152	4.26277e+06	4.23197e+06	4.11675e+06	8115
153	4.25341e+06	4.22326e+06	4.08808e+06	8115
154	4.2464e+06	4.21606e+06	4.08808e+06	8115
155	4.23667e+06	4.20731e+06	4.08808e+06	8115
156	4.22814e+06	4.19663e+06	4.08808e+06	8115
157	4.21702e+06	4.1848e+06	4.07196e+06	8115
158	4.2076e+06	4.17493e+06	4.07196e+06	8115
159	4.1971e+06	4.16708e+06	4.07196e+06	8115
160	4.18696e+06	4.15882e+06	4.07152e+06	8115
161	4.17945e+06	4.1512e+06	4.0194e+06	8115
162	4.17107e+06	4.14259e+06	4.0194e+06	8115
163	4.16425e+06	4.13409e+06	4.01205e+06	8115
164	4.15232e+06	4.12456e+06	3.99443e+06	8115
165	4.14479e+06	4.114e+06	3.99443e+06	8115
166	4.13901e+06	4.10646e+06	3.99443e+06	8115
167	4.12957e+06	4.09633e+06	3.99443e+06	8115
168	4.12085e+06	4.08633e+06	3.99443e+06	8115
169	4.10948e+06	4.07632e+06	3.99443e+06	8115
170	4.09753e+06	4.06739e+06	3.98878e+06	8115
171	4.08641e+06	4.0591e+06	3.94932e+06	8115
172	4.07966e+06	4.0499e+06	3.94932e+06	8115
173	4.07204e+06	4.04216e+06	3.94932e+06	8115
174	4.06149e+06	4.03461e+06	3.94932e+06	8115
175	4.05268e+06	4.02749e+06	3.94932e+06	8115
176	4.04528e+06	4.02216e+06	3.94932e+06	8115
177	4.04005e+06	4.01726e+06	3.94932e+06	8115
178	4.03491e+06	4.01442e+06	3.94932e+06	8115
179	4.02994e+06	4.01066e+06	3.94682e+06	8115
180	4.02444e+06	4.0069e+06	3.93846e+06	8115
181	4.02122e+06	4.00313e+06	3.93846e+06	8115
182	4.01707e+06	3.99918e+06	3.93846e+06	8115
183	4.01391e+06	3.99454e+06	3.89616e+06	8115
184	4.0097e+06	3.98978e+06	3.89616e+06	8115
185	4.00475e+06	3.98541e+06	3.89616e+06	8115
186	4.00039e+06	3.98085e+06	3.89616e+06	8115
187	3.99697e+06	3.97765e+06	3.89616e+06	8115
188	3.99223e+06	3.9731e+06	3.89616e+06	8115
189	3.9888e+06	3.96906e+06	3.86872e+06	8115
190	3.98581e+06	3.96614e+06	3.86872e+06	8115
191	3.9832e+06	3.96301e+06	3.86872e+06	8115
192	3.98073e+06	3.96002e+06	3.86872e+06	8115
193	3.97603e+06	3.95504e+06	3.86872e+06	8115
194	3.97197e+06	3.95104e+06	3.86317e+06	8115
195	3.96635e+06	3.94677e+06	3.86317e+06	8115
196	3.96392e+06	3.94424e+06	3.86317e+06	8115
197	3.961e+06	3.94144e+06	3.86317e+06	8115
198	3.9575e+06	3.93775e+06	3.86317e+06	8115
199	3.95467e+06	3.93524e+06	3.86317e+06	8115
200	3.95122e+06	3.931e+06	3.86317e+06	8115
201	3.94696e+06	3.92672e+06	3.82825e+06	8115
202	3.94268e+06	3.92255e+06	3.82825e+06	8115
203	3.93908e+06	3.91604e+06	3.8192e+06	8115
204	3.93621e+06	3.9123e+06	3.8192e+06	8115
205	3.93244e+06	3.90904e+06	3.8192e+06	8115
206	3.92861e+06	3.90339e+06	3.8192e+06	8115
207	3.92128e+06	3.89639e+06	3.8192e+06	8115
208	3.91602e+06	3.89258e+06	3.8192e+06	8115
209	3.90956e+06	3.88761e+06	3.8192e+06	8115
210	3.90437e+06	3.88426e+06	3.8192e+06	8115
211	3.9006e+06	3.8814e+06	3.80509e+06	8115
212	3.89677e+06	3.87803e+06	3.80509e+06	8115
213	3.89225e+06	3.87385e+06	3.80509e+06	8115
214	3.88888e+06	3.8696e+06	3.80509e+06	8115
215	3.88585e+06	3.86702e+06	3.80509e+06	8115
216	3.88251e+06	3.86348e+06	3.80509e+06	8115
217	3.87929e+06	3.85964e+06	3.80213e+06	8115
218	3.87599e+06	3.85739e+06	3.80213e+06	8115
219	3.87156e+06	3.85312e+06	3.79451e+06	8115
220	3.86952e+06	3.85011e+06	3.79451e+06	8115
221	3.86532e+06	3.84592e+06	3.78606e+06	8115
222	3.86222e+06	3.84251e+06	3.78606e+06	8115
223	3.85952e+06	3.84058e+06	3.78606e+06	8115
224	3.85675e+06	3.83911e+06	3.75108e+06	8115
225	3.85259e+06	3.83295e+06	3.74837e+06	8115
226	3.85067e+06	3.83009e+06	3.74837e+06	8115
227	3.84815e+06	3.82786e+06	3.74837e+06	8115
228	3.84476e+06	3.82556e+06	3.74837e+06	8115
229	3.84187e+06	3.82305e+06	3.74837e+06	8115
230	3.83987e+06	3.8212e+06	3.74837e+06	8115
231	3.83624e+06	3.81848e+06	3.74837e+06	8115
232	3.83426e+06	3.81564e+06	3.74837e+06	8115
233	3.83019e+06	3.81211e+06	3.74286e+06	8115
234	3.82857e+06	3.80999e+06	3.74133e+06	8115
235	3.82665e+06	3.80758e+06	3.73455e+06	8115
236	3.82494e+06	3.80409e+06	3.73455e+06	8115
237	3.82239e+06	3.80121e+06	3.73455e+06	8115
238	3.8191e+06	3.79738e+06	3.68039e+06	8115
239	3.81505e+06	3.79353e+06	3.68039e+06	8115
240	3.81167e+06	3.78921e+06	3.68039e+06	8115
241	3.80704e+06	3.78453e+06	3.68039e+06	8115
242	3.80378e+06	3.78038e+06	3.68039e+06	8115
243	3.7994e+06	3.77571e+06	3.68039e+06	8115
244	3.79611e+06	3.77242e+06	3.68039e+06	8115
245	3.79127e+06	3.76845e+06	3.67019e+06	8115
246	3.78748e+06	3.76377e+06	3.67019e+06	8115
247	3.78402e+06	3.75992e+06	3.67019e+06	8115
248	3.7802e+06	3.75553e+06	3.67019e+06	8115
249	3.77695e+06	3.75146e+06	3.67019e+06	8115
250	3.77174e+06	3.74626e+06	3.64219e+06	8115
251	3.76651e+06	3.74195e+06	3.64219e+06	8115
252	3.76298e+06	3.73729e+06	3.63294e+06	8115
253	3.75998e+06	3.73466e+06	3.63294e+06	8115
254	3.7531e+06	3.7289e+06	3.62377e+06	8115
255	3.74981e+06	3.72352e+06	3.62377e+06	8115
256	3.74681e+06	3.71888e+06	3.62377e+06	8115
257	3.74107e+06	3.714e+06	3.62377e+06	8115
258	3.73521e+06	3.70984e+06	3.62377e+06	8115
259	3.73085e+06	3.70656e+06	3.62377e+06	8115
260	3.72656e+06	3.70086e+06	3.62377e+06	8115
261	3.72352e+06	3.69756e+06	3.62377e+06	8115
262	3.719e+06	3.69325e+06	3.62377e+06	8115
263	3.71358e+06	3.68852e+06	3.62377e+06	8115
264	3.70868e+06	3.68385e+06	3.62377e+06	8115
265	3.70529e+06	3.68085e+06	3.62377e+06	8115
266	3.70091e+06	3.67681e+06	3.62377e+06	8115
267	3.69613e+06	3.67292e+06	3.62377e+06	8115
268	3.69015e+06	3.6682e+06	3.62377e+06	8115
269	3.68526e+06	3.66315e+06	3.59353e+06	8115
270	3.68039e+06	3.65897e+06	3.59353e+06	8115
271	3.6751e+06	3.65409e+06	3.58694e+06	8115
272	3.67078e+06	3.6501e+06	3.58694e+06	8115
273	3.66526e+06	3.64528e+06	3.58694e+06	8115
274	3.66109e+06	3.64162e+06	3.58694e+06	8115
275	3.65379e+06	3.63653e+06	3.56737e+06	8115
276	3.64897e+06	3.6311e+06	3.56737e+06	8115
277	3.6441e+06	3.62696e+06	3.53147e+06	8115
278	3.64102e+06	3.62255e+06	3.53147e+06	8115
279	3.63635e+06	3.619e+06	3.53147e+06	8115
280	3.63244e+06	3.6136e+06	3.53147e+06	8115
281	3.6279e+06	3.60905e+06	3.53147e+06	8115
282	3.62389e+06	3.60266e+06	3.52498e+06	8115
283	3.62046e+06	3.59896e+06	3.52498e+06	8115
284	3.61387e+06	3.59236e+06	3.52498e+06	8115
285	3.60594e+06	3.58761e+06	3.52498e+06	8115
286	3.60063e+06	3.58188e+06	3.51564e+06	8115
287	3.59748e+06	3.57814e+06	3.51564e+06	8115
288	3.59353e+06	3.5744e+06	3.51091e+06	8115
289	3.58897e+06	3.56973e+06	3.51091e+06	8115
290	3.58477e+06	3.56565e+06	3.51091e+06	8115
291	3.57985e+06	3.56122e+06	3.48805e+06	8115
292	3.5739e+06	3.55637e+06	3.48805e+06	8115
293	3.57033e+06	3.553e+06	3.48805e+06	8115
294	3.5671e+06	3.54974e+06	3.48805e+06	8115
295	3.5626e+06	3.5452e+06	3.48293e+06	8115
296	3.5581e+06	3.54203e+06	3.48293e+06	8115
297	3.55429e+06	3.53876e+06	3.48293e+06	8115
298	3.55043e+06	3.53549e+06	3.48293e+06	8115
299	3.54689e+06	3.53238e+06	3.48293e+06	8115
300	3.5443e+06	3.53003e+06	3.48293e+06	8115
301	3.54153e+06	3.52654e+06	3.44957e+06	8115
302	3.53786e+06	3.52348e+06	3.44957e+06	8115
303	3.53538e+06	3.52087e+06	3.44957e+06	8115
304	3.53353e+06	3.51758e+06	3.44957e+06	8115
305	3.53029e+06	3.51421e+06	3.44957e+06	8115
306	3.52531e+06	3.51079e+06	3.44957e+06	8115
307	3.52305e+06	3.50822e+06	3.44394e+06	8115
308	3.5202e+06	3.50497e+06	3.44394e+06	8115
309	3.5168e+06	3.50114e+06	3.44394e+06	8115
310	3.51415e+06	3.49767e+06	3.44394e+06	8115
311	3.51083e+06	3.49437e+06	3.4353e+06	8115
312	3.50756e+06	3.49078e+06	3.4353e+06	8115
313	3.50305e+06	3.48674e+06	3.43476e+06	8115
314	3.50083e+06	3.4833e+06	3.42094e+06	8115
315	3.49726e+06	3.47862e+06	3.41411e+06	8115
316	3.49327e+06	3.47578e+06	3.41411e+06	8115
317	3.48896e+06	3.47101e+06	3.40975e+06	8115
318	3.48648e+06	3.469e+06	3.40975e+06	8115
319	3.4842e+06	3.46575e+06	3.40742e+06	8115
320	3.48059e+06	3.46156e+06	3.37575e+06	8115
321	3.47734e+06	3.45768e+06	3.37351e+06	8115
322	3.47395e+06	3.45384e+06	3.37143e+06	8115
323	3.46963e+06	3.45085e+06	3.37143e+06	8115
324	3.46549e+06	3.44704e+06	3.36449e+06	8115
325	3.46027e+06	3.44226e+06	3.36449e+06	8115
326	3.45577e+06	3.43904e+06	3.36449e+06	8115
327	3.45325e+06	3.43617e+06	3.36449e+06	8115
328	3.45019e+06	3.43282e+06	3.36449e+06	8115
329	3.44721e+06	3.42997e+06	3.36449e+06	8115
330	3.44432e+06	3.42694e+06	3.3612e+06	8115
331	3.4405e+06	3.42328e+06	3.3612e+06	8115
332	3.4375e+06	3.4205e+06	3.3612e+06	8115
333	3.4332e+06	3.41651e+06	3.3612e+06	8115
334	3.42962e+06	3.41156e+06	3.35714e+06	8115
335	3.42645e+06	3.40848e+06	3.35714e+06	8115
336	3.42374e+06	3.40579e+06	3.35714e+06	8115
337	3.42052e+06	3.40257e+06	3.35714e+06	8115
338	3.41753e+06	3.40066e+06	3.35714e+06	8115
339	3.41479e+06	3.39907e+06	3.35714e+06	8115
340	3.41265e+06	3.39578e+06	3.35211e+06	8115
341	3.41019e+06	3.39352e+06	3.35211e+06	8115
342	3.40693e+06	3.39016e+06	3.34991e+06	8115
343	3.40471e+06	3.38745e+06	3.33765e+06	8115
344	3.39984e+06	3.38363e+06	3.32723e+06	8115
345	3.3974e+06	3.38114e+06	3.32723e+06	8115
346	3.39475e+06	3.37931e+06	3.32723e+06	8115
347	3.39233e+06	3.37736e+06	3.32723e+06	8115
348	3.38999e+06	3.37422e+06	3.32723e+06	8115
349	3.3867e+06	3.3713e+06	3.32723e+06	8115
350	3.38414e+06	3.36889e+06	3.32723e+06	8115
351	3.38139e+06	3.36656e+06	3.32723e+06	8115
352	3.37907e+06	3.36321e+06	3.30526e+06	8115
353	3.37631e+06	3.35969e+06	3.30111e+06	8115
354	3.37323e+06	3.35647e+06	3.29739e+06	8115
355	3.37076e+06	3.35301e+06	3.28355e+06	8115
356	3.36899e+06	3.35061e+06	3.26928e+06	8115
357	3.36439e+06	3.34578e+06	3.26928e+06	8115
358	3.36124e+06	3.3413e+06	3.26928e+06	8115
359	3.35601e+06	3.33646e+06	3.24937e+06	8115
360	3.35258e+06	3.33292e+06	3.24937e+06	8115
361	3.34876e+06	3.32798e+06	3.24937e+06	8115
362	3.34443e+06	3.32386e+06	3.24937e+06	8115
363	3.34109e+06	3.32061e+06	3.24937e+06	8115
364	3.3386e+06	3.31842e+06	3.24937e+06	8115
365	3.33656e+06	3.31545e+06	3.24937e+06	8115
366	3.33146e+06	3.31128e+06	3.24937e+06	8115
367	3.32701e+06	3.3079e+06	3.24937e+06	8115
368	3.32403e+06	3.30328e+06	3.23728e+06	8115
369	3.32094e+06	3.2995e+06	3.23728e+06	8115
370	3.316e+06	3.29567e+06	3.23041e+06	8115
371	3.31113e+06	3.29128e+06	3.23041e+06	8115
372	3.30805e+06	3.28738e+06	3.18587e+06	8115
373	3.30475e+06	3.2826e+06	3.18587e+06	8115
374	3.30096e+06	3.27917e+06	3.18587e+06	8115
375	3.29529e+06	3.27523e+06	3.18587e+06	8115
376	3.2918e+06	3.27171e+06	3.18587e+06	8115
377	3.28819e+06	3.26924e+06	3.18587e+06	8115
378	3.28393e+06	3.26594e+06	3.18587e+06	8115
379	3.28035e+06	3.26142e+06	3.18587e+06	8115
380	3.27557e+06	3.25637e+06	3.18587e+06	8115
381	3.27045e+06	3.25304e+06	3.18587e+06	8115
382	3.26736e+06	3.24925e+06	3.18587e+06	8115
383	3.26355e+06	3.24574e+06	3.18587e+06	8115
384	3.25814e+06	3.24084e+06	3.18587e+06	8115
385	3.25367e+06	3.23797e+06	3.18587e+06	8115
386	3.25026e+06	3.23484e+06	3.17719e+06	8115
387	3.24736e+06	3.23056e+06	3.17719e+06	8115
388	3.24221e+06	3.22653e+06	3.17719e+06	8115
389	3.23828e+06	3.22347e+06	3.1657e+06	8115
390	3.23538e+06	3.22061e+06	3.1657e+06	8115
391	3.2326e+06	3.21734e+06	3.16562e+06	8115
392	3.22934e+06	3.21479e+06	3.16427e+06	8115
393	3.2264e+06	3.2115e+06	3.16427e+06	8115
394	3.22396e+06	3.20851e+06	3.16427e+06	8115
395	3.21969e+06	3.2047e+06	3.13684e+06	8115
396	3.21704e+06	3.20104e+06	3.13684e+06	8115
397	3.21379e+06	3.19786e+06	3.13684e+06	8115
398	3.21159e+06	3.1952e+06	3.08788e+06	8115
399	3.20781e+06	3.19103e+06	3.08788e+06	8115
0	6.61903e+06	6.28561e+06	6.00916e+06	8647
1	6.27806e+06	6.19527e+06	5.992e+06	8647
2	6.20305e+06	6.13269e+06	5.917e+06	8647
3	6.14766e+06	6.08227e+06	5.8527e+06	8647
4	6.10258e+06	6.03887e+06	5.8527e+06	8647
5	6.06171e+06	6.00638e+06	5.8527e+06	8647
6	6.03038e+06	5.9732e+06	5.72644e+06	8647
7	6.00008e+06	5.93973e+06	5.70575e+06	8647
8	5.97135e+06	5.90452e+06	5.66868e+06	8647
9	5.93712e+06	5.87799e+06	5.66194e+06	8647
10	5.9066e+06	5.85251e+06	5.61592e+06	8647
11	5.88122e+06	5.82645e+06	5.61592e+06	8647
12	5.85561e+06	5.80006e+06	5.61592e+06	8647
13	5.83044e+06	5.7745e+06	5.61592e+06	8647
14	5.80402e+06	5.74956e+06	5.50918e+06	8647
15	5.77864e+06	5.7185e+06	5.50918e+06	8647
16	5.75067e+06	5.68835e+06	5.49728e+06	8647
17	5.72172e+06	5.66517e+06	5.47892e+06	8647
18	5.69095e+06	5.64012e+06	5.47892e+06	8647
19	5.66454e+06	5.6175e+06	5.47892e+06	8647
20	5.63992e+06	5.59659e+06	5.41243e+06	8647
21	5.61963e+06	5.57568e+06	5.41243e+06	8647
22	5.5962e+06	5.55501e+06	5.41243e+06	8647
23	5.58045e+06	5.53712e+06	5.37138e+06	8647
24	5.56444e+06	5.51623e+06	5.32407e+06	8647
25	5.54665e+06	5.49462e+06	5.31241e+06	8647
26	5.52611e+06	5.47537e+06	5.31241e+06	8647
27	5.50488e+06	5.45725e+06	5.29424e+06	8647
28	5.48613e+06	5.44128e+06	5.29424e+06	8647
29	5.46772e+06	5.42338e+06	5.25726e+06	8647
30	5.45071e+06	5.40756e+06	5.21761e+06	8647
31	5.43461e+06	5.39241e+06	5.21761e+06	8647
32	5.4157e+06	5.37349e+06	5.21761e+06	8647
33	5.40125e+06	5.35833e+06	5.21761e+06	8647
34	5.37908e+06	5.33873e+06	5.21761e+06	8647
35	5.36261e+06	5.32457e+06	5.21761e+06	8647
36	5.347e+06	5.31506e+06	5.21761e+06	8647
37	5.3372e+06	5.30559e+06	5.21761e+06	8647
38	5.32579e+06	5.29429e+06	5.19131e+06	8647
39	5.31691e+06	5.28411e+06	5.18862e+06	8647
40	5.30415e+06	5.26886e+06	5.16522e+06	8647
41	5.29094e+06	5.25549e+06	5.15287e+06	8647
42	5.27826e+06	5.24343e+06	5.14948e+06	8647
43	5.27122e+06	5.2339e+06	5.14948e+06	8647
44	5.25848e+06	5.22436e+06	5.14948e+06	8647
45	5.24915e+06	5.21373e+06	5.11544e+06	8647
46	5.23749e+06	5.20329e+06	5.08451e+06	8647
47	5.22552e+06	5.19107e+06	5.08451e+06	8647
48	5.21203e+06	5.18045e+06	5.06939e+06	8647
49	5.201e+06	5.16859e+06	5.06939e+06	8647
50	5.19119e+06	5.15941e+06	5.06939e+06	8647
51	5.18113e+06	5.14774e+06	5.04532e+06	8647
52	5.16862e+06	5.13517e+06	4.99024e+06	8647
53	5.15977e+06	5.12412e+06	4.99024e+06	8647
54	5.14968e+06	5.11534e+06	4.99024e+06	8647
55	5.1405e+06	5.10333e+06	4.98348e+06	8647
56	5.12765e+06	5.08898e+06	4.97506e+06	8647
57	5.1161e+06	5.07772e+06	4.97506e+06	8647
58	5.10132e+06	5.06836e+06	4.97258e+06	8647
59	5.0911e+06	5.05922e+06	4.97258e+06	8647
60	5.08152e+06	5.04587e+06	4.85191e+06	8647
61	5.06946e+06	5.03455e+06	4.85191e+06	8647
62	5.06193e+06	5.0255e+06	4.85191e+06	8647
63	5.04723e+06	5.01411e+06	4.85191e+06	8647
64	5.03941e+06	5.00601e+06	4.85191e+06	8647
65	5.03152e+06	4.99591e+06	4.85191e+06	8647
66	5.02108e+06	4.98858e+06	4.85191e+06	8647
67	5.01248e+06	4.98025e+06	4.85191e+06	8647
68	5.00226e+06	4.97006e+06	4.85191e+06	8647
69	4.99215e+06	4.96231e+06	4.85191e+06	8647
70	4.98549e+06	4.95527e+06	4.85092e+06	8647
71	4.97778e+06	4.94701e+06	4.84731e+06	8647
72	4.97253e+06	4.93931e+06	4.81016e+06	8647
73	4.96182e+06	4.93015e+06	4.81016e+06	8647
74	4.95055e+06	4.92e+06	4.79e+06	8647
75	4.9446e+06	4.9139e+06	4.79e+06	8647
76	4.93626e+06	4.90902e+06	4.79e+06	8647
77	4.93059e+06	4.90024e+06	4.78826e+06	8647
78	4.92263e+06	4.89152e+06	4.76869e+06	8647
79	4.91802e+06	4.88636e+06	4.76661e+06	8647
80	4.91013e+06	4.87805e+06	4.71504e+06	8647
81	4.90442e+06	4.87102e+06	4.71504e+06	8647
82	4.89629e+06	4.86168e+06	4.71504e+06	8647
83	4.88581e+06	4.84986e+06	4.71504e+06	8647
84	4.8777e+06	4.84167e+06	4.71504e+06	8647
85	4.87118e+06	4.83352e+06	4.71504e+06	8647
86	4.85882e+06	4.8214e+06	4.70971e+06	8647
87	4.84848e+06	4.81044e+06	4.70971e+06	8647
88	4.83754e+06	4.79933e+06	4.68627e+06	8647
89	4.82523e+06	4.78529e+06	4.68627e+06	8647
90	4.80723e+06	4.76764e+06	4.66942e+06	8647
91	4.78766e+06	4.7479e+06	4.57428e+06	8647
92	4.76944e+06	4.73906e+06	4.57428e+06	8647
93	4.75542e+06	4.72458e+06	4.57428e+06	8647
94	4.74451e+06	4.71312e+06	4.57428e+06	8647
95	4.73154e+06	4.70133e+06	4.57428e+06	8647
96	4.71956e+06	4.68396e+06	4.57428e+06	8647
97	4.70342e+06	4.66721e+06	4.56962e+06	8647
98	4.68862e+06	4.65525e+06	4.56786e+06	8647
99	4.67479e+06	4.6412e+06	4.49927e+06	8647
100	4.66124e+06	4.6273e+06	4.49927e+06	8647
101	4.64722e+06	4.6142e+06	4.4879e+06	8647
102	4.63109e+06	4.59925e+06	4.4879e+06	8647
103	4.61415e+06	4.58599e+06	4.45803e+06	8647
104	4.60473e+06	4.57411e+06	4.45803e+06	8647
105	4.59212e+06	4.56277e+06	4.45803e+06	8647
106	4.58119e+06	4.55319e+06	4.45803e+06	8647
107	4.57067e+06	4.54171e+06	4.45803e+06	8647
108	4.55812e+06	4.5318e+06	4.45551e+06	8647
109	4.54837e+06	4.52275e+06	4.44408e+06	8647
110	4.54027e+06	4.51341e+06	4.44377e+06	8647
111	4.53191e+06	4.50519e+06	4.44377e+06	8647
112	4.52217e+06	4.49757e+06	4.42403e+06	8647
113	4.51367e+06	4.49118e+06	4.42403e+06	8647
114	4.50753e+06	4.4857e+06	4.42403e+06	8647
115	4.5032e+06	4.48125e+06	4.40667e+06	8647
116	4.49784e+06	4.4767e+06	4.40667e+06	8647
117	4.4919e+06	4.47129e+06	4.40667e+06	8647
118	4.48644e+06	4.46479e+06	4.40107e+06	8647
119	4.48111e+06	4.45878e+06	4.39776e+06	8647
120	4.47396e+06	4.45186e+06	4.36174e+06	8647
121	4.46717e+06	4.44594e+06	4.36174e+06	8647
122	4.46051e+06	4.43965e+06	4.36174e+06	8647
123	4.45668e+06	4.43468e+06	4.31649e+06	8647
124	4.45075e+06	4.42862e+06	4.31347e+06	8647
125	4.44592e+06	4.42367e+06	4.31347e+06	8647
126	4.44013e+06	4.4177e+06	4.31347e+06	8647
127	4.4316e+06	4.40875e+06	4.31347e+06	8647
128	4.42609e+06	4.40236e+06	4.31347e+06	8647
129	4.42028e+06	4.39465e+06	4.31347e+06	8647
130	4.41233e+06	4.38741e+06	4.3084e+06	8647
131	4.4045e+06	4.37849e+06	4.3084e+06	8647
132	4.39734e+06	4.37119e+06	4.25902e+06	8647
133	4.39024e+06	4.36565e+06	4.25902e+06	8647
134	4.3822e+06	4.35719e+06	4.25902e+06	8647
135	4.37486e+06	4.35006e+06	4.25823e+06	8647
136	4.36666e+06	4.34429e+06	4.2562e+06	8647
137	4.36153e+06	4.33675e+06	4.2427e+06	8647
138	4.35394e+06	4.32878e+06	4.2427e+06	8647
139	4.34521e+06	4.32021e+06	4.2427e+06	8647
140	4.33696e+06	4.31251e+06	4.2427e+06	8647
141	4.33001e+06	4.30751e+06	4.2427e+06	8647
142	4.32425e+06	4.30263e+06	4.2427e+06	8647
143	4.31591e+06	4.29417e+06	4.22391e+06	8647
