0	6.10953e+06	5.85577e+06	5.64494e+06	3520
1	5.85124e+06	5.75739e+06	5.46724e+06	3520
2	5.77254e+06	5.69599e+06	5.46724e+06	3520
3	5.71949e+06	5.65631e+06	5.46724e+06	3520
4	5.67465e+06	5.61609e+06	5.42254e+06	3520
5	5.64135e+06	5.57937e+06	5.3695e+06	3520
6	5.60087e+06	5.53708e+06	5.34936e+06	3520
7	5.56062e+06	5.50118e+06	5.34936e+06	3520
8	5.53186e+06	5.47379e+06	5.31861e+06	3520
9	5.50233e+06	5.44739e+06	5.31861e+06	3520
10	5.47829e+06	5.42609e+06	5.31861e+06	3520
11	5.45162e+06	5.4066e+06	5.27178e+06	3520
12	5.42777e+06	5.38592e+06	5.26594e+06	3520
13	5.40977e+06	5.3722e+06	5.2122e+06	3520
14	5.39565e+06	5.35729e+06	5.2122e+06	3520
15	5.38663e+06	5.34913e+06	5.17057e+06	3520
16	5.3707e+06	5.33472e+06	5.17057e+06	3520
17	5.36005e+06	5.32113e+06	5.17057e+06	3520
18	5.34402e+06	5.30509e+06	5.17057e+06	3520
19	5.33206e+06	5.29078e+06	5.16761e+06	3520
20	5.3209e+06	5.27836e+06	5.12119e+06	3520
21	5.30533e+06	5.26356e+06	5.12119e+06	3520
22	5.29116e+06	5.24952e+06	5.1208e+06	3520
23	5.27529e+06	5.23209e+06	5.1208e+06	3520
24	5.25978e+06	5.21531e+06	5.06324e+06	3520
25	5.24517e+06	5.20355e+06	5.06324e+06	3520
26	5.22788e+06	5.18901e+06	5.06324e+06	3520
27	5.21098e+06	5.1757e+06	5.06324e+06	3520
28	5.19771e+06	5.16217e+06	5.02638e+06	3520
29	5.18689e+06	5.14942e+06	4.99725e+06	3520
30	5.17371e+06	5.12769e+06	4.94438e+06	3520
31	5.15453e+06	5.10297e+06	4.89178e+06	3520
32	5.13701e+06	5.08151e+06	4.89178e+06	3520
33	5.11415e+06	5.06461e+06	4.89178e+06	3520
34	5.09207e+06	5.04335e+06	4.88149e+06	3520
35	5.06995e+06	5.01959e+06	4.88149e+06	3520
36	5.05007e+06	4.99917e+06	4.86007e+06	3520
37	5.02746e+06	4.97559e+06	4.84254e+06	3520
38	5.00924e+06	4.95845e+06	4.83468e+06	3520
39	4.98805e+06	4.94428e+06	4.83468e+06	3520
40	4.97559e+06	4.93108e+06	4.83283e+06	3520
41	4.9531e+06	4.91615e+06	4.80214e+06	3520
42	4.94314e+06	4.90647e+06	4.80214e+06	3520
43	4.93003e+06	4.8942e+06	4.80214e+06	3520
44	4.9175e+06	4.88528e+06	4.79521e+06	3520
45	4.90407e+06	4.87534e+06	4.77263e+06	3520
46	4.89496e+06	4.86624e+06	4.73493e+06	3520
47	4.88521e+06	4.85388e+06	4.73493e+06	3520
48	4.87721e+06	4.84644e+06	4.73493e+06	3520
49	4.87047e+06	4.83383e+06	4.70763e+06	3520
50	4.85747e+06	4.82235e+06	4.70763e+06	3520
51	4.8465e+06	4.8117e+06	4.70763e+06	3520
52	4.83902e+06	4.80229e+06	4.70763e+06	3520
53	4.82688e+06	4.79341e+06	4.70763e+06	3520
54	4.81665e+06	4.78234e+06	4.6246e+06	3520
55	4.8073e+06	4.77394e+06	4.6246e+06	3520
56	4.79701e+06	4.76376e+06	4.61739e+06	3520
57	4.78607e+06	4.75313e+06	4.61739e+06	3520
58	4.77523e+06	4.7426e+06	4.61739e+06	3520
59	4.76331e+06	4.73067e+06	4.61739e+06	3520
60	4.75421e+06	4.7194e+06	4.61739e+06	3520
61	4.74507e+06	4.71059e+06	4.61739e+06	3520
62	4.73752e+06	4.70008e+06	4.53563e+06	3520
63	4.72853e+06	4.69133e+06	4.53563e+06	3520
64	4.7187e+06	4.68101e+06	4.53563e+06	3520
65	4.70863e+06	4.66915e+06	4.53563e+06	3520
66	4.69807e+06	4.65885e+06	4.41777e+06	3520
67	4.68847e+06	4.65101e+06	4.41777e+06	3520
68	4.67412e+06	4.63828e+06	4.41777e+06	3520
69	4.6642e+06	4.62838e+06	4.41777e+06	3520
70	4.65156e+06	4.61867e+06	4.41777e+06	3520
71	4.64293e+06	4.61083e+06	4.41777e+06	3520
72	4.63374e+06	4.59943e+06	4.41777e+06	3520
73	4.62448e+06	4.58731e+06	4.41777e+06	3520
74	4.61736e+06	4.57688e+06	4.40726e+06	3520
75	4.60357e+06	4.56154e+06	4.40726e+06	3520
76	4.59116e+06	4.54977e+06	4.40726e+06	3520
77	4.57446e+06	4.53708e+06	4.40726e+06	3520
78	4.56363e+06	4.52704e+06	4.40726e+06	3520
79	4.55289e+06	4.51747e+06	4.40726e+06	3520
80	4.54077e+06	4.50827e+06	4.40726e+06	3520
81	4.53238e+06	4.50092e+06	4.40726e+06	3520
82	4.52035e+06	4.48969e+06	4.39481e+06	3520
83	4.50804e+06	4.48057e+06	4.32766e+06	3520
84	4.50345e+06	4.47345e+06	4.32766e+06	3520
85	4.49549e+06	4.46538e+06	4.32766e+06	3520
86	4.48562e+06	4.45781e+06	4.32766e+06	3520
87	4.47954e+06	4.45103e+06	4.32766e+06	3520
88	4.47147e+06	4.44485e+06	4.32766e+06	3520
89	4.46496e+06	4.43894e+06	4.32766e+06	3520
90	4.45699e+06	4.43144e+06	4.30566e+06	3520
91	4.44957e+06	4.42424e+06	4.30566e+06	3520
92	4.44104e+06	4.41726e+06	4.30566e+06	3520
93	4.43408e+06	4.40952e+06	4.30566e+06	3520
94	4.42609e+06	4.40059e+06	4.29791e+06	3520
95	4.41967e+06	4.39246e+06	4.24877e+06	3520
96	4.41348e+06	4.38473e+06	4.24877e+06	3520
97	4.40818e+06	4.3799e+06	4.24877e+06	3520
98	4.40142e+06	4.37178e+06	4.24877e+06	3520
99	4.39339e+06	4.36427e+06	4.24877e+06	3520
100	4.38386e+06	4.35427e+06	4.23854e+06	3520
101	4.37741e+06	4.34748e+06	4.23854e+06	3520
102	4.36869e+06	4.33672e+06	4.23087e+06	3520
103	4.35718e+06	4.3259e+06	4.23087e+06	3520
104	4.34628e+06	4.31234e+06	4.20842e+06	3520
105	4.32751e+06	4.29737e+06	4.20842e+06	3520
106	4.31488e+06	4.28495e+06	4.18057e+06	3520
107	4.30164e+06	4.27144e+06	4.17041e+06	3520
108	4.29038e+06	4.26107e+06	4.17041e+06	3520
109	4.27767e+06	4.24769e+06	4.14194e+06	3520
110	4.26348e+06	4.23602e+06	4.14194e+06	3520
111	4.25059e+06	4.22547e+06	4.07232e+06	3520
112	4.24282e+06	4.21708e+06	4.07232e+06	3520
113	4.23491e+06	4.20591e+06	4.033e+06	3520
114	4.22375e+06	4.19418e+06	4.033e+06	3520
115	4.21133e+06	4.18258e+06	4.033e+06	3520
116	4.19827e+06	4.16887e+06	4.033e+06	3520
117	4.18967e+06	4.15776e+06	4.033e+06	3520
118	4.17639e+06	4.14239e+06	4.033e+06	3520
119	4.16299e+06	4.12882e+06	4.033e+06	3520
120	4.1491e+06	4.11455e+06	4.02458e+06	3520
121	4.13087e+06	4.10096e+06	4.01593e+06	3520
122	4.11396e+06	4.08733e+06	4.0056e+06	3520
123	4.1017e+06	4.07745e+06	4.0056e+06	3520
124	4.09093e+06	4.0677e+06	4.0056e+06	3520
125	4.08007e+06	4.05798e+06	3.97486e+06	3520
126	4.07242e+06	4.04991e+06	3.97486e+06	3520
127	4.06473e+06	4.04217e+06	3.97486e+06	3520
128	4.05515e+06	4.03338e+06	3.97486e+06	3520
129	4.04698e+06	4.02527e+06	3.96758e+06	3520
130	4.0378e+06	4.01853e+06	3.95849e+06	3520
131	4.03089e+06	4.01211e+06	3.9503e+06	3520
132	4.0251e+06	4.00566e+06	3.94593e+06	3520
133	4.02018e+06	3.99982e+06	3.93916e+06	3520
134	4.01428e+06	3.99324e+06	3.89176e+06	3520
135	4.0069e+06	3.98606e+06	3.89176e+06	3520
136	4.00084e+06	3.97836e+06	3.89176e+06	3520
137	3.99332e+06	3.97014e+06	3.89176e+06	3520
138	3.98747e+06	3.96405e+06	3.89176e+06	3520
139	3.98059e+06	3.95716e+06	3.87896e+06	3520
140	3.97263e+06	3.94964e+06	3.87164e+06	3520
141	3.96626e+06	3.94319e+06	3.87164e+06	3520
142	3.95884e+06	3.93514e+06	3.85291e+06	3520
143	3.95078e+06	3.92762e+06	3.83266e+06	3520
144	3.946e+06	3.9221e+06	3.83266e+06	3520
145	3.93913e+06	3.915e+06	3.83266e+06	3520
146	3.93189e+06	3.9094e+06	3.83266e+06	3520
147	3.92469e+06	3.90364e+06	3.83266e+06	3520
148	3.91947e+06	3.89718e+06	3.82721e+06	3520
149	3.91507e+06	3.89165e+06	3.82721e+06	3520
150	3.90682e+06	3.88521e+06	3.78461e+06	3520
151	3.90173e+06	3.87894e+06	3.78461e+06	3520
152	3.89603e+06	3.87221e+06	3.77259e+06	3520
153	3.89135e+06	3.86478e+06	3.77259e+06	3520
154	3.88348e+06	3.85776e+06	3.75313e+06	3520
155	3.87712e+06	3.85034e+06	3.74176e+06	3520
156	3.86927e+06	3.845e+06	3.74176e+06	3520
157	3.86151e+06	3.83626e+06	3.74176e+06	3520
158	3.85491e+06	3.83122e+06	3.74176e+06	3520
159	3.85035e+06	3.82506e+06	3.74176e+06	3520
160	3.8446e+06	3.81767e+06	3.72819e+06	3520
161	3.83767e+06	3.81002e+06	3.72819e+06	3520
162	3.83046e+06	3.80301e+06	3.72819e+06	3520
163	3.82232e+06	3.79606e+06	3.72819e+06	3520
164	3.81248e+06	3.78787e+06	3.72416e+06	3520
165	3.80542e+06	3.78286e+06	3.72416e+06	3520
166	3.79756e+06	3.77631e+06	3.71949e+06	3520
167	3.79089e+06	3.76956e+06	3.71548e+06	3520
168	3.78504e+06	3.76352e+06	3.68019e+06	3520
169	3.77825e+06	3.75583e+06	3.6748e+06	3520
170	3.77318e+06	3.75007e+06	3.6748e+06	3520
171	3.76701e+06	3.74295e+06	3.64878e+06	3520
172	3.75988e+06	3.73444e+06	3.64878e+06	3520
173	3.75184e+06	3.72801e+06	3.62233e+06	3520
174	3.7441e+06	3.7217e+06	3.62233e+06	3520
175	3.73854e+06	3.71422e+06	3.62233e+06	3520
176	3.73102e+06	3.70645e+06	3.62233e+06	3520
177	3.72404e+06	3.69922e+06	3.62233e+06	3520
178	3.71557e+06	3.69241e+06	3.61498e+06	3520
179	3.7083e+06	3.68506e+06	3.57255e+06	3520
180	3.69973e+06	3.67713e+06	3.57255e+06	3520
181	3.69175e+06	3.6689e+06	3.57255e+06	3520
182	3.6859e+06	3.664e+06	3.57255e+06	3520
183	3.68059e+06	3.65689e+06	3.54343e+06	3520
184	3.67334e+06	3.65084e+06	3.54343e+06	3520
185	3.66578e+06	3.64575e+06	3.54343e+06	3520
186	3.65975e+06	3.63906e+06	3.54343e+06	3520
187	3.65439e+06	3.63433e+06	3.54343e+06	3520
188	3.64977e+06	3.6286e+06	3.54343e+06	3520
189	3.64377e+06	3.62245e+06	3.54343e+06	3520
190	3.63779e+06	3.61829e+06	3.54343e+06	3520
191	3.63252e+06	3.61327e+06	3.54343e+06	3520
192	3.62812e+06	3.60948e+06	3.54343e+06	3520
193	3.62355e+06	3.6043e+06	3.51091e+06	3520
194	3.6177e+06	3.59805e+06	3.51091e+06	3520
195	3.61398e+06	3.59403e+06	3.51091e+06	3520
196	3.60875e+06	3.58988e+06	3.51091e+06	3520
197	3.60446e+06	3.58567e+06	3.51091e+06	3520
198	3.60147e+06	3.58169e+06	3.51091e+06	3520
199	3.59772e+06	3.57685e+06	3.51091e+06	3520
200	3.59121e+06	3.57222e+06	3.51091e+06	3520
201	3.58806e+06	3.56883e+06	3.51091e+06	3520
202	3.58518e+06	3.56434e+06	3.48627e+06	3520
203	3.5806e+06	3.55902e+06	3.48627e+06	3520
204	3.57647e+06	3.55451e+06	3.48627e+06	3520
205	3.57138e+06	3.55066e+06	3.48627e+06	3520
206	3.56757e+06	3.54609e+06	3.48627e+06	3520
207	3.56128e+06	3.54151e+06	3.48627e+06	3520
208	3.55565e+06	3.53717e+06	3.48627e+06	3520
209	3.55108e+06	3.53301e+06	3.47255e+06	3520
210	3.54634e+06	3.52867e+06	3.46333e+06	3520
211	3.54239e+06	3.52505e+06	3.46333e+06	3520
212	3.53942e+06	3.52093e+06	3.46333e+06	3520
213	3.53643e+06	3.51702e+06	3.46333e+06	3520
214	3.53325e+06	3.51354e+06	3.42445e+06	3520
215	3.52862e+06	3.50915e+06	3.42445e+06	3520
216	3.52562e+06	3.50645e+06	3.42445e+06	3520
217	3.52217e+06	3.50224e+06	3.42445e+06	3520
218	3.51995e+06	3.49836e+06	3.42445e+06	3520
219	3.51592e+06	3.49575e+06	3.42445e+06	3520
220	3.51128e+06	3.49203e+06	3.42445e+06	3520
221	3.5086e+06	3.48966e+06	3.42445e+06	3520
222	3.50492e+06	3.48585e+06	3.42445e+06	3520
223	3.50211e+06	3.48258e+06	3.42445e+06	3520
224	3.4982e+06	3.4797e+06	3.42445e+06	3520
225	3.49489e+06	3.47587e+06	3.40625e+06	3520
226	3.49162e+06	3.47262e+06	3.36768e+06	3520
227	3.48805e+06	3.46924e+06	3.36768e+06	3520
228	3.48531e+06	3.46586e+06	3.36768e+06	3520
229	3.48194e+06	3.46301e+06	3.36768e+06	3520
230	3.47805e+06	3.46043e+06	3.36768e+06	3520
231	3.47529e+06	3.45544e+06	3.3632e+06	3520
232	3.47181e+06	3.45106e+06	3.3632e+06	3520
233	3.4684e+06	3.44591e+06	3.3632e+06	3520
234	3.46394e+06	3.44061e+06	3.3632e+06	3520
235	3.4589e+06	3.43592e+06	3.3632e+06	3520
236	3.45379e+06	3.43163e+06	3.3632e+06	3520
237	3.44757e+06	3.42698e+06	3.3632e+06	3520
238	3.44462e+06	3.42353e+06	3.36253e+06	3520
239	3.44128e+06	3.41988e+06	3.36253e+06	3520
240	3.43618e+06	3.41377e+06	3.34826e+06	3520
241	3.43248e+06	3.40948e+06	3.34826e+06	3520
242	3.42679e+06	3.40554e+06	3.3476e+06	3520
243	3.42219e+06	3.39903e+06	3.34394e+06	3520
244	3.41657e+06	3.39375e+06	3.28387e+06	3520
245	3.41041e+06	3.38785e+06	3.28387e+06	3520
246	3.40509e+06	3.38485e+06	3.28387e+06	3520
247	3.40086e+06	3.37914e+06	3.28387e+06	3520
248	3.39486e+06	3.37401e+06	3.28387e+06	3520
249	3.38852e+06	3.3701e+06	3.28387e+06	3520
250	3.38463e+06	3.36684e+06	3.28387e+06	3520
251	3.38135e+06	3.36399e+06	3.28387e+06	3520
252	3.37763e+06	3.36193e+06	3.28387e+06	3520
253	3.37461e+06	3.35814e+06	3.28387e+06	3520
254	3.3724e+06	3.35521e+06	3.26598e+06	3520
255	3.37025e+06	3.35235e+06	3.26598e+06	3520
256	3.36811e+06	3.34968e+06	3.26598e+06	3520
257	3.36471e+06	3.34621e+06	3.26598e+06	3520
258	3.36185e+06	3.34357e+06	3.26598e+06	3520
259	3.35675e+06	3.33891e+06	3.26598e+06	3520
260	3.35274e+06	3.33624e+06	3.26598e+06	3520
261	3.34937e+06	3.33313e+06	3.26598e+06	3520
262	3.34694e+06	3.33011e+06	3.26598e+06	3520
263	3.34394e+06	3.3276e+06	3.26598e+06	3520
264	3.34154e+06	3.32473e+06	3.26598e+06	3520
265	3.33881e+06	3.32261e+06	3.26598e+06	3520
266	3.33584e+06	3.3202e+06	3.26431e+06	3520
267	3.33336e+06	3.31773e+06	3.26431e+06	3520
268	3.33035e+06	3.31475e+06	3.26431e+06	3520
269	3.32831e+06	3.31254e+06	3.25709e+06	3520
270	3.32515e+06	3.31053e+06	3.25709e+06	3520
271	3.32277e+06	3.30832e+06	3.25709e+06	3520
272	3.32068e+06	3.30559e+06	3.24305e+06	3520
273	3.31841e+06	3.30287e+06	3.24305e+06	3520
274	3.31603e+06	3.29981e+06	3.24305e+06	3520
275	3.31351e+06	3.29698e+06	3.24305e+06	3520
276	3.3111e+06	3.29467e+06	3.24305e+06	3520
277	3.30791e+06	3.29296e+06	3.24305e+06	3520
278	3.30646e+06	3.29017e+06	3.22924e+06	3520
279	3.30258e+06	3.28738e+06	3.22924e+06	3520
280	3.3003e+06	3.285e+06	3.22316e+06	3520
281	3.29818e+06	3.28265e+06	3.22316e+06	3520
282	3.29497e+06	3.27936e+06	3.22316e+06	3520
283	3.29321e+06	3.278e+06	3.22316e+06	3520
284	3.28991e+06	3.27411e+06	3.22316e+06	3520
285	3.2871e+06	3.27096e+06	3.20017e+06	3520
286	3.28379e+06	3.26811e+06	3.20017e+06	3520
287	3.28058e+06	3.26537e+06	3.20017e+06	3520
288	3.27746e+06	3.26198e+06	3.20017e+06	3520
289	3.2742e+06	3.25917e+06	3.20017e+06	3520
290	3.27219e+06	3.25706e+06	3.20017e+06	3520
291	3.26892e+06	3.25451e+06	3.20017e+06	3520
292	3.26648e+06	3.25293e+06	3.20017e+06	3520
293	3.26406e+06	3.25076e+06	3.20017e+06	3520
294	3.26246e+06	3.24845e+06	3.20017e+06	3520
295	3.26032e+06	3.24576e+06	3.20017e+06	3520
296	3.25858e+06	3.24389e+06	3.20017e+06	3520
297	3.25634e+06	3.24131e+06	3.18561e+06	3520
298	3.25448e+06	3.23929e+06	3.18561e+06	3520
299	3.25215e+06	3.2362e+06	3.18561e+06	3520
300	3.24948e+06	3.23418e+06	3.18561e+06	3520
301	3.24766e+06	3.23202e+06	3.18561e+06	3520
302	3.24436e+06	3.22857e+06	3.17243e+06	3520
303	3.24166e+06	3.22608e+06	3.17243e+06	3520
304	3.23795e+06	3.22255e+06	3.17066e+06	3520
305	3.23592e+06	3.22023e+06	3.16845e+06	3520
306	3.23299e+06	3.2171e+06	3.16845e+06	3520
307	3.22945e+06	3.21385e+06	3.16845e+06	3520
308	3.22614e+06	3.21092e+06	3.16845e+06	3520
309	3.22374e+06	3.20883e+06	3.16845e+06	3520
310	3.22098e+06	3.20615e+06	3.16845e+06	3520
311	3.21891e+06	3.2042e+06	3.16479e+06	3520
312	3.21654e+06	3.2019e+06	3.16479e+06	3520
313	3.21473e+06	3.20049e+06	3.16038e+06	3520
314	3.21313e+06	3.19872e+06	3.16038e+06	3520
315	3.21021e+06	3.19641e+06	3.16038e+06	3520
316	3.20766e+06	3.1933e+06	3.08238e+06	3520
317	3.20538e+06	3.19144e+06	3.08238e+06	3520
318	3.20395e+06	3.18938e+06	3.08238e+06	3520
319	3.2021e+06	3.18708e+06	3.08238e+06	3520
320	3.19967e+06	3.18426e+06	3.08238e+06	3520
321	3.19778e+06	3.181e+06	3.08238e+06	3520
322	3.1953e+06	3.1776e+06	3.08238e+06	3520
323	3.19115e+06	3.17205e+06	3.08238e+06	3520
324	3.1883e+06	3.16748e+06	3.08238e+06	3520
325	3.18527e+06	3.16293e+06	3.08058e+06	3520
326	3.18194e+06	3.15857e+06	3.06011e+06	3520
327	3.17752e+06	3.15518e+06	3.06011e+06	3520
328	3.1731e+06	3.15102e+06	3.06011e+06	3520
329	3.16712e+06	3.14445e+06	3.06011e+06	3520
330	3.16327e+06	3.13916e+06	3.05717e+06	3520
331	3.15778e+06	3.13433e+06	3.05717e+06	3520
332	3.15237e+06	3.13132e+06	3.05717e+06	3520
333	3.1487e+06	3.12747e+06	3.05717e+06	3520
334	3.14435e+06	3.12417e+06	3.05717e+06	3520
335	3.13964e+06	3.12134e+06	3.05717e+06	3520
336	3.13621e+06	3.11728e+06	3.05717e+06	3520
337	3.13395e+06	3.11532e+06	3.05717e+06	3520
338	3.12794e+06	3.11035e+06	3.05717e+06	3520
339	3.1257e+06	3.10755e+06	3.04524e+06	3520
340	3.12078e+06	3.10357e+06	3.04524e+06	3520
341	3.1177e+06	3.10073e+06	3.04524e+06	3520
342	3.11428e+06	3.09734e+06	3.02752e+06	3520
343	3.1116e+06	3.09362e+06	3.02752e+06	3520
344	3.1078e+06	3.09029e+06	3.02752e+06	3520
345	3.10464e+06	3.08701e+06	3.02752e+06	3520
346	3.10073e+06	3.08409e+06	3.02752e+06	3520
347	3.09753e+06	3.08058e+06	3.02752e+06	3520
348	3.09461e+06	3.07797e+06	3.02752e+06	3520
349	3.0915e+06	3.07613e+06	3.02752e+06	3520
350	3.08676e+06	3.07322e+06	3.02752e+06	3520
351	3.08521e+06	3.07131e+06	3.02752e+06	3520
352	3.08167e+06	3.06961e+06	3.02752e+06	3520
353	3.0798e+06	3.06727e+06	3.02752e+06	3520
354	3.07723e+06	3.0649e+06	2.99865e+06	3520
355	3.07503e+06	3.06199e+06	2.99865e+06	3520
356	3.07368e+06	3.0597e+06	2.99865e+06	3520
357	3.07091e+06	3.05707e+06	2.99865e+06	3520
358	3.06881e+06	3.0551e+06	2.99865e+06	3520
359	3.06468e+06	3.05278e+06	2.99865e+06	3520
360	3.06212e+06	3.05036e+06	2.99865e+06	3520
361	3.06011e+06	3.04827e+06	2.99865e+06	3520
362	3.05895e+06	3.04581e+06	2.99865e+06	3520
363	3.05509e+06	3.0416e+06	2.98906e+06	3520
364	3.05186e+06	3.0386e+06	2.98906e+06	3520
365	3.04999e+06	3.03689e+06	2.98906e+06	3520
366	3.04782e+06	3.03519e+06	2.98906e+06	3520
367	3.04493e+06	3.03263e+06	2.98906e+06	3520
368	3.04279e+06	3.03047e+06	2.9629e+06	3520
369	3.04062e+06	3.02887e+06	2.9629e+06	3520
370	3.03824e+06	3.02716e+06	2.9629e+06	3520
371	3.03706e+06	3.02513e+06	2.9629e+06	3520
372	3.03492e+06	3.02295e+06	2.9629e+06	3520
373	3.03346e+06	3.02081e+06	2.9629e+06	3520
374	3.03173e+06	3.01854e+06	2.9629e+06	3520
375	3.02872e+06	3.0153e+06	2.96078e+06	3520
376	3.02558e+06	3.01257e+06	2.96078e+06	3520
377	3.0226e+06	3.00981e+06	2.91377e+06	3520
378	3.02167e+06	3.0068e+06	2.91377e+06	3520
379	3.02055e+06	3.00512e+06	2.91377e+06	3520
380	3.01711e+06	3.00251e+06	2.91377e+06	3520
381	3.0151e+06	3.00018e+06	2.91377e+06	3520
382	3.01236e+06	2.99708e+06	2.91377e+06	3520
383	3.01063e+06	2.99435e+06	2.91377e+06	3520
384	3.00885e+06	2.99231e+06	2.91377e+06	3520
385	3.00622e+06	2.98962e+06	2.91377e+06	3520
386	3.00328e+06	2.98662e+06	2.91377e+06	3520
387	2.99973e+06	2.98305e+06	2.91377e+06	3520
388	2.9963e+06	2.97901e+06	2.91377e+06	3520
389	2.99355e+06	2.97604e+06	2.91377e+06	3520
390	2.98892e+06	2.97182e+06	2.91009e+06	3520
391	2.9849e+06	2.96793e+06	2.91009e+06	3520
392	2.98078e+06	2.96318e+06	2.89188e+06	3520
393	2.97621e+06	2.95758e+06	2.89188e+06	3520
394	2.97254e+06	2.95275e+06	2.89188e+06	3520
395	2.96945e+06	2.94787e+06	2.89188e+06	3520
396	2.96359e+06	2.9429e+06	2.87007e+06	3520
397	2.95712e+06	2.93704e+06	2.87007e+06	3520
398	2.95315e+06	2.93395e+06	2.87007e+06	3520
399	2.94638e+06	2.92851e+06	2.87007e+06	3520
0	6.13354e+06	5.86476e+06	5.65177e+06	8115
1	5.86517e+06	5.78771e+06	5.56925e+06	8115
2	5.80205e+06	5.74118e+06	5.51193e+06	8115
3	5.75506e+06	5.70175e+06	5.51193e+06	8115
4	5.71441e+06	5.65928e+06	5.49023e+06	8115
5	5.67368e+06	5.62057e+06	5.46632e+06	8115
6	5.64149e+06	5.59021e+06	5.41942e+06	8115
7	5.6113e+06	5.56369e+06	5.41942e+06	8115
8	5.58083e+06	5.53558e+06	5.36671e+06	8115
9	5.55596e+06	5.50956e+06	5.32077e+06	8115
10	5.52871e+06	5.48204e+06	5.32077e+06	8115
11	5.50863e+06	5.4623e+06	5.32077e+06	8115
12	5.49097e+06	5.44267e+06	5.28511e+06	8115
13	5.46416e+06	5.41869e+06	5.28511e+06	8115
14	5.44052e+06	5.39535e+06	5.21647e+06	8115
15	5.42027e+06	5.37699e+06	5.21647e+06	8115
16	5.40176e+06	5.35823e+06	5.21647e+06	8115
17	5.38298e+06	5.34057e+06	5.21647e+06	8115
18	5.36271e+06	5.3235e+06	5.17266e+06	8115
19	5.34812e+06	5.30992e+06	5.17266e+06	8115
20	5.33328e+06	5.28992e+06	5.1496e+06	8115
21	5.31614e+06	5.27354e+06	5.14856e+06	8115
22	5.29678e+06	5.25691e+06	5.14856e+06	8115
23	5.28522e+06	5.24136e+06	5.07916e+06	8115
24	5.26905e+06	5.22539e+06	5.07916e+06	8115
25	5.25218e+06	5.21136e+06	5.07916e+06	8115
26	5.23578e+06	5.19364e+06	5.07916e+06	8115
27	5.21772e+06	5.17858e+06	5.07916e+06	8115
28	5.20057e+06	5.16482e+06	5.04073e+06	8115
29	5.19047e+06	5.1562e+06	5.04073e+06	8115
30	5.17925e+06	5.14382e+06	5.04073e+06	8115
31	5.16594e+06	5.1324e+06	5.03024e+06	8115
32	5.15571e+06	5.11896e+06	4.98003e+06	8115
33	5.14254e+06	5.10273e+06	4.98003e+06	8115
34	5.12706e+06	5.08783e+06	4.98003e+06	8115
35	5.11544e+06	5.07516e+06	4.92916e+06	8115
36	5.09542e+06	5.05816e+06	4.90917e+06	8115
37	5.08556e+06	5.04956e+06	4.90917e+06	8115
38	5.07419e+06	5.04035e+06	4.90917e+06	8115
39	5.06294e+06	5.02706e+06	4.90917e+06	8115
40	5.05146e+06	5.01356e+06	4.90602e+06	8115
41	5.04127e+06	5.00328e+06	4.90602e+06	8115
42	5.03024e+06	4.99257e+06	4.89198e+06	8115
43	5.0182e+06	4.9796e+06	4.8632e+06	8115
44	5.0085e+06	4.97041e+06	4.8632e+06	8115
45	4.99742e+06	4.96331e+06	4.8632e+06	8115
46	4.98817e+06	4.9534e+06	4.85097e+06	8115
47	4.97563e+06	4.94131e+06	4.837e+06	8115
48	4.96543e+06	4.93116e+06	4.837e+06	8115
49	4.95565e+06	4.92159e+06	4.77664e+06	8115
50	4.94603e+06	4.9141e+06	4.77664e+06	8115
51	4.93868e+06	4.90517e+06	4.77664e+06	8115
52	4.93255e+06	4.8952e+06	4.77664e+06	8115
53	4.92059e+06	4.88549e+06	4.77664e+06	8115
54	4.91342e+06	4.87865e+06	4.75287e+06	8115
55	4.90483e+06	4.86947e+06	4.75287e+06	8115
56	4.89689e+06	4.86032e+06	4.73907e+06	8115
57	4.88585e+06	4.84999e+06	4.69245e+06	8115
58	4.87602e+06	4.83788e+06	4.69245e+06	8115
59	4.86393e+06	4.82564e+06	4.69245e+06	8115
60	4.85402e+06	4.81511e+06	4.69245e+06	8115
61	4.84129e+06	4.80342e+06	4.69245e+06	8115
62	4.83148e+06	4.79241e+06	4.65596e+06	8115
63	4.81886e+06	4.7795e+06	4.65596e+06	8115
64	4.8103e+06	4.77151e+06	4.65596e+06	8115
65	4.79921e+06	4.76031e+06	4.65596e+06	8115
66	4.78722e+06	4.75077e+06	4.65596e+06	8115
67	4.77513e+06	4.73961e+06	4.63928e+06	8115
68	4.76381e+06	4.7319e+06	4.63928e+06	8115
69	4.75349e+06	4.72123e+06	4.55925e+06	8115
70	4.74626e+06	4.7146e+06	4.55925e+06	8115
71	4.74022e+06	4.7092e+06	4.55925e+06	8115
72	4.73286e+06	4.69931e+06	4.55925e+06	8115
73	4.72328e+06	4.69103e+06	4.55925e+06	8115
74	4.71295e+06	4.68234e+06	4.55925e+06	8115
75	4.70659e+06	4.67414e+06	4.54668e+06	8115
76	4.69849e+06	4.66387e+06	4.54668e+06	8115
77	4.69011e+06	4.65811e+06	4.54668e+06	8115
78	4.68547e+06	4.65086e+06	4.47548e+06	8115
79	4.67747e+06	4.64271e+06	4.47548e+06	8115
80	4.66858e+06	4.63189e+06	4.47548e+06	8115
81	4.65796e+06	4.62132e+06	4.47548e+06	8115
82	4.64456e+06	4.61028e+06	4.41888e+06	8115
83	4.63611e+06	4.60045e+06	4.41888e+06	8115
84	4.62645e+06	4.59288e+06	4.41888e+06	8115
85	4.61676e+06	4.58302e+06	4.41888e+06	8115
86	4.60665e+06	4.57036e+06	4.3933e+06	8115
87	4.59308e+06	4.5588e+06	4.38412e+06	8115
88	4.58223e+06	4.54808e+06	4.38412e+06	8115
89	4.56836e+06	4.53258e+06	4.38412e+06	8115
90	4.55681e+06	4.52057e+06	4.38412e+06	8115
91	4.54209e+06	4.50547e+06	4.36274e+06	8115
92	4.53086e+06	4.49389e+06	4.36274e+06	8115
93	4.5221e+06	4.48104e+06	4.28941e+06	8115
94	4.51047e+06	4.46767e+06	4.28941e+06	8115
95	4.49804e+06	4.45614e+06	4.25178e+06	8115
96	4.48586e+06	4.44483e+06	4.25178e+06	8115
97	4.47434e+06	4.43202e+06	4.25178e+06	8115
98	4.4624e+06	4.41959e+06	4.23347e+06	8115
99	4.44515e+06	4.40489e+06	4.23347e+06	8115
100	4.4308e+06	4.39232e+06	4.23347e+06	8115
101	4.41784e+06	4.3773e+06	4.21977e+06	8115
102	4.40298e+06	4.36475e+06	4.21977e+06	8115
103	4.38886e+06	4.3519e+06	4.21977e+06	8115
104	4.37984e+06	4.34274e+06	4.21977e+06	8115
105	4.36839e+06	4.33032e+06	4.21977e+06	8115
106	4.35466e+06	4.31769e+06	4.21977e+06	8115
107	4.33759e+06	4.30519e+06	4.20432e+06	8115
108	4.32875e+06	4.29571e+06	4.16684e+06	8115
109	4.31446e+06	4.28418e+06	4.16684e+06	8115
110	4.30333e+06	4.27326e+06	4.16684e+06	8115
111	4.29136e+06	4.26216e+06	4.15449e+06	8115
112	4.28027e+06	4.25322e+06	4.15449e+06	8115
113	4.2736e+06	4.24528e+06	4.15449e+06	8115
114	4.26357e+06	4.23716e+06	4.15449e+06	8115
115	4.25208e+06	4.22809e+06	4.15449e+06	8115
116	4.24421e+06	4.21998e+06	4.15449e+06	8115
117	4.23794e+06	4.21207e+06	4.09798e+06	8115
118	4.23106e+06	4.20388e+06	4.08989e+06	8115
119	4.22133e+06	4.19419e+06	4.08989e+06	8115
120	4.21365e+06	4.18675e+06	4.08989e+06	8115
121	4.20546e+06	4.1809e+06	4.08989e+06	8115
122	4.19941e+06	4.17583e+06	4.08989e+06	8115
123	4.19315e+06	4.17176e+06	4.08989e+06	8115
124	4.18687e+06	4.16593e+06	4.08989e+06	8115
125	4.18144e+06	4.16031e+06	4.08989e+06	8115
126	4.17607e+06	4.15423e+06	4.08989e+06	8115
127	4.16943e+06	4.14733e+06	4.08504e+06	8115
128	4.16366e+06	4.14051e+06	4.05321e+06	8115
129	4.15841e+06	4.13449e+06	4.05055e+06	8115
130	4.1499e+06	4.12486e+06	4.03024e+06	8115
131	4.14284e+06	4.11741e+06	4.01945e+06	8115
132	4.13688e+06	4.11299e+06	4.01945e+06	8115
133	4.12907e+06	4.1055e+06	4.01945e+06	8115
134	4.12551e+06	4.10031e+06	4.01945e+06	8115
135	4.11998e+06	4.09537e+06	4.01945e+06	8115
136	4.11567e+06	4.08849e+06	4.01556e+06	8115
137	4.1078e+06	4.0821e+06	4.00179e+06	8115
138	4.10125e+06	4.07588e+06	4.00179e+06	8115
139	4.09582e+06	4.06727e+06	3.98703e+06	8115
140	4.08993e+06	4.06271e+06	3.98703e+06	8115
141	4.08328e+06	4.05779e+06	3.96951e+06	8115
142	4.07722e+06	4.05119e+06	3.91932e+06	8115
143	4.06947e+06	4.04332e+06	3.91748e+06	8115
144	4.06246e+06	4.03766e+06	3.91748e+06	8115
145	4.05558e+06	4.03065e+06	3.91212e+06	8115
146	4.04877e+06	4.02241e+06	3.91212e+06	8115
147	4.04192e+06	4.01407e+06	3.91212e+06	8115
148	4.03424e+06	4.00714e+06	3.91212e+06	8115
149	4.02694e+06	3.99811e+06	3.91212e+06	8115
150	4.01967e+06	3.98944e+06	3.91212e+06	8115
151	4.00853e+06	3.97968e+06	3.91212e+06	8115
152	3.99627e+06	3.97023e+06	3.88858e+06	8115
153	3.98799e+06	3.96109e+06	3.88858e+06	8115
154	3.97918e+06	3.95461e+06	3.8795e+06	8115
155	3.97117e+06	3.94697e+06	3.85377e+06	8115
156	3.96216e+06	3.9397e+06	3.85377e+06	8115
157	3.95548e+06	3.93065e+06	3.79342e+06	8115
158	3.94597e+06	3.92305e+06	3.79342e+06	8115
159	3.93675e+06	3.91403e+06	3.79342e+06	8115
160	3.92938e+06	3.90451e+06	3.79248e+06	8115
161	3.92222e+06	3.89577e+06	3.79248e+06	8115
162	3.91367e+06	3.88657e+06	3.7845e+06	8115
163	3.90732e+06	3.87799e+06	3.7845e+06	8115
164	3.898e+06	3.8699e+06	3.7845e+06	8115
165	3.88517e+06	3.85753e+06	3.77733e+06	8115
166	3.87624e+06	3.84842e+06	3.77733e+06	8115
167	3.86729e+06	3.83866e+06	3.74576e+06	8115
168	3.85701e+06	3.83184e+06	3.74576e+06	8115
169	3.8489e+06	3.82343e+06	3.74576e+06	8115
170	3.83857e+06	3.81357e+06	3.74059e+06	8115
171	3.82999e+06	3.80686e+06	3.74059e+06	8115
172	3.8244e+06	3.80134e+06	3.74059e+06	8115
173	3.81743e+06	3.79555e+06	3.74059e+06	8115
174	3.81257e+06	3.79116e+06	3.74059e+06	8115
175	3.80523e+06	3.78542e+06	3.72386e+06	8115
176	3.79963e+06	3.78119e+06	3.72386e+06	8115
177	3.79442e+06	3.77569e+06	3.71199e+06	8115
178	3.79e+06	3.77123e+06	3.71199e+06	8115
179	3.78551e+06	3.76741e+06	3.71199e+06	8115
180	3.77934e+06	3.7609e+06	3.69489e+06	8115
181	3.77579e+06	3.75688e+06	3.67708e+06	8115
182	3.77044e+06	3.75163e+06	3.67708e+06	8115
183	3.76624e+06	3.74649e+06	3.66046e+06	8115
184	3.76104e+06	3.73997e+06	3.66046e+06	8115
185	3.75689e+06	3.73457e+06	3.66046e+06	8115
186	3.75e+06	3.72768e+06	3.66046e+06	8115
187	3.74558e+06	3.72174e+06	3.66046e+06	8115
188	3.74005e+06	3.71556e+06	3.64686e+06	8115
189	3.7326e+06	3.70732e+06	3.63463e+06	8115
190	3.72367e+06	3.70017e+06	3.63329e+06	8115
191	3.71617e+06	3.69325e+06	3.63329e+06	8115
192	3.70998e+06	3.68837e+06	3.62314e+06	8115
193	3.704e+06	3.68129e+06	3.60361e+06	8115
194	3.69876e+06	3.67559e+06	3.57569e+06	8115
195	3.69155e+06	3.6692e+06	3.57569e+06	8115
196	3.68617e+06	3.66314e+06	3.57569e+06	8115
197	3.67889e+06	3.65848e+06	3.57096e+06	8115
198	3.67362e+06	3.65373e+06	3.57096e+06	8115
199	3.66762e+06	3.64678e+06	3.57096e+06	8115
200	3.66398e+06	3.64308e+06	3.57096e+06	8115
201	3.65984e+06	3.63914e+06	3.57096e+06	8115
202	3.6544e+06	3.63298e+06	3.54352e+06	8115
203	3.64807e+06	3.62763e+06	3.54352e+06	8115
204	3.64386e+06	3.62283e+06	3.53726e+06	8115
205	3.63922e+06	3.61788e+06	3.53726e+06	8115
206	3.63391e+06	3.61323e+06	3.53726e+06	8115
207	3.63016e+06	3.60791e+06	3.53726e+06	8115
208	3.62548e+06	3.60191e+06	3.52694e+06	8115
209	3.61841e+06	3.59592e+06	3.52611e+06	8115
210	3.61362e+06	3.59065e+06	3.52611e+06	8115
211	3.60723e+06	3.58511e+06	3.50492e+06	8115
212	3.60306e+06	3.58286e+06	3.50492e+06	8115
213	3.59991e+06	3.57958e+06	3.50492e+06	8115
214	3.59363e+06	3.57403e+06	3.4947e+06	8115
215	3.58816e+06	3.5689e+06	3.4733e+06	8115
216	3.5863e+06	3.56613e+06	3.4733e+06	8115
217	3.58223e+06	3.56284e+06	3.4733e+06	8115
218	3.57844e+06	3.5596e+06	3.4733e+06	8115
219	3.57432e+06	3.55447e+06	3.4733e+06	8115
220	3.57043e+06	3.54923e+06	3.45584e+06	8115
221	3.5659e+06	3.5442e+06	3.45584e+06	8115
222	3.56137e+06	3.53927e+06	3.44661e+06	8115
223	3.55704e+06	3.53442e+06	3.44661e+06	8115
224	3.55233e+06	3.53078e+06	3.44661e+06	8115
225	3.54853e+06	3.52675e+06	3.44661e+06	8115
226	3.54347e+06	3.52243e+06	3.44661e+06	8115
227	3.53814e+06	3.51684e+06	3.44661e+06	8115
228	3.53365e+06	3.51251e+06	3.44661e+06	8115
229	3.53013e+06	3.50843e+06	3.44661e+06	8115
230	3.52644e+06	3.50502e+06	3.44661e+06	8115
231	3.52077e+06	3.50167e+06	3.44661e+06	8115
232	3.51705e+06	3.49737e+06	3.44241e+06	8115
233	3.513e+06	3.49349e+06	3.42823e+06	8115
234	3.51005e+06	3.48921e+06	3.42823e+06	8115
235	3.50561e+06	3.48558e+06	3.42823e+06	8115
236	3.5011e+06	3.48068e+06	3.42823e+06	8115
237	3.49658e+06	3.47651e+06	3.42823e+06	8115
238	3.49106e+06	3.47143e+06	3.40967e+06	8115
239	3.48609e+06	3.46691e+06	3.40967e+06	8115
240	3.4803e+06	3.46229e+06	3.4095e+06	8115
241	3.47597e+06	3.45806e+06	3.40181e+06	8115
242	3.47264e+06	3.45378e+06	3.40181e+06	8115
243	3.46888e+06	3.45052e+06	3.40181e+06	8115
244	3.46508e+06	3.44595e+06	3.38725e+06	8115
245	3.46072e+06	3.44231e+06	3.38725e+06	8115
246	3.45786e+06	3.43959e+06	3.37898e+06	8115
247	3.45438e+06	3.43598e+06	3.37898e+06	8115
248	3.45097e+06	3.43214e+06	3.35096e+06	8115
249	3.44713e+06	3.42805e+06	3.34278e+06	8115
250	3.44371e+06	3.42546e+06	3.34278e+06	8115
251	3.44125e+06	3.42196e+06	3.34278e+06	8115
252	3.43804e+06	3.41935e+06	3.34278e+06	8115
253	3.43504e+06	3.41563e+06	3.34278e+06	8115
254	3.4314e+06	3.4121e+06	3.34007e+06	8115
255	3.42912e+06	3.40966e+06	3.34007e+06	8115
256	3.42562e+06	3.40656e+06	3.34007e+06	8115
257	3.42237e+06	3.40282e+06	3.3378e+06	8115
258	3.41831e+06	3.39887e+06	3.33262e+06	8115
259	3.41564e+06	3.39565e+06	3.33262e+06	8115
260	3.41272e+06	3.39191e+06	3.32309e+06	8115
261	3.40752e+06	3.38909e+06	3.32309e+06	8115
262	3.40379e+06	3.38542e+06	3.32309e+06	8115
263	3.40153e+06	3.38227e+06	3.32309e+06	8115
264	3.39836e+06	3.37671e+06	3.30235e+06	8115
265	3.39437e+06	3.37288e+06	3.27816e+06	8115
266	3.38957e+06	3.36856e+06	3.27816e+06	8115
267	3.3855e+06	3.36349e+06	3.27816e+06	8115
268	3.38165e+06	3.35931e+06	3.27816e+06	8115
269	3.3783e+06	3.35514e+06	3.27816e+06	8115
270	3.37299e+06	3.35006e+06	3.27816e+06	8115
271	3.36722e+06	3.34583e+06	3.27816e+06	8115
272	3.3628e+06	3.34269e+06	3.27816e+06	8115
273	3.35974e+06	3.33989e+06	3.27816e+06	8115
274	3.35695e+06	3.33664e+06	3.27816e+06	8115
275	3.35218e+06	3.33248e+06	3.27816e+06	8115
276	3.34757e+06	3.32836e+06	3.25406e+06	8115
277	3.34456e+06	3.32542e+06	3.25406e+06	8115
278	3.34024e+06	3.32134e+06	3.25406e+06	8115
279	3.33673e+06	3.31786e+06	3.25406e+06	8115
280	3.33285e+06	3.31421e+06	3.25406e+06	8115
281	3.32985e+06	3.31132e+06	3.2499e+06	8115
282	3.32544e+06	3.30803e+06	3.24675e+06	8115
283	3.32155e+06	3.30488e+06	3.24675e+06	8115
284	3.31857e+06	3.3006e+06	3.24675e+06	8115
285	3.31353e+06	3.2976e+06	3.24675e+06	8115
286	3.31147e+06	3.29563e+06	3.24675e+06	8115
287	3.30931e+06	3.29134e+06	3.19252e+06	8115
288	3.30594e+06	3.28776e+06	3.19252e+06	8115
289	3.30281e+06	3.28455e+06	3.19252e+06	8115
290	3.29968e+06	3.27999e+06	3.19252e+06	8115
291	3.29493e+06	3.27375e+06	3.19252e+06	8115
292	3.28918e+06	3.26833e+06	3.18796e+06	8115
293	3.28568e+06	3.26494e+06	3.17303e+06	8115
294	3.28019e+06	3.25903e+06	3.17303e+06	8115
295	3.27645e+06	3.25619e+06	3.17303e+06	8115
296	3.27243e+06	3.25243e+06	3.17303e+06	8115
297	3.26949e+06	3.24977e+06	3.17303e+06	8115
298	3.26527e+06	3.24551e+06	3.17303e+06	8115
299	3.26131e+06	3.24045e+06	3.17303e+06	8115
300	3.25646e+06	3.23689e+06	3.17303e+06	8115
301	3.25283e+06	3.23295e+06	3.17303e+06	8115
302	3.2499e+06	3.22882e+06	3.16707e+06	8115
303	3.24607e+06	3.22253e+06	3.15875e+06	8115
304	3.23824e+06	3.21527e+06	3.15194e+06	8115
305	3.23082e+06	3.20952e+06	3.13781e+06	8115
306	3.22606e+06	3.20519e+06	3.12867e+06	8115
307	3.22098e+06	3.19988e+06	3.12867e+06	8115
308	3.2148e+06	3.19533e+06	3.12867e+06	8115
309	3.21018e+06	3.19034e+06	3.12867e+06	8115
310	3.20609e+06	3.18646e+06	3.12867e+06	8115
311	3.20164e+06	3.18144e+06	3.10695e+06	8115
312	3.19766e+06	3.17796e+06	3.07296e+06	8115
313	3.19271e+06	3.173e+06	3.07296e+06	8115
314	3.18962e+06	3.1695e+06	3.07296e+06	8115
315	3.18483e+06	3.16427e+06	3.07296e+06	8115
316	3.18091e+06	3.16016e+06	3.07296e+06	8115
317	3.17651e+06	3.15759e+06	3.07296e+06	8115
318	3.17302e+06	3.15318e+06	3.07296e+06	8115
319	3.16961e+06	3.14706e+06	3.07296e+06	8115
320	3.16495e+06	3.14352e+06	3.06821e+06	8115
321	3.1601e+06	3.13929e+06	3.06821e+06	8115
322	3.15545e+06	3.13486e+06	3.06821e+06	8115
323	3.15294e+06	3.13255e+06	3.06821e+06	8115
324	3.14926e+06	3.12908e+06	3.06821e+06	8115
325	3.14483e+06	3.12675e+06	3.06821e+06	8115
326	3.14191e+06	3.12329e+06	3.06821e+06	8115
327	3.13823e+06	3.11957e+06	3.03742e+06	8115
328	3.13424e+06	3.11583e+06	3.03742e+06	8115
329	3.13053e+06	3.11257e+06	3.03742e+06	8115
330	3.12638e+06	3.10898e+06	3.03742e+06	8115
331	3.12269e+06	3.10533e+06	3.03742e+06	8115
332	3.12092e+06	3.10125e+06	3.03002e+06	8115
333	3.11726e+06	3.09719e+06	3.0283e+06	8115
334	3.11165e+06	3.09243e+06	3.0283e+06	8115
335	3.10854e+06	3.08949e+06	3.0283e+06	8115
336	3.10552e+06	3.08605e+06	3.0283e+06	8115
337	3.10232e+06	3.08145e+06	3.02212e+06	8115
338	3.09948e+06	3.07697e+06	3.0092e+06	8115
339	3.09544e+06	3.07326e+06	3.0092e+06	8115
340	3.0914e+06	3.06963e+06	3.0092e+06	8115
341	3.08777e+06	3.06601e+06	3.0092e+06	8115
342	3.08323e+06	3.06213e+06	3.0092e+06	8115
343	3.07931e+06	3.058e+06	3.00482e+06	8115
344	3.076e+06	3.05351e+06	2.99436e+06	8115
345	3.0718e+06	3.04989e+06	2.99436e+06	8115
346	3.06839e+06	3.04725e+06	2.99436e+06	8115
347	3.06603e+06	3.04466e+06	2.99436e+06	8115
348	3.06191e+06	3.04104e+06	2.98151e+06	8115
349	3.05714e+06	3.03757e+06	2.96621e+06	8115
350	3.05341e+06	3.03463e+06	2.96621e+06	8115
351	3.04995e+06	3.03256e+06	2.96621e+06	8115
352	3.04783e+06	3.03095e+06	2.96621e+06	8115
353	3.04489e+06	3.02782e+06	2.96621e+06	8115
354	3.04146e+06	3.02439e+06	2.96621e+06	8115
355	3.03818e+06	3.02105e+06	2.96621e+06	8115
356	3.03554e+06	3.01805e+06	2.96621e+06	8115
357	3.03325e+06	3.01584e+06	2.96056e+06	8115
358	3.03153e+06	3.01306e+06	2.96056e+06	8115
359	3.02778e+06	3.01033e+06	2.96056e+06	8115
360	3.02444e+06	3.00686e+06	2.94841e+06	8115
361	3.02221e+06	3.00448e+06	2.94841e+06	8115
362	3.01995e+06	3.00204e+06	2.94841e+06	8115
363	3.01592e+06	2.99778e+06	2.91596e+06	8115
364	3.01307e+06	2.99479e+06	2.91596e+06	8115
365	3.01094e+06	2.99137e+06	2.91596e+06	8115
366	3.00827e+06	2.9868e+06	2.91596e+06	8115
367	3.00444e+06	2.98337e+06	2.91596e+06	8115
368	3.00072e+06	2.97982e+06	2.91596e+06	8115
369	2.99621e+06	2.97636e+06	2.91596e+06	8115
370	2.99413e+06	2.9745e+06	2.91596e+06	8115
371	2.9905e+06	2.97129e+06	2.91596e+06	8115
372	2.98695e+06	2.96923e+06	2.91596e+06	8115
373	2.98437e+06	2.96655e+06	2.91199e+06	8115
374	2.98151e+06	2.96335e+06	2.90502e+06	8115
375	2.97836e+06	2.96163e+06	2.90502e+06	8115
376	2.97594e+06	2.96e+06	2.87834e+06	8115
377	2.97525e+06	2.9584e+06	2.87834e+06	8115
378	2.97232e+06	2.95677e+06	2.87834e+06	8115
379	2.97085e+06	2.95489e+06	2.87834e+06	8115
380	2.96801e+06	2.95232e+06	2.87834e+06	8115
381	2.96589e+06	2.95022e+06	2.87834e+06	8115
382	2.96453e+06	2.94888e+06	2.87834e+06	8115
383	2.96314e+06	2.94687e+06	2.87834e+06	8115
384	2.9601e+06	2.94431e+06	2.87834e+06	8115
385	2.95861e+06	2.94189e+06	2.85133e+06	8115
386	2.95578e+06	2.93979e+06	2.85133e+06	8115
387	2.95442e+06	2.93849e+06	2.85133e+06	8115
388	2.95229e+06	2.93696e+06	2.85133e+06	8115
389	2.95119e+06	2.93612e+06	2.85133e+06	8115
390	2.9491e+06	2.93441e+06	2.85133e+06	8115
391	2.94789e+06	2.93317e+06	2.85133e+06	8115
392	2.94648e+06	2.93194e+06	2.85133e+06	8115
393	2.94556e+06	2.93027e+06	2.8486e+06	8115
394	2.94425e+06	2.92857e+06	2.8486e+06	8115
395	2.94235e+06	2.92655e+06	2.8486e+06	8115
396	2.94021e+06	2.92484e+06	2.8486e+06	8115
397	2.93792e+06	2.92296e+06	2.84431e+06	8115
398	2.93594e+06	2.92136e+06	2.84431e+06	8115
399	2.93429e+06	2.91986e+06	2.84431e+06	8115
0	6.15802e+06	5.8614e+06	5.5664e+06	8647
1	5.86323e+06	5.77614e+06	5.5664e+06	8647
2	5.78813e+06	5.7216e+06	5.50394e+06	8647
3	5.7466e+06	5.68172e+06	5.41522e+06	8647
4	5.69362e+06	5.64101e+06	5.41522e+06	8647
5	5.66435e+06	5.61072e+06	5.41522e+06	8647
6	5.63139e+06	5.58336e+06	5.41522e+06	8647
7	5.60536e+06	5.55751e+06	5.36003e+06	8647
8	5.58045e+06	5.52848e+06	5.34466e+06	8647
9	5.55488e+06	5.50583e+06	5.34466e+06	8647
10	5.52571e+06	5.47945e+06	5.17131e+06	8647
11	5.50234e+06	5.44863e+06	5.17131e+06	8647
12	5.48202e+06	5.42737e+06	5.17131e+06	8647
13	5.46032e+06	5.40496e+06	5.17131e+06	8647
14	5.43759e+06	5.38377e+06	5.17131e+06	8647
15	5.4124e+06	5.35709e+06	5.17131e+06	8647
16	5.38725e+06	5.33533e+06	5.17131e+06	8647
17	5.36031e+06	5.31155e+06	5.14284e+06	8647
18	5.33874e+06	5.28618e+06	5.14284e+06	8647
19	5.31139e+06	5.26282e+06	5.11641e+06	8647
20	5.29127e+06	5.24081e+06	5.08508e+06	8647
21	5.27033e+06	5.22086e+06	5.08065e+06	8647
22	5.25168e+06	5.20529e+06	5.06358e+06	8647
23	5.22671e+06	5.18565e+06	5.04527e+06	8647
24	5.20987e+06	5.16754e+06	5.04527e+06	8647
25	5.19285e+06	5.15065e+06	5.04527e+06	8647
26	5.17726e+06	5.13225e+06	4.97988e+06	8647
27	5.15475e+06	5.11469e+06	4.97426e+06	8647
28	5.13829e+06	5.10101e+06	4.97426e+06	8647
29	5.12297e+06	5.08387e+06	4.97426e+06	8647
30	5.10607e+06	5.06784e+06	4.89105e+06	8647
31	5.09307e+06	5.05079e+06	4.89105e+06	8647
32	5.07926e+06	5.03618e+06	4.89105e+06	8647
33	5.06284e+06	5.0201e+06	4.89105e+06	8647
34	5.05085e+06	5.00591e+06	4.82824e+06	8647
35	5.03389e+06	4.99165e+06	4.82824e+06	8647
36	5.01612e+06	4.97764e+06	4.82824e+06	8647
37	5.00415e+06	4.96596e+06	4.82824e+06	8647
38	4.99205e+06	4.95781e+06	4.82824e+06	8647
39	4.97834e+06	4.94384e+06	4.79639e+06	8647
40	4.97061e+06	4.93545e+06	4.79639e+06	8647
41	4.95627e+06	4.92295e+06	4.77213e+06	8647
42	4.94679e+06	4.91071e+06	4.77063e+06	8647
43	4.93427e+06	4.89788e+06	4.75383e+06	8647
44	4.92165e+06	4.88425e+06	4.75383e+06	8647
45	4.90901e+06	4.86974e+06	4.74179e+06	8647
46	4.90113e+06	4.85935e+06	4.74179e+06	8647
47	4.88788e+06	4.8484e+06	4.74179e+06	8647
48	4.87312e+06	4.83195e+06	4.67186e+06	8647
49	4.86221e+06	4.8193e+06	4.66046e+06	8647
50	4.84231e+06	4.80653e+06	4.66046e+06	8647
51	4.83013e+06	4.79484e+06	4.66046e+06	8647
52	4.81607e+06	4.78003e+06	4.66046e+06	8647
53	4.79949e+06	4.76594e+06	4.66046e+06	8647
54	4.78589e+06	4.75244e+06	4.65228e+06	8647
55	4.77606e+06	4.74513e+06	4.65228e+06	8647
56	4.76535e+06	4.73418e+06	4.6478e+06	8647
57	4.75261e+06	4.72124e+06	4.59178e+06	8647
58	4.74184e+06	4.71122e+06	4.59178e+06	8647
59	4.72982e+06	4.70126e+06	4.59178e+06	8647
60	4.71904e+06	4.69241e+06	4.59178e+06	8647
61	4.70941e+06	4.68121e+06	4.59178e+06	8647
62	4.70055e+06	4.67029e+06	4.57831e+06	8647
63	4.69119e+06	4.66108e+06	4.57831e+06	8647
64	4.68229e+06	4.6502e+06	4.54373e+06	8647
65	4.67359e+06	4.64403e+06	4.54373e+06	8647
66	4.66114e+06	4.6353e+06	4.54373e+06	8647
67	4.6535e+06	4.62665e+06	4.54373e+06	8647
68	4.64347e+06	4.61813e+06	4.54373e+06	8647
69	4.63586e+06	4.60981e+06	4.53446e+06	8647
70	4.63097e+06	4.60369e+06	4.52766e+06	8647
71	4.62368e+06	4.59392e+06	4.49806e+06	8647
72	4.61523e+06	4.5861e+06	4.49701e+06	8647
73	4.60478e+06	4.57707e+06	4.49701e+06	8647
74	4.59811e+06	4.56893e+06	4.45397e+06	8647
75	4.59015e+06	4.56024e+06	4.45397e+06	8647
76	4.58426e+06	4.55184e+06	4.44169e+06	8647
77	4.57299e+06	4.54358e+06	4.44169e+06	8647
78	4.56341e+06	4.53145e+06	4.42522e+06	8647
79	4.55363e+06	4.52282e+06	4.42522e+06	8647
80	4.54373e+06	4.51278e+06	4.41867e+06	8647
81	4.53525e+06	4.50498e+06	4.3875e+06	8647
82	4.52653e+06	4.49537e+06	4.3875e+06	8647
83	4.51717e+06	4.48521e+06	4.3875e+06	8647
84	4.50561e+06	4.47519e+06	4.37795e+06	8647
85	4.49701e+06	4.46608e+06	4.32644e+06	8647
86	4.48616e+06	4.45467e+06	4.32644e+06	8647
87	4.47523e+06	4.44492e+06	4.32644e+06	8647
88	4.4685e+06	4.43889e+06	4.32644e+06	8647
89	4.46142e+06	4.43083e+06	4.32644e+06	8647
90	4.45294e+06	4.42304e+06	4.32644e+06	8647
91	4.44226e+06	4.41228e+06	4.3211e+06	8647
92	4.43423e+06	4.40391e+06	4.3211e+06	8647
93	4.42387e+06	4.39726e+06	4.3211e+06	8647
94	4.41624e+06	4.3894e+06	4.3211e+06	8647
95	4.40713e+06	4.38281e+06	4.31601e+06	8647
96	4.40067e+06	4.37364e+06	4.27136e+06	8647
97	4.3899e+06	4.36505e+06	4.27136e+06	8647
98	4.38331e+06	4.35855e+06	4.27136e+06	8647
99	4.37705e+06	4.3506e+06	4.26599e+06	8647
100	4.36873e+06	4.34168e+06	4.26096e+06	8647
101	4.36068e+06	4.3339e+06	4.23093e+06	8647
102	4.3544e+06	4.32756e+06	4.23093e+06	8647
103	4.34784e+06	4.31993e+06	4.21891e+06	8647
104	4.34135e+06	4.31347e+06	4.21891e+06	8647
105	4.33444e+06	4.30708e+06	4.21891e+06	8647
106	4.32923e+06	4.30025e+06	4.21891e+06	8647
107	4.31876e+06	4.29232e+06	4.21368e+06	8647
108	4.3135e+06	4.28433e+06	4.15937e+06	8647
109	4.30353e+06	4.27451e+06	4.15937e+06	8647
110	4.29545e+06	4.26703e+06	4.15937e+06	8647
111	4.28652e+06	4.25766e+06	4.15937e+06	8647
112	4.2763e+06	4.24953e+06	4.15937e+06	8647
113	4.26842e+06	4.24104e+06	4.12475e+06	8647
114	4.26096e+06	4.23242e+06	4.12475e+06	8647
115	4.25106e+06	4.2218e+06	4.12475e+06	8647
116	4.24044e+06	4.2127e+06	4.12475e+06	8647
117	4.22861e+06	4.20203e+06	4.10514e+06	8647
118	4.22067e+06	4.19366e+06	4.10514e+06	8647
119	4.21204e+06	4.18508e+06	4.09625e+06	8647
120	4.20391e+06	4.17589e+06	4.08163e+06	8647
121	4.1928e+06	4.16569e+06	4.08163e+06	8647
122	4.1855e+06	4.15968e+06	4.08163e+06	8647
123	4.17741e+06	4.15115e+06	4.05073e+06	8647
124	4.17086e+06	4.14517e+06	4.04976e+06	8647
125	4.16223e+06	4.13704e+06	4.04976e+06	8647
126	4.15499e+06	4.12821e+06	4.03961e+06	8647
127	4.14728e+06	4.12071e+06	4.03961e+06	8647
128	4.13892e+06	4.11306e+06	4.03961e+06	8647
129	4.1315e+06	4.10516e+06	4.02313e+06	8647
130	4.12274e+06	4.09674e+06	4.00838e+06	8647
131	4.1153e+06	4.08933e+06	4.00718e+06	8647
132	4.10545e+06	4.07929e+06	3.99352e+06	8647
133	4.09927e+06	4.07266e+06	3.99267e+06	8647
134	4.09284e+06	4.06665e+06	3.99267e+06	8647
135	4.08663e+06	4.05814e+06	3.95386e+06	8647
136	4.08018e+06	4.0525e+06	3.95386e+06	8647
137	4.07101e+06	4.04448e+06	3.92989e+06	8647
138	4.06431e+06	4.03733e+06	3.92989e+06	8647
139	4.05708e+06	4.0313e+06	3.92989e+06	8647
140	4.04856e+06	4.02253e+06	3.92989e+06	8647
141	4.03984e+06	4.01474e+06	3.92989e+06	8647
142	4.03354e+06	4.00506e+06	3.91248e+06	8647
143	4.02363e+06	3.99649e+06	3.91248e+06	8647
144	4.0171e+06	3.9905e+06	3.87359e+06	8647
145	4.00935e+06	3.97989e+06	3.87359e+06	8647
146	4.00241e+06	3.97156e+06	3.86846e+06	8647
147	3.99255e+06	3.96197e+06	3.86846e+06	8647
148	3.98273e+06	3.95323e+06	3.85589e+06	8647
149	3.97479e+06	3.9453e+06	3.85589e+06	8647
150	3.96473e+06	3.93532e+06	3.81777e+06	8647
151	3.95416e+06	3.92488e+06	3.81408e+06	8647
152	3.94643e+06	3.91413e+06	3.81408e+06	8647
153	3.94036e+06	3.90446e+06	3.79279e+06	8647
154	3.92916e+06	3.89609e+06	3.79279e+06	8647
155	3.91707e+06	3.88814e+06	3.79279e+06	8647
156	3.90729e+06	3.87985e+06	3.79038e+06	8647
157	3.89805e+06	3.86905e+06	3.72519e+06	8647
158	3.8854e+06	3.86086e+06	3.72519e+06	8647
159	3.87652e+06	3.85184e+06	3.72519e+06	8647
160	3.87001e+06	3.84498e+06	3.72519e+06	8647
161	3.86365e+06	3.83707e+06	3.72519e+06	8647
162	3.8569e+06	3.82519e+06	3.70589e+06	8647
163	3.84822e+06	3.81534e+06	3.70589e+06	8647
164	3.8368e+06	3.80577e+06	3.70589e+06	8647
165	3.8261e+06	3.79835e+06	3.70589e+06	8647
166	3.81812e+06	3.79131e+06	3.70588e+06	8647
167	3.80998e+06	3.78093e+06	3.70588e+06	8647
168	3.79651e+06	3.77023e+06	3.68668e+06	8647
169	3.78726e+06	3.76233e+06	3.68668e+06	8647
170	3.78135e+06	3.75629e+06	3.67905e+06	8647
171	3.77306e+06	3.74879e+06	3.67043e+06	8647
172	3.76549e+06	3.74124e+06	3.67043e+06	8647
173	3.75776e+06	3.73445e+06	3.67043e+06	8647
174	3.74934e+06	3.7264e+06	3.64958e+06	8647
175	3.74314e+06	3.7188e+06	3.64958e+06	8647
176	3.73525e+06	3.71063e+06	3.61665e+06	8647
177	3.72831e+06	3.70457e+06	3.61665e+06	8647
178	3.72397e+06	3.70058e+06	3.61665e+06	8647
179	3.71693e+06	3.69344e+06	3.61665e+06	8647
180	3.71113e+06	3.68688e+06	3.61665e+06	8647
181	3.70433e+06	3.68106e+06	3.57952e+06	8647
182	3.69896e+06	3.67501e+06	3.57952e+06	8647
183	3.69323e+06	3.66907e+06	3.57952e+06	8647
184	3.68612e+06	3.66266e+06	3.57762e+06	8647
185	3.6801e+06	3.65732e+06	3.57762e+06	8647
186	3.67399e+06	3.65208e+06	3.57762e+06	8647
187	3.66854e+06	3.64542e+06	3.56324e+06	8647
188	3.66341e+06	3.63935e+06	3.55536e+06	8647
189	3.65788e+06	3.6309e+06	3.55376e+06	8647
190	3.64987e+06	3.62484e+06	3.55376e+06	8647
191	3.64372e+06	3.61974e+06	3.55376e+06	8647
192	3.63748e+06	3.61397e+06	3.55376e+06	8647
193	3.63185e+06	3.60822e+06	3.54898e+06	8647
194	3.62719e+06	3.60421e+06	3.54609e+06	8647
195	3.62032e+06	3.59807e+06	3.51894e+06	8647
196	3.61618e+06	3.59244e+06	3.51894e+06	8647
197	3.61119e+06	3.5869e+06	3.51894e+06	8647
198	3.60182e+06	3.57944e+06	3.51894e+06	8647
199	3.59655e+06	3.57372e+06	3.5101e+06	8647
200	3.58874e+06	3.56718e+06	3.50852e+06	8647
201	3.5833e+06	3.56296e+06	3.50852e+06	8647
202	3.57799e+06	3.55808e+06	3.49797e+06	8647
203	3.57225e+06	3.55398e+06	3.49797e+06	8647
204	3.56837e+06	3.54961e+06	3.48188e+06	8647
205	3.56315e+06	3.54489e+06	3.47635e+06	8647
206	3.55948e+06	3.54251e+06	3.47635e+06	8647
207	3.55608e+06	3.53847e+06	3.45298e+06	8647
208	3.55176e+06	3.53346e+06	3.44677e+06	8647
209	3.54732e+06	3.5282e+06	3.44677e+06	8647
210	3.54327e+06	3.52321e+06	3.44677e+06	8647
211	3.53952e+06	3.51874e+06	3.44677e+06	8647
212	3.53537e+06	3.51527e+06	3.44677e+06	8647
213	3.53201e+06	3.51202e+06	3.44677e+06	8647
214	3.5273e+06	3.5065e+06	3.44593e+06	8647
215	3.52229e+06	3.50213e+06	3.44593e+06	8647
216	3.51842e+06	3.49656e+06	3.40264e+06	8647
217	3.51457e+06	3.49213e+06	3.40264e+06	8647
218	3.5101e+06	3.48792e+06	3.40264e+06	8647
219	3.50514e+06	3.48393e+06	3.39954e+06	8647
