0	2720	1441.4	868	3520
1	1454	1187.4	806	3520
2	1244	1059.05	745	3520
3	1127	986.032	736	3520
4	1052	936.836	736	3520
5	993	898.576	721	3520
6	949	873.24	721	3520
7	923	855.401	721	3520
8	901	839.758	718	3520
9	883	825.973	703	3520
10	866	816.005	703	3520
11	858	805.676	703	3520
12	844	793.786	687	3520
13	833	784.545	654	3520
14	824	778.834	654	3520
15	810	769.287	654	3520
16	801	762.778	654	3520
17	794	758.044	654	3520
18	789	753.666	654	3520
19	782	749.08	654	3520
20	779	745.984	654	3520
21	776	743.084	654	3520
22	772	738.794	654	3520
23	766	735.662	648	3520
24	763	731.806	648	3520
25	757	726.962	635	3520
26	753	724.028	635	3520
27	751	721.557	635	3520
28	746	718.467	635	3520
29	742	715.743	635	3520
30	740	712.926	635	3520
31	737	710.724	635	3520
32	734	707.83	630	3520
33	732	705.733	630	3520
34	728	703.078	630	3520
35	724	700.297	630	3520
36	721	698.032	630	3520
37	721	695.893	630	3520
38	718	694.145	630	3520
39	716	691.812	630	3520
40	715	691.194	630	3520
41	712	689.494	630	3520
42	709	687.605	630	3520
43	706	685.394	630	3520
44	701	683.335	630	3520
45	701	682.111	630	3520
46	699	681.116	630	3520
47	696	679.294	630	3520
48	695	678.174	630	3520
49	693	676.965	630	3520
50	692	674.954	630	3520
51	690	673.195	613	3520
52	689	672.11	613	3520
53	687	670.441	613	3520
54	685	669.169	613	3520
55	684	668.124	613	3520
56	683	667.138	613	3520
57	682	666.664	613	3520
58	681	665.684	613	3520
59	680	665.22	613	3520
60	679	664.349	613	3520
61	677	662.159	611	3520
62	677	660.893	611	3520
63	674	659.523	611	3520
64	673	657.293	611	3520
65	671	655.999	611	3520
66	667	654.526	611	3520
67	665	653.527	611	3520
68	664	652.445	611	3520
69	664	651.601	611	3520
70	663	650.57	611	3520
71	660	649.363	611	3520
72	659	648.265	611	3520
73	658	647.505	611	3520
74	655	646.14	611	3520
75	652	645.113	611	3520
76	650	644.345	611	3520
77	649	643.938	611	3520
78	649	643.356	611	3520
79	647	642.606	611	3520
80	646	642.142	611	3520
81	646	642.082	611	3520
82	646	641.731	611	3520
83	646	640.82	602	3520
84	646	640.504	602	3520
85	646	639.982	602	3520
86	646	639.613	602	3520
87	646	639.389	602	3520
88	646	638.365	599	3520
89	646	637.812	599	3520
90	644	637.15	599	3520
91	644	636.045	597	3520
92	643	634.497	597	3520
93	643	633.135	597	3520
94	643	631.779	597	3520
95	641	631.192	597	3520
96	641	630.228	589	3520
97	640	628.899	589	3520
98	639	628.332	589	3520
99	638	626.889	589	3520
100	638	625.712	589	3520
101	635	624.367	589	3520
102	635	623.293	589	3520
103	635	622.184	589	3520
104	633	620.518	589	3520
105	631	618.814	589	3520
106	630	617.28	586	3520
107	628	616.2	586	3520
108	625	614.257	575	3520
109	622	612.336	575	3520
110	622	611.623	575	3520
111	621	610.546	575	3520
112	621	608.757	575	3520
113	620	607.346	575	3520
114	619	604.953	564	3520
115	614	603.057	564	3520
116	613	600.779	564	3520
117	611	598.913	564	3520
118	607	596.242	564	3520
119	599	593.674	564	3520
120	597	592.583	564	3520
121	597	590.45	564	3520
122	597	589.142	564	3520
123	597	586.019	564	3520
124	592	582.679	564	3520
125	588	579.675	564	3520
126	583	577.495	564	3520
127	582	575.54	564	3520
128	575	574.651	564	3520
129	575	574.385	554	3520
130	575	574.233	554	3520
131	575	573.812	537	3520
132	575	573.531	537	3520
133	575	573.19	537	3520
134	575	572.753	537	3520
135	575	572.174	537	3520
136	575	571.216	537	3520
137	575	569.562	537	3520
138	575	567.501	537	3520
139	574	564.976	537	3520
140	570	561.752	537	3520
141	567	559.446	537	3520
142	565	556.693	537	3520
143	562	553.666	537	3520
144	555	551.669	537	3520
145	554	550.518	537	3520
146	551	549.733	537	3520
147	551	549.4	537	3520
148	551	548.588	537	3520
149	551	547.634	537	3520
150	551	545.87	537	3520
151	548	544.015	537	3520
152	547	542.917	537	3520
153	546	541.446	537	3520
154	543	540.366	531	3520
155	541	539.793	531	3520
156	540	539.436	528	3520
157	540	539.215	528	3520
158	540	538.913	528	3520
159	540	538.638	528	3520
160	540	538.237	525	3520
161	540	537.699	525	3520
162	539	536.981	525	3520
163	538	536.609	525	3520
164	538	536.127	525	3520
165	537	535.842	525	3520
166	537	535.465	525	3520
167	537	534.817	525	3520
168	537	534.357	525	3520
169	537	533.632	525	3520
170	537	532.409	519	3520
171	536	531.51	519	3520
172	534	530.468	517	3520
173	531	530.177	517	3520
174	531	529.991	517	3520
175	531	529.637	516	3520
176	531	529.426	516	3520
177	531	528.933	516	3520
178	531	528.5	516	3520
179	531	527.747	516	3520
180	531	526.933	516	3520
181	530	526.239	516	3520
182	529	525.263	512	3520
183	528	524.292	512	3520
184	528	523.242	512	3520
185	526	522.523	512	3520
186	526	521.685	512	3520
187	525	520.812	512	3520
188	523	519.935	512	3520
189	522	518.857	512	3520
190	522	517.724	509	3520
191	519	516.745	509	3520
192	517	516.184	506	3520
193	517	515.978	506	3520
194	517	515.395	506	3520
195	517	514.615	506	3520
196	516	513.612	506	3520
197	516	512.549	502	3520
198	513	511.773	502	3520
199	512	511.543	495	3520
200	512	511.416	495	3520
201	512	511.219	495	3520
202	512	511.05	495	3520
203	512	510.812	495	3520
204	512	510.369	495	3520
205	512	509.712	495	3520
206	512	508.918	495	3520
207	512	508.058	495	3520
208	510	506.977	495	3520
209	510	505.644	495	3520
210	508	503.75	495	3520
211	508	502.03	495	3520
212	504	500.078	495	3520
213	502	498.608	495	3520
214	502	497.367	495	3520
215	499	495.179	494	3520
216	495	494.975	494	3520
217	495	494.965	494	3520
218	495	494.955	494	3520
219	495	494.935	494	3520
220	495	494.905	494	3520
221	495	494.885	494	3520
222	495	494.85	494	3520
223	495	494.83	494	3520
224	495	494.805	494	3520
225	495	494.715	494	3520
226	495	494.64	494	3520
227	495	494.585	494	3520
228	495	494.459	494	3520
229	495	494.285	494	3520
230	495	494.03	494	3520
231	494	494	494	3520
232	494	493.995	493	3520
233	494	493.995	493	3520
234	494	493.98	491	3520
235	494	493.929	488	3520
236	494	493.859	485	3520
237	494	493.777	485	3520
238	494	493.757	485	3520
239	494	493.565	484	3520
240	494	493.283	484	3520
241	494	492.965	484	3520
242	494	492.362	484	3520
243	494	491.78	484	3520
244	494	490.744	482	3520
245	493	489.697	482	3520
246	491	488.436	482	3520
247	490	487.346	475	3520
248	488	486.667	475	3520
249	488	486.069	475	3520
250	488	485.039	465	3520
251	486	484.207	465	3520
252	486	483.305	465	3520
253	485	482.557	463	3520
254	484	481.64	463	3520
255	484	481.078	463	3520
256	484	480.3	463	3520
257	484	479.176	463	3520
258	483	477.648	463	3520
259	482	475.274	460	3520
260	480	472.966	460	3520
261	476	470.81	460	3520
262	475	469.21	460	3520
263	474	466.914	460	3520
264	469	464.613	460	3520
265	465	463.48	453	3520
266	464	462.667	453	3520
267	463	462.582	453	3520
268	463	462.41	453	3520
269	463	462.199	453	3520
270	463	461.751	453	3520
271	463	461.303	451	3520
272	463	460.547	450	3520
273	461	460.143	450	3520
274	461	459.713	450	3520
275	461	459.098	450	3520
276	461	458.319	450	3520
277	461	456.982	447	3520
278	460	455.293	447	3520
279	457	453.819	447	3520
280	453	452.854	447	3520
281	453	452.677	447	3520
282	453	452.408	441	3520
283	453	452.085	441	3520
284	453	451.833	441	3520
285	453	451.335	441	3520
286	453	450.571	441	3520
287	453	449.496	441	3520
288	452	448.038	441	3520
289	449	446.855	441	3520
290	447	446.455	441	3520
291	447	446.132	441	3520
292	447	445.81	439	3520
293	447	445.287	439	3520
294	447	444.62	439	3520
295	447	443.796	439	3520
296	446	442.841	439	3520
297	445	441.891	439	3520
298	443	441.294	439	3520
299	442	440.879	439	3520
300	441	440.759	439	3520
301	441	440.694	439	3520
302	441	440.619	439	3520
303	441	440.469	439	3520
304	441	440.338	439	3520
305	441	440.118	439	3520
306	441	439.764	439	3520
307	440	439.379	438	3520
308	440	439.125	438	3520
309	439	438.985	438	3520
310	439	438.965	438	3520
311	439	438.965	438	3520
312	439	438.94	438	3520
313	439	438.925	438	3520
314	439	438.89	438	3520
315	439	438.875	438	3520
316	439	438.835	438	3520
317	439	438.8	438	3520
318	439	438.729	435	3520
319	439	438.644	435	3520
320	439	438.554	435	3520
321	439	438.364	433	3520
322	439	438.079	433	3520
323	438	437.859	433	3520
324	438	437.824	433	3520
325	438	437.698	433	3520
326	438	437.557	433	3520
327	438	437.436	433	3520
328	438	437.135	433	3520
329	438	436.749	433	3520
330	438	436.087	428	3520
331	438	435.394	428	3520
332	437	434.607	428	3520
333	435	434.232	428	3520
334	435	433.977	428	3520
335	435	433.658	428	3520
336	435	433.039	428	3520
337	433	432.949	428	3520
338	433	432.852	421	3520
339	433	432.693	421	3520
340	433	432.575	418	3520
341	433	432.34	418	3520
342	433	432.059	418	3520
343	433	431.768	418	3520
344	433	431.229	418	3520
345	433	430.648	418	3520
346	433	429.671	418	3520
347	433	428.413	418	3520
348	433	426.598	418	3520
349	432	423.651	412	3520
350	426	421.646	412	3520
351	421	420.382	412	3520
352	421	420.2	412	3520
353	421	419.864	412	3520
354	421	419.507	412	3520
355	421	418.835	412	3520
356	421	417.896	412	3520
357	419	416.994	412	3520
358	418	416.147	412	3520
359	418	415.08	412	3520
360	418	413.313	412	3520
361	412	412	412	3520
362	412	412	412	3520
363	412	412	412	3520
364	412	412	412	3520
365	412	412	412	3520
366	412	412	412	3520
367	412	412	412	3520
368	412	412	412	3520
369	412	412	412	3520
370	412	412	412	3520
371	412	412	412	3520
372	412	412	412	3520
373	412	412	412	3520
374	412	412	412	3520
375	412	412	412	3520
376	412	412	412	3520
377	412	412	412	3520
378	412	412	412	3520
379	412	412	412	3520
380	412	412	412	3520
381	412	412	412	3520
382	412	412	412	3520
383	412	412	412	3520
384	412	412	412	3520
385	412	412	412	3520
386	412	412	412	3520
387	412	412	412	3520
388	412	412	412	3520
389	412	412	412	3520
390	412	412	412	3520
391	412	412	412	3520
392	412	412	412	3520
393	412	412	412	3520
394	412	412	412	3520
395	412	412	412	3520
396	412	412	412	3520
397	412	412	412	3520
398	412	412	412	3520
399	412	412	412	3520
0	2695	1369.99	793	8115
1	1351	1119.26	793	8115
2	1175	1010.95	791	8115
3	1055	939.233	705	8115
4	996	905.486	705	8115
5	959	878.759	705	8115
6	930	857.666	705	8115
7	905	839.828	705	8115
8	876	823.499	700	8115
9	861	811.389	694	8115
10	854	804.961	694	8115
11	843	794.341	679	8115
12	832	785.993	668	8115
13	822	780.984	668	8115
14	815	775.226	668	8115
15	806	768.106	648	8115
16	801	763.895	648	8115
17	792	758.155	648	8115
18	788	751.814	648	8115
19	782	745.86	647	8115
20	773	738.959	647	8115
21	767	735.642	647	8115
22	763	728.882	647	8115
23	756	723.957	647	8115
24	752	720.323	647	8115
25	750	717.517	647	8115
26	745	714.062	646	8115
27	740	710.815	646	8115
28	737	707.979	623	8115
29	731	703.959	623	8115
30	728	700.499	623	8115
31	723	697.5	623	8115
32	719	695.028	623	8115
33	716	692.124	623	8115
34	712	688.274	623	8115
35	710	686.48	623	8115
36	707	683.149	623	8115
37	704	681.191	623	8115
38	700	677.197	623	8115
39	698	674.519	623	8115
40	695	672.514	623	8115
41	692	669.664	623	8115
42	688	665.783	605	8115
43	683	663.874	605	8115
44	681	661.997	605	8115
45	679	659.853	605	8115
46	673	657.352	605	8115
47	670	655.357	605	8115
48	668	653.63	605	8115
49	667	652.54	605	8115
50	665	650.94	605	8115
51	662	649.438	605	8115
52	658	648.178	605	8115
53	657	647.018	593	8115
54	657	646.177	593	8115
55	657	645.459	593	8115
56	657	644.268	593	8115
57	655	641.915	593	8115
58	653	640.73	593	8115
59	651	639.932	593	8115
60	650	638.837	593	8115
61	648	637.692	593	8115
62	648	636.71	593	8115
63	647	635.909	593	8115
64	646	634.637	593	8115
65	646	632.737	593	8115
66	645	631.775	593	8115
67	644	629.978	591	8115
68	644	628.384	591	8115
69	643	627.017	591	8115
70	641	626.221	591	8115
71	638	624.507	576	8115
72	637	623.885	576	8115
73	637	623.398	576	8115
74	636	622.867	576	8115
75	634	622.209	576	8115
76	634	621.557	576	8115
77	633	620.408	576	8115
78	632	619.399	576	8115
79	631	618.032	576	8115
80	630	616.806	571	8115
81	629	615.411	571	8115
82	627	614.245	571	8115
83	625	612.859	570	8115
84	625	611.925	570	8115
85	624	610.766	570	8115
86	623	609.688	570	8115
87	620	607.771	570	8115
88	617	606.479	570	8115
89	616	605.047	570	8115
90	614	603.402	570	8115
91	610	602.573	570	8115
92	606	601.912	570	8115
93	606	601.287	570	8115
94	606	599.956	570	8115
95	606	598.341	570	8115
96	605	596.659	570	8115
97	605	595.234	570	8115
98	604	593.446	570	8115
99	601	590.414	564	8115
100	594	588.464	564	8115
101	594	586.972	564	8115
102	592	585.234	564	8115
103	590	583.688	564	8115
104	586	582.58	564	8115
105	586	581.934	564	8115
106	585	581.388	564	8115
107	585	580.327	564	8115
108	585	578.891	564	8115
109	584	576.655	564	8115
110	582	574.911	558	8115
111	580	573.475	547	8115
112	577	572.057	547	8115
113	576	571.203	547	8115
114	573	570.614	547	8115
115	572	570.138	547	8115
116	572	569.882	547	8115
117	572	569.435	547	8115
118	571	569.003	547	8115
119	571	568.457	547	8115
120	571	568.085	547	8115
121	571	567.648	547	8115
122	571	566.857	547	8115
123	571	566.365	547	8115
124	570	565.949	547	8115
125	569	565.085	533	8115
126	568	564.132	533	8115
127	568	563.322	533	8115
128	568	562.026	533	8115
129	568	560.928	533	8115
130	565	559.494	533	8115
131	563	558.886	533	8115
132	563	558.423	533	8115
133	562	557.711	533	8115
134	562	557.273	533	8115
135	561	556.176	533	8115
136	560	555.304	533	8115
137	558	554.653	533	8115
138	557	554.139	533	8115
139	557	553.673	533	8115
140	557	553.184	533	8115
141	557	552.58	533	8115
142	555	551.974	533	8115
143	555	551.638	533	8115
144	555	551.008	533	8115
145	555	550.418	533	8115
146	554	549.721	533	8115
147	554	548.705	533	8115
148	554	548.033	533	8115
149	552	547.177	533	8115
150	551	546.453	533	8115
151	551	545.862	516	8115
152	551	545.316	516	8115
153	550	544.419	516	8115
154	548	543.846	516	8115
155	548	543.315	516	8115
156	547	542.775	516	8115
157	547	541.943	516	8115
158	547	541.215	516	8115
159	545	540.641	516	8115
160	545	539.659	516	8115
161	545	538.416	516	8115
162	544	537.604	516	8115
163	542	536.494	516	8115
164	542	535.616	516	8115
165	540	534.544	516	8115
166	540	533.278	514	8115
167	538	532.502	514	8115
168	538	531.398	514	8115
169	538	530.55	514	8115
170	536	529.556	514	8115
171	535	528.544	514	8115
172	534	527.463	514	8115
173	534	525.997	500	8115
174	532	524.74	500	8115
175	530	522.967	500	8115
176	528	520.514	500	8115
177	526	518.497	500	8115
178	522	516.766	495	8115
179	520	515.482	495	8115
180	516	514.655	495	8115
181	516	514.177	495	8115
182	516	513.449	495	8115
183	516	512.353	495	8115
184	514	511.832	495	8115
185	514	511.133	495	8115
186	514	510.16	493	8115
187	514	508.527	493	8115
188	510	507.585	493	8115
189	510	506.796	492	8115
190	510	505.809	492	8115
191	508	504.546	492	8115
192	508	502.928	492	8115
193	508	501.3	492	8115
194	506	499.379	490	8115
195	505	497.433	490	8115
196	500	495.759	490	8115
197	497	494.942	490	8115
198	495	494.598	490	8115
199	495	494.426	488	8115
200	495	494.275	488	8115
201	495	494.023	484	8115
202	495	493.632	484	8115
203	495	493.056	484	8115
204	495	492.29	484	8115
205	494	491.344	484	8115
206	492	490.699	484	8115
207	492	490.158	480	8115
208	492	489.225	474	8115
209	490	488.75	474	8115
210	490	488.215	474	8115
211	490	487.323	471	8115
212	490	486.132	471	8115
213	489	484.846	471	8115
214	486	483.593	471	8115
215	485	482.47	468	8115
216	484	481.184	468	8115
217	483	479.706	466	8115
218	483	478.132	465	8115
219	480	477.064	462	8115
220	480	475.631	456	8115
221	478	473.63	456	8115
222	477	472.081	456	8115
223	474	470.73	456	8115
224	474	469.592	456	8115
225	472	467.939	454	8115
226	470	466.733	454	8115
227	468	465.995	452	8115
228	468	465.336	452	8115
229	468	464.077	452	8115
230	467	462.721	452	8115
231	465	461.449	452	8115
232	464	460.463	452	8115
233	463	459.183	448	8115
234	462	457.514	432	8115
235	461	455.897	432	8115
236	459	454.549	432	8115
237	456	452.953	432	8115
238	455	452.04	432	8115
239	454	450.918	432	8115
240	452	449.942	432	8115
241	452	449.042	432	8115
242	452	447.338	427	8115
243	452	445.425	427	8115
244	450	443.188	422	8115
245	450	440.401	422	8115
246	445	438.057	422	8115
247	441	436.343	422	8115
248	440	434.505	422	8115
249	439	432.899	422	8115
250	435	431.589	422	8115
251	432	430.573	422	8115
252	432	430.09	422	8115
253	432	429.318	422	8115
254	432	428.434	419	8115
255	430	427.055	419	8115
256	428	426.487	419	8115
257	427	426.197	419	8115
258	427	425.931	419	8115
259	427	425.537	419	8115
260	426	424.899	419	8115
261	425	424.864	419	8115
262	425	424.829	419	8115
263	425	424.763	415	8115
264	425	424.692	415	8115
265	425	424.586	415	8115
266	425	424.448	415	8115
267	425	424.317	415	8115
268	425	424.136	415	8115
269	425	423.96	415	8115
270	425	423.658	415	8115
271	425	423.291	414	8115
272	425	422.85	414	8115
273	425	422.174	413	8115
274	424	421.107	413	8115
275	423	420.485	413	8115
276	423	419.681	413	8115
277	422	418.496	411	8115
278	421	417.332	411	8115
279	419	415.747	411	8115
280	417	414.632	411	8115
281	415	414.251	410	8115
282	415	413.885	410	8115
283	415	413.289	410	8115
284	414	412.476	410	8115
285	413	411.797	410	8115
286	413	411.104	410	8115
287	411	410.925	410	8115
288	411	410.905	410	8115
289	411	410.865	410	8115
290	411	410.81	410	8115
291	411	410.715	410	8115
292	411	410.549	410	8115
293	411	410.369	409	8115
294	411	410.075	409	8115
295	410	409.975	409	8115
296	410	409.965	409	8115
297	410	409.945	409	8115
298	410	409.925	409	8115
299	410	409.87	409	8115
300	410	409.83	409	8115
301	410	409.8	409	8115
302	410	409.755	409	8115
303	410	409.699	409	8115
304	410	409.629	408	8115
305	410	409.454	403	8115
306	410	409.234	403	8115
307	410	408.974	403	8115
308	409	408.955	403	8115
309	409	408.95	403	8115
310	409	408.944	403	8115
311	409	408.869	403	8115
312	409	408.732	403	8115
313	409	408.53	403	8115
314	409	408.242	403	8115
315	409	407.839	403	8115
316	409	407.271	403	8115
317	409	406.454	403	8115
318	409	405.352	403	8115
319	407	403.911	401	8115
320	404	403.09	401	8115
321	403	402.98	401	8115
322	403	402.975	401	8115
323	403	402.975	401	8115
324	403	402.842	391	8115
325	403	402.837	391	8115
326	403	402.811	391	8115
327	403	402.602	391	8115
328	403	402.496	391	8115
329	403	402.283	391	8115
330	403	401.923	391	8115
331	403	401.474	391	8115
332	403	400.839	391	8115
333	403	399.9	390	8115
334	403	398.946	390	8115
335	402	397.67	390	8115
336	399	396.897	390	8115
337	399	396.089	390	8115
338	399	395.035	390	8115
339	399	393.384	390	8115
340	394	392.38	385	8115
341	394	391.596	385	8115
342	392	391.046	385	8115
343	392	390.624	385	8115
344	391	390.255	385	8115
345	391	390.004	385	8115
346	391	389.593	385	8115
347	390	388.928	384	8115
348	390	388.486	382	8115
349	390	387.775	382	8115
350	389	387.036	381	8115
351	389	386.069	381	8115
352	387	385.221	381	8115
353	385	384.647	381	8115
354	385	384.537	381	8115
355	385	384.255	379	8115
356	385	383.959	379	8115
357	385	383.493	379	8115
358	385	382.798	379	8115
359	384	382.029	374	8115
360	384	381.208	374	8115
361	381	380.839	374	8115
362	381	380.723	374	8115
363	381	380.546	374	8115
364	381	380.405	374	8115
365	381	380.144	374	8115
366	381	379.646	374	8115
367	381	379.121	374	8115
368	380	378.582	374	8115
369	380	377.745	374	8115
370	379	376.656	374	8115
371	379	375.459	373	8115
372	376	374.109	373	8115
373	374	373.99	373	8115
374	374	373.975	373	8115
375	374	373.955	373	8115
376	374	373.91	373	8115
377	374	373.865	373	8115
378	374	373.795	372	8115
379	374	373.649	372	8115
380	374	373.504	372	8115
381	374	373.254	372	8115
382	373	372.96	372	8115
383	373	372.935	372	8115
384	373	372.895	372	8115
385	373	372.83	372	8115
386	373	372.724	372	8115
387	373	372.559	372	8115
388	373	372.299	372	8115
389	372	371.995	371	8115
390	372	371.99	371	8115
391	372	371.99	371	8115
392	372	371.985	371	8115
393	372	371.985	371	8115
394	372	371.965	369	8115
395	372	371.94	369	8115
396	372	371.904	369	8115
397	372	371.889	369	8115
398	372	371.849	369	8115
399	372	371.723	364	8115
0	2787	1381.9	798	8647
1	1388	1132.21	758	8647
2	1183	1035.19	758	8647
3	1096	971.832	728	8647
4	1027	924.678	728	8647
5	978	893.97	728	8647
6	935	869.336	700	8647
7	924	855.733	700	8647
8	904	841.899	692	8647
9	878	824.674	692	8647
10	866	816.533	692	8647
11	851	803.999	692	8647
12	843	794.77	692	8647
13	834	787.9	683	8647
14	825	781.706	676	8647
15	817	774.63	676	8647
16	810	771.629	676	8647
17	802	765.52	676	8647
18	800	761.266	676	8647
19	793	757.691	676	8647
20	787	754.172	676	8647
21	780	750.514	676	8647
22	775	746.901	676	8647
23	771	743.974	676	8647
24	763	738.137	672	8647
25	759	735.895	672	8647
26	757	733	672	8647
27	753	729.356	672	8647
28	751	727.256	672	8647
29	749	724.276	655	8647
30	748	721.852	655	8647
31	745	719.661	655	8647
32	742	716.489	655	8647
33	740	713.635	655	8647
34	739	710.428	651	8647
35	736	708.242	651	8647
36	730	704.884	651	8647
37	728	703.406	621	8647
38	726	699.776	619	8647
39	722	696.817	619	8647
40	718	694.03	619	8647
41	714	691.642	619	8647
42	711	689.191	619	8647
43	710	687.256	619	8647
44	706	685.328	619	8647
45	703	683.852	619	8647
46	701	682.601	619	8647
47	699	681.051	619	8647
48	698	678.779	619	8647
49	696	677.213	619	8647
50	694	676.405	619	8647
51	692	675.7	619	8647
52	690	674.291	619	8647
53	689	672.974	619	8647
54	687	672.055	619	8647
55	686	670.891	619	8647
56	685	668.93	619	8647
57	684	667.345	619	8647
58	683	665.671	613	8647
59	679	664.039	613	8647
60	678	663.022	613	8647
61	677	661.912	613	8647
62	676	659.922	613	8647
63	675	658.534	613	8647
64	673	657.546	613	8647
65	672	655.996	613	8647
66	671	654.58	613	8647
67	670	652.488	613	8647
68	667	649.925	613	8647
69	665	648.321	592	8647
70	663	647.236	592	8647
71	662	645.996	592	8647
72	660	644.184	592	8647
73	660	641.655	592	8647
74	658	640.055	592	8647
75	657	638.393	592	8647
76	655	637.363	592	8647
77	652	635.066	592	8647
78	648	633.278	592	8647
79	648	630.943	592	8647
80	644	629.109	592	8647
81	642	627.843	592	8647
82	640	625.954	592	8647
83	639	623.971	592	8647
84	635	621.922	591	8647
85	634	620.404	584	8647
86	629	618.164	584	8647
87	626	616.636	584	8647
88	624	615.151	566	8647
89	623	614.295	566	8647
90	621	612.777	566	8647
91	619	611.919	566	8647
92	618	610.639	566	8647
93	617	609.571	566	8647
94	617	608.443	566	8647
95	617	607.567	566	8647
96	614	605.92	566	8647
97	613	604.753	566	8647
98	613	603.331	566	8647
99	612	601.808	566	8647
100	610	600	549	8647
101	609	599.321	549	8647
102	608	597.786	549	8647
103	608	596.52	549	8647
104	606	594.853	549	8647
105	604	593.432	549	8647
106	601	591.808	549	8647
107	600	590.732	549	8647
108	598	589.066	547	8647
109	596	586.946	547	8647
110	594	585.582	547	8647
111	594	583.9	547	8647
112	592	581.82	547	8647
113	591	579.947	547	8647
114	590	578.905	547	8647
115	588	577.435	547	8647
116	585	575.928	547	8647
117	584	575.041	547	8647
118	582	573.852	547	8647
119	582	572.922	547	8647
120	581	572.143	547	8647
121	579	571.271	547	8647
122	578	570.37	547	8647
123	577	569.184	547	8647
124	573	568.149	547	8647
125	572	567.346	547	8647
126	572	566.297	547	8647
127	572	565.497	547	8647
128	572	564.668	547	8647
129	570	563.59	547	8647
130	569	562.265	547	8647
131	566	561.263	547	8647
132	566	560.078	547	8647
133	566	559.242	547	8647
134	565	558.28	547	8647
135	564	557.603	541	8647
136	564	556.39	541	8647
137	564	555.658	541	8647
138	563	554.915	541	8647
139	561	553.533	536	8647
140	558	552.051	536	8647
141	556	550.63	536	8647
142	555	549.933	536	8647
143	554	549.11	531	8647
144	553	548.294	531	8647
145	552	547.549	522	8647
146	549	546.915	522	8647
147	549	546.433	522	8647
148	549	545.879	522	8647
149	547	545.269	522	8647
150	547	544.637	522	8647
151	547	543.673	522	8647
152	547	542.669	507	8647
153	547	541.042	507	8647
154	546	538.629	507	8647
155	543	536.89	507	8647
156	541	534.96	507	8647
157	539	532.421	507	8647
158	538	531.053	507	8647
159	537	529.49	507	8647
160	536	527.7	507	8647
161	532	525.996	507	8647
162	529	524.23	507	8647
163	527	523.391	507	8647
164	526	522.241	505	8647
165	525	521.755	505	8647
166	525	521.243	505	8647
167	525	520.245	505	8647
168	525	519.313	499	8647
169	524	518.596	499	8647
170	522	517.366	499	8647
171	521	515.99	499	8647
172	521	514.738	499	8647
173	520	513.223	498	8647
174	518	512.221	494	8647
175	517	511.088	494	8647
176	515	510.281	494	8647
177	513	509.289	494	8647
178	512	508.552	494	8647
179	511	507.86	494	8647
180	509	507.433	494	8647
181	509	507.074	488	8647
182	509	506.697	488	8647
183	508	506.566	488	8647
184	508	506.409	488	8647
185	508	506.339	488	8647
186	508	505.945	487	8647
187	508	505.322	487	8647
188	508	504.884	487	8647
189	508	504.154	487	8647
190	508	503.668	487	8647
191	508	502.684	487	8647
192	508	502.081	487	8647
193	507	501.284	487	8647
194	507	500.276	487	8647
195	505	499.471	485	8647
196	505	498.675	485	8647
197	503	497.764	485	8647
198	502	496.775	485	8647
199	500	496.14	485	8647
200	499	495.568	485	8647
201	497	494.961	485	8647
202	496	494.786	485	8647
203	496	494.62	485	8647
204	496	494.384	485	8647
205	496	494.114	483	8647
206	496	493.889	483	8647
207	495	493.707	483	8647
208	495	493.48	483	8647
209	495	492.954	471	8647
210	495	492.697	471	8647
211	495	492.273	471	8647
212	495	491.976	471	8647
213	495	491.589	471	8647
214	495	490.785	471	8647
215	494	490.055	471	8647
216	494	489.397	471	8647
217	494	488.659	471	8647
218	494	487.885	471	8647
219	494	486.789	468	8647
220	490	485.796	468	8647
221	489	485.18	468	8647
222	488	484.801	468	8647
223	488	484.424	468	8647
224	488	483.903	468	8647
225	487	483.06	468	8647
226	487	482.545	468	8647
227	487	482.121	468	8647
228	485	480.972	468	8647
229	484	479.954	464	8647
230	484	479.284	464	8647
231	484	478.405	464	8647
232	483	477.227	464	8647
233	481	475.929	464	8647
234	481	474.598	464	8647
235	480	473.209	464	8647
236	477	471.334	459	8647
237	471	470.435	459	8647
238	471	470.178	459	8647
239	471	469.86	458	8647
240	471	469.542	458	8647
241	471	469.122	458	8647
242	471	468.466	458	8647
243	471	467.684	458	8647
244	468	467.209	458	8647
245	468	467.017	458	8647
246	468	466.593	458	8647
247	468	466.286	458	8647
248	468	465.899	458	8647
249	468	465.249	451	8647
250	468	464.629	451	8647
251	468	463.74	451	8647
252	467	462.801	451	8647
253	467	461.749	451	8647
254	464	461	451	8647
255	462	460.487	451	8647
256	462	460.013	451	8647
257	460	459.849	451	8647
258	460	459.768	451	8647
259	460	459.713	451	8647
260	460	459.566	450	8647
261	460	459.496	450	8647
262	460	459.285	450	8647
263	460	459.033	448	8647
264	460	458.72	448	8647
265	460	458.51	448	8647
266	459	458.143	448	8647
267	459	457.828	448	8647
268	459	457.551	448	8647
269	459	457.304	448	8647
270	459	456.975	448	8647
271	459	456.636	442	8647
272	459	456.354	442	8647
273	459	455.827	442	8647
274	459	455.105	442	8647
275	459	454.356	442	8647
276	458	453.429	442	8647
277	458	452.478	442	8647
278	457	451.655	442	8647
279	454	450.637	442	8647
280	454	450.166	442	8647
281	453	449.538	440	8647
282	451	448.799	432	8647
283	450	448.439	432	8647
284	450	448.209	432	8647
285	450	447.78	430	8647
286	449	447.201	430	8647
287	448	446.933	430	8647
288	448	446.516	430	8647
289	448	445.951	430	8647
290	448	445.287	429	8647
291	448	444.645	429	8647
292	448	443.695	429	8647
293	448	442.743	426	8647
294	448	441.327	424	8647
295	446	439.609	423	8647
296	442	438.059	423	8647
297	440	437.266	423	8647
298	439	436.788	423	8647
299	439	435.859	414	8647
300	439	435.429	414	8647
301	439	434.261	414	8647
302	439	432.656	414	8647
303	436	431.668	414	8647
304	435	430.949	414	8647
305	433	429.981	414	8647
306	433	429.139	414	8647
307	431	428.092	414	8647
308	431	426.96	414	8647
309	431	426	414	8647
310	430	424.272	407	8647
311	429	422.862	407	8647
312	427	420.564	407	8647
313	426	418.414	407	8647
314	420	416.229	407	8647
315	417	415.576	407	8647
316	417	415.106	407	8647
317	417	414.363	407	8647
318	414	413.655	407	8647
319	414	413.437	407	8647
320	414	413.224	404	8647
321	414	412.85	404	8647
322	414	412.249	404	8647
323	414	411.716	404	8647
324	414	411.092	399	8647
325	414	410.16	399	8647
326	414	408.98	399	8647
327	412	407.245	399	8647
328	408	406.609	399	8647
329	407	406.291	399	8647
330	407	405.881	399	8647
331	407	405.433	398	8647
332	407	405.02	398	8647
333	407	404.464	398	8647
334	407	403.549	398	8647
335	407	402.569	398	8647
336	404	401.662	398	8647
337	404	400.565	397	8647
338	403	399.462	397	8647
339	399	398.955	394	8647
340	399	398.955	394	8647
341	399	398.93	394	8647
342	399	398.919	394	8647
343	399	398.899	394	8647
344	399	398.874	394	8647
345	399	398.819	394	8647
346	399	398.743	394	8647
347	399	398.628	394	8647
348	399	398.492	394	8647
349	399	398.176	386	8647
350	399	397.783	386	8647
351	399	397.176	386	8647
352	398	396.094	386	8647
353	398	395.397	386	8647
354	397	394.731	386	8647
355	397	393.388	386	8647
356	396	391.925	386	8647
357	394	390.369	385	8647
358	394	388.284	385	8647
359	388	386.055	385	8647
360	386	385.99	385	8647
361	386	385.985	385	8647
362	386	385.975	385	8647
363	386	385.955	385	8647
364	386	385.915	385	8647
365	386	385.87	385	8647
366	386	385.805	385	8647
367	386	385.669	384	8647
368	386	385.504	384	8647
369	386	385.249	384	8647
370	385	384.91	384	8647
371	385	384.88	384	8647
372	385	384.785	384	8647
373	385	384.684	384	8647
374	385	384.534	384	8647
375	385	384.289	384	8647
376	384	384	384	8647
377	384	384	384	8647
378	384	384	384	8647
379	384	384	384	8647
380	384	384	384	8647
381	384	384	384	8647
382	384	384	384	8647
383	384	384	384	8647
384	384	384	384	8647
385	384	383.985	381	8647
386	384	383.97	381	8647
387	384	383.97	381	8647
388	384	383.97	381	8647
389	384	383.94	381	8647
390	384	383.909	381	8647
391	384	383.909	381	8647
392	384	383.864	381	8647
393	384	383.834	381	8647
394	384	383.804	381	8647
395	384	383.743	381	8647
396	384	383.668	381	8647
397	384	383.457	381	8647
398	384	383.301	381	8647
399	384	383.06	381	8647
