0	30328	15756.1	10658	3520
1	15270	13359.5	9976	3520
2	13658	12488.9	9870	3520
3	12870	11894	9870	3520
4	12364	11362.6	9376	3520
5	11870	10965.2	9082	3520
6	11282	10570	8282	3520
7	10776	10270.1	8282	3520
8	10576	10019.1	8282	3520
9	10376	9778.3	8282	3520
10	10070	9562.91	8282	3520
11	9976	9397.22	8282	3520
12	9788	9230.17	8282	3520
13	9564	9109.98	8282	3520
14	9388	8980.64	8282	3520
15	9282	8847.48	7976	3520
16	9082	8714.92	7976	3520
17	8894	8614.87	7976	3520
18	8776	8557.44	7976	3520
19	8776	8520.39	7976	3520
20	8588	8482.99	7776	3520
21	8588	8472.14	7776	3520
22	8576	8436.16	7776	3520
23	8576	8399.5	7776	3520
24	8576	8359.69	7776	3520
25	8494	8302.1	7776	3520
26	8482	8265.98	7776	3520
27	8376	8225.96	7776	3520
28	8282	8195.14	7776	3520
29	8282	8172.56	7776	3520
30	8282	8154.16	7776	3520
31	8282	8133.07	7776	3520
32	8282	8093.53	7776	3520
33	8188	8059.09	7776	3520
34	8188	8030.29	7776	3520
35	8188	7985.9	7776	3520
36	8082	7953.52	7776	3520
37	8082	7917.73	7776	3520
38	8082	7884.82	7776	3520
39	7976	7862.53	7776	3520
40	7976	7842.44	7776	3520
41	7882	7824.54	7776	3520
42	7882	7810.71	7776	3520
43	7882	7792.54	7776	3520
44	7788	7782.42	7776	3520
45	7788	7780.92	7776	3520
46	7788	7779.12	7776	3520
47	7788	7776.84	7776	3520
48	7776	7776	7776	3520
49	7776	7776	7776	3520
50	7776	7776	7776	3520
51	7776	7776	7776	3520
52	7776	7776	7776	3520
53	7776	7776	7776	3520
54	7776	7776	7776	3520
55	7776	7776	7776	3520
56	7776	7776	7776	3520
57	7776	7776	7776	3520
58	7776	7776	7776	3520
59	7776	7776	7776	3520
60	7776	7776	7776	3520
61	7776	7776	7776	3520
62	7776	7776	7776	3520
63	7776	7776	7776	3520
64	7776	7776	7776	3520
65	7776	7776	7776	3520
66	7776	7776	7776	3520
67	7776	7776	7776	3520
68	7776	7776	7776	3520
69	7776	7776	7776	3520
70	7776	7776	7776	3520
71	7776	7776	7776	3520
72	7776	7776	7776	3520
73	7776	7776	7776	3520
74	7776	7776	7776	3520
75	7776	7776	7776	3520
76	7776	7776	7776	3520
77	7776	7776	7776	3520
78	7776	7776	7776	3520
79	7776	7776	7776	3520
80	7776	7776	7776	3520
81	7776	7776	7776	3520
82	7776	7776	7776	3520
83	7776	7776	7776	3520
84	7776	7776	7776	3520
85	7776	7776	7776	3520
86	7776	7776	7776	3520
87	7776	7776	7776	3520
88	7776	7776	7776	3520
89	7776	7776	7776	3520
90	7776	7776	7776	3520
91	7776	7776	7776	3520
92	7776	7776	7776	3520
93	7776	7776	7776	3520
94	7776	7776	7776	3520
95	7776	7776	7776	3520
96	7776	7776	7776	3520
97	7776	7776	7776	3520
98	7776	7776	7776	3520
99	7776	7776	7776	3520
100	7776	7776	7776	3520
101	7776	7776	7776	3520
102	7776	7776	7776	3520
103	7776	7776	7776	3520
104	7776	7776	7776	3520
105	7776	7776	7776	3520
106	7776	7776	7776	3520
107	7776	7776	7776	3520
108	7776	7776	7776	3520
109	7776	7776	7776	3520
110	7776	7776	7776	3520
111	7776	7776	7776	3520
112	7776	7776	7776	3520
113	7776	7776	7776	3520
114	7776	7776	7776	3520
115	7776	7776	7776	3520
116	7776	7776	7776	3520
117	7776	7776	7776	3520
118	7776	7776	7776	3520
119	7776	7776	7776	3520
120	7776	7776	7776	3520
121	7776	7776	7776	3520
122	7776	7776	7776	3520
123	7776	7776	7776	3520
124	7776	7776	7776	3520
125	7776	7776	7776	3520
126	7776	7776	7776	3520
127	7776	7776	7776	3520
128	7776	7776	7776	3520
129	7776	7776	7776	3520
130	7776	7776	7776	3520
131	7776	7776	7776	3520
132	7776	7776	7776	3520
133	7776	7776	7776	3520
134	7776	7776	7776	3520
135	7776	7776	7776	3520
136	7776	7776	7776	3520
137	7776	7776	7776	3520
138	7776	7776	7776	3520
139	7776	7776	7776	3520
140	7776	7776	7776	3520
141	7776	7776	7776	3520
142	7776	7776	7776	3520
143	7776	7776	7776	3520
144	7776	7776	7776	3520
145	7776	7776	7776	3520
146	7776	7776	7776	3520
147	7776	7776	7776	3520
148	7776	7776	7776	3520
149	7776	7776	7776	3520
150	7776	7776	7776	3520
151	7776	7776	7776	3520
152	7776	7776	7776	3520
153	7776	7776	7776	3520
154	7776	7776	7776	3520
155	7776	7776	7776	3520
156	7776	7776	7776	3520
157	7776	7776	7776	3520
158	7776	7776	7776	3520
159	7776	7776	7776	3520
160	7776	7776	7776	3520
161	7776	7776	7776	3520
162	7776	7776	7776	3520
163	7776	7776	7776	3520
164	7776	7776	7776	3520
165	7776	7776	7776	3520
166	7776	7776	7776	3520
167	7776	7776	7776	3520
168	7776	7776	7776	3520
169	7776	7776	7776	3520
170	7776	7776	7776	3520
171	7776	7776	7776	3520
172	7776	7776	7776	3520
173	7776	7776	7776	3520
174	7776	7776	7776	3520
175	7776	7776	7776	3520
176	7776	7776	7776	3520
177	7776	7776	7776	3520
178	7776	7776	7776	3520
179	7776	7776	7776	3520
180	7776	7776	7776	3520
181	7776	7776	7776	3520
182	7776	7776	7776	3520
183	7776	7776	7776	3520
184	7776	7776	7776	3520
185	7776	7776	7776	3520
186	7776	7776	7776	3520
187	7776	7776	7776	3520
188	7776	7776	7776	3520
189	7776	7776	7776	3520
190	7776	7776	7776	3520
191	7776	7776	7776	3520
192	7776	7776	7776	3520
193	7776	7776	7776	3520
194	7776	7776	7776	3520
195	7776	7776	7776	3520
196	7776	7776	7776	3520
197	7776	7776	7776	3520
198	7776	7776	7776	3520
199	7776	7776	7776	3520
200	7776	7776	7776	3520
201	7776	7776	7776	3520
202	7776	7776	7776	3520
203	7776	7776	7776	3520
204	7776	7776	7776	3520
205	7776	7776	7776	3520
206	7776	7776	7776	3520
207	7776	7776	7776	3520
208	7776	7776	7776	3520
209	7776	7776	7776	3520
210	7776	7776	7776	3520
211	7776	7776	7776	3520
212	7776	7776	7776	3520
213	7776	7776	7776	3520
214	7776	7776	7776	3520
215	7776	7776	7776	3520
216	7776	7776	7776	3520
217	7776	7776	7776	3520
218	7776	7776	7776	3520
219	7776	7776	7776	3520
220	7776	7776	7776	3520
221	7776	7776	7776	3520
222	7776	7776	7776	3520
223	7776	7776	7776	3520
224	7776	7776	7776	3520
225	7776	7776	7776	3520
226	7776	7776	7776	3520
227	7776	7776	7776	3520
228	7776	7776	7776	3520
229	7776	7776	7776	3520
230	7776	7776	7776	3520
231	7776	7776	7776	3520
232	7776	7776	7776	3520
233	7776	7776	7776	3520
234	7776	7776	7776	3520
235	7776	7776	7776	3520
236	7776	7776	7776	3520
237	7776	7776	7776	3520
238	7776	7776	7776	3520
239	7776	7776	7776	3520
240	7776	7776	7776	3520
241	7776	7776	7776	3520
242	7776	7776	7776	3520
243	7776	7776	7776	3520
244	7776	7776	7776	3520
245	7776	7776	7776	3520
246	7776	7776	7776	3520
247	7776	7776	7776	3520
248	7776	7776	7776	3520
249	7776	7776	7776	3520
250	7776	7776	7776	3520
251	7776	7776	7776	3520
252	7776	7776	7776	3520
253	7776	7776	7776	3520
254	7776	7776	7776	3520
255	7776	7776	7776	3520
256	7776	7776	7776	3520
257	7776	7776	7776	3520
258	7776	7776	7776	3520
259	7776	7776	7776	3520
260	7776	7776	7776	3520
261	7776	7776	7776	3520
262	7776	7776	7776	3520
263	7776	7776	7776	3520
264	7776	7776	7776	3520
265	7776	7776	7776	3520
266	7776	7776	7776	3520
267	7776	7776	7776	3520
268	7776	7776	7776	3520
269	7776	7776	7776	3520
270	7776	7776	7776	3520
271	7776	7776	7776	3520
272	7776	7776	7776	3520
273	7776	7776	7776	3520
274	7776	7776	7776	3520
275	7776	7776	7776	3520
276	7776	7776	7776	3520
277	7776	7776	7776	3520
278	7776	7776	7776	3520
279	7776	7776	7776	3520
280	7776	7776	7776	3520
281	7776	7776	7776	3520
282	7776	7776	7776	3520
283	7776	7776	7776	3520
284	7776	7776	7776	3520
285	7776	7776	7776	3520
286	7776	7776	7776	3520
287	7776	7776	7776	3520
288	7776	7776	7776	3520
289	7776	7776	7776	3520
290	7776	7776	7776	3520
291	7776	7776	7776	3520
292	7776	7776	7776	3520
293	7776	7776	7776	3520
294	7776	7776	7776	3520
295	7776	7776	7776	3520
296	7776	7776	7776	3520
297	7776	7776	7776	3520
298	7776	7776	7776	3520
299	7776	7776	7776	3520
300	7776	7776	7776	3520
301	7776	7776	7776	3520
302	7776	7776	7776	3520
303	7776	7776	7776	3520
304	7776	7776	7776	3520
305	7776	7776	7776	3520
306	7776	7776	7776	3520
307	7776	7776	7776	3520
308	7776	7776	7776	3520
309	7776	7776	7776	3520
310	7776	7776	7776	3520
311	7776	7776	7776	3520
312	7776	7776	7776	3520
313	7776	7776	7776	3520
314	7776	7776	7776	3520
315	7776	7776	7776	3520
316	7776	7776	7776	3520
317	7776	7776	7776	3520
318	7776	7776	7776	3520
319	7776	7776	7776	3520
320	7776	7776	7776	3520
321	7776	7776	7776	3520
322	7776	7776	7776	3520
323	7776	7776	7776	3520
324	7776	7776	7776	3520
325	7776	7776	7776	3520
326	7776	7776	7776	3520
327	7776	7776	7776	3520
328	7776	7776	7776	3520
329	7776	7776	7776	3520
330	7776	7776	7776	3520
331	7776	7776	7776	3520
332	7776	7776	7776	3520
333	7776	7776	7776	3520
334	7776	7776	7776	3520
335	7776	7776	7776	3520
336	7776	7776	7776	3520
337	7776	7776	7776	3520
338	7776	7776	7776	3520
339	7776	7776	7776	3520
340	7776	7776	7776	3520
341	7776	7776	7776	3520
342	7776	7776	7776	3520
343	7776	7776	7776	3520
344	7776	7776	7776	3520
345	7776	7776	7776	3520
346	7776	7776	7776	3520
347	7776	7776	7776	3520
348	7776	7776	7776	3520
349	7776	7776	7776	3520
350	7776	7776	7776	3520
351	7776	7776	7776	3520
352	7776	7776	7776	3520
353	7776	7776	7776	3520
354	7776	7776	7776	3520
355	7776	7776	7776	3520
356	7776	7776	7776	3520
357	7776	7776	7776	3520
358	7776	7776	7776	3520
359	7776	7776	7776	3520
360	7776	7776	7776	3520
361	7776	7776	7776	3520
362	7776	7776	7776	3520
363	7776	7776	7776	3520
364	7776	7776	7776	3520
365	7776	7776	7776	3520
366	7776	7776	7776	3520
367	7776	7776	7776	3520
368	7776	7776	7776	3520
369	7776	7776	7776	3520
370	7776	7776	7776	3520
371	7776	7776	7776	3520
372	7776	7776	7776	3520
373	7776	7776	7776	3520
374	7776	7776	7776	3520
375	7776	7776	7776	3520
376	7776	7776	7776	3520
377	7776	7776	7776	3520
378	7776	7776	7776	3520
379	7776	7776	7776	3520
380	7776	7776	7776	3520
381	7776	7776	7776	3520
382	7776	7776	7776	3520
383	7776	7776	7776	3520
384	7776	7776	7776	3520
385	7776	7776	7776	3520
386	7776	7776	7776	3520
387	7776	7776	7776	3520
388	7776	7776	7776	3520
389	7776	7776	7776	3520
390	7776	7776	7776	3520
391	7776	7776	7776	3520
392	7776	7776	7776	3520
393	7776	7776	7776	3520
394	7776	7776	7776	3520
395	7776	7776	7776	3520
396	7776	7776	7776	3520
397	7776	7776	7776	3520
398	7776	7776	7776	3520
399	7776	7776	7776	3520
0	32222	15271.1	9894	8115
1	15152	13205.2	9894	8115
2	13576	12338.8	9188	8115
3	12764	11735.7	8882	8115
4	12176	11307.1	8882	8115
5	11764	10862.9	8682	8115
6	11294	10595.4	8682	8115
7	10976	10304.2	8682	8115
8	10682	10031.9	8576	8115
9	10564	9777.35	8282	8115
10	10164	9554.01	8282	8115
11	9882	9386.02	8282	8115
12	9776	9188.25	8188	8115
13	9482	9012.93	8188	8115
14	9282	8884.81	7882	8115
15	9188	8787.77	7882	8115
16	9082	8698.73	7882	8115
17	8882	8642.81	7882	8115
18	8870	8587.32	7882	8115
19	8776	8517.75	7882	8115
20	8682	8475.41	7882	8115
21	8576	8413.47	7882	8115
22	8576	8367.73	7882	8115
23	8482	8320.46	7882	8115
24	8482	8277.95	7800	8115
25	8388	8237.42	7800	8115
26	8376	8195.26	7776	8115
27	8376	8170.71	7776	8115
28	8282	8130.68	7776	8115
29	8282	8086.84	7776	8115
30	8188	8020.92	7776	8115
31	8094	7991.85	7776	8115
32	8082	7964.52	7776	8115
33	8082	7936.2	7776	8115
34	7976	7903.73	7776	8115
35	7976	7883.64	7776	8115
36	7882	7873.92	7776	8115
37	7882	7870.78	7776	8115
38	7882	7869.18	7776	8115
39	7882	7867.88	7776	8115
40	7882	7862.37	7776	8115
41	7882	7859	7776	8115
42	7882	7851.79	7776	8115
43	7882	7844.84	7776	8115
44	7882	7838.24	7776	8115
45	7882	7827.6	7776	8115
46	7882	7813.36	7776	8115
47	7882	7799.82	7776	8115
48	7800	7785.94	7776	8115
49	7800	7782.71	7776	8115
50	7800	7778.87	7776	8115
51	7788	7776.54	7776	8115
52	7776	7776	7776	8115
53	7776	7776	7776	8115
54	7776	7776	7776	8115
55	7776	7776	7776	8115
56	7776	7776	7776	8115
57	7776	7776	7776	8115
58	7776	7776	7776	8115
59	7776	7776	7776	8115
60	7776	7776	7776	8115
61	7776	7776	7776	8115
62	7776	7776	7776	8115
63	7776	7776	7776	8115
64	7776	7776	7776	8115
65	7776	7776	7776	8115
66	7776	7776	7776	8115
67	7776	7776	7776	8115
68	7776	7776	7776	8115
69	7776	7776	7776	8115
70	7776	7776	7776	8115
71	7776	7776	7776	8115
72	7776	7776	7776	8115
73	7776	7776	7776	8115
74	7776	7776	7776	8115
75	7776	7776	7776	8115
76	7776	7776	7776	8115
77	7776	7776	7776	8115
78	7776	7776	7776	8115
79	7776	7776	7776	8115
80	7776	7776	7776	8115
81	7776	7776	7776	8115
82	7776	7776	7776	8115
83	7776	7776	7776	8115
84	7776	7776	7776	8115
85	7776	7776	7776	8115
86	7776	7776	7776	8115
87	7776	7776	7776	8115
88	7776	7776	7776	8115
89	7776	7776	7776	8115
90	7776	7776	7776	8115
91	7776	7776	7776	8115
92	7776	7776	7776	8115
93	7776	7776	7776	8115
94	7776	7776	7776	8115
95	7776	7776	7776	8115
96	7776	7776	7776	8115
97	7776	7776	7776	8115
98	7776	7776	7776	8115
99	7776	7776	7776	8115
100	7776	7776	7776	8115
101	7776	7776	7776	8115
102	7776	7776	7776	8115
103	7776	7776	7776	8115
104	7776	7776	7776	8115
105	7776	7776	7776	8115
106	7776	7776	7776	8115
107	7776	7776	7776	8115
108	7776	7776	7776	8115
109	7776	7776	7776	8115
110	7776	7776	7776	8115
111	7776	7776	7776	8115
112	7776	7776	7776	8115
113	7776	7776	7776	8115
114	7776	7776	7776	8115
115	7776	7776	7776	8115
116	7776	7776	7776	8115
117	7776	7776	7776	8115
118	7776	7776	7776	8115
119	7776	7776	7776	8115
120	7776	7776	7776	8115
121	7776	7776	7776	8115
122	7776	7776	7776	8115
123	7776	7776	7776	8115
124	7776	7776	7776	8115
125	7776	7776	7776	8115
126	7776	7776	7776	8115
127	7776	7776	7776	8115
128	7776	7776	7776	8115
129	7776	7776	7776	8115
130	7776	7776	7776	8115
131	7776	7776	7776	8115
132	7776	7776	7776	8115
133	7776	7776	7776	8115
134	7776	7776	7776	8115
135	7776	7776	7776	8115
136	7776	7776	7776	8115
137	7776	7776	7776	8115
138	7776	7776	7776	8115
139	7776	7776	7776	8115
140	7776	7776	7776	8115
141	7776	7776	7776	8115
142	7776	7776	7776	8115
143	7776	7776	7776	8115
144	7776	7776	7776	8115
145	7776	7776	7776	8115
146	7776	7776	7776	8115
147	7776	7776	7776	8115
148	7776	7776	7776	8115
149	7776	7776	7776	8115
150	7776	7776	7776	8115
151	7776	7776	7776	8115
152	7776	7776	7776	8115
153	7776	7776	7776	8115
154	7776	7776	7776	8115
155	7776	7776	7776	8115
156	7776	7776	7776	8115
157	7776	7776	7776	8115
158	7776	7776	7776	8115
159	7776	7776	7776	8115
160	7776	7776	7776	8115
161	7776	7776	7776	8115
162	7776	7776	7776	8115
163	7776	7776	7776	8115
164	7776	7776	7776	8115
165	7776	7776	7776	8115
166	7776	7776	7776	8115
167	7776	7776	7776	8115
168	7776	7776	7776	8115
169	7776	7776	7776	8115
170	7776	7776	7776	8115
171	7776	7776	7776	8115
172	7776	7776	7776	8115
173	7776	7776	7776	8115
174	7776	7776	7776	8115
175	7776	7776	7776	8115
176	7776	7776	7776	8115
177	7776	7776	7776	8115
178	7776	7776	7776	8115
179	7776	7776	7776	8115
180	7776	7776	7776	8115
181	7776	7776	7776	8115
182	7776	7776	7776	8115
183	7776	7776	7776	8115
184	7776	7776	7776	8115
185	7776	7776	7776	8115
186	7776	7776	7776	8115
187	7776	7776	7776	8115
188	7776	7776	7776	8115
189	7776	7776	7776	8115
190	7776	7776	7776	8115
191	7776	7776	7776	8115
192	7776	7776	7776	8115
193	7776	7776	7776	8115
194	7776	7776	7776	8115
195	7776	7776	7776	8115
196	7776	7776	7776	8115
197	7776	7776	7776	8115
198	7776	7776	7776	8115
199	7776	7776	7776	8115
200	7776	7776	7776	8115
201	7776	7776	7776	8115
202	7776	7776	7776	8115
203	7776	7776	7776	8115
204	7776	7776	7776	8115
205	7776	7776	7776	8115
206	7776	7776	7776	8115
207	7776	7776	7776	8115
208	7776	7776	7776	8115
209	7776	7776	7776	8115
210	7776	7776	7776	8115
211	7776	7776	7776	8115
212	7776	7776	7776	8115
213	7776	7776	7776	8115
214	7776	7776	7776	8115
215	7776	7776	7776	8115
216	7776	7776	7776	8115
217	7776	7776	7776	8115
218	7776	7776	7776	8115
219	7776	7776	7776	8115
220	7776	7776	7776	8115
221	7776	7776	7776	8115
222	7776	7776	7776	8115
223	7776	7776	7776	8115
224	7776	7776	7776	8115
225	7776	7776	7776	8115
226	7776	7776	7776	8115
227	7776	7776	7776	8115
228	7776	7776	7776	8115
229	7776	7776	7776	8115
230	7776	7776	7776	8115
231	7776	7776	7776	8115
232	7776	7776	7776	8115
233	7776	7776	7776	8115
234	7776	7776	7776	8115
235	7776	7776	7776	8115
236	7776	7776	7776	8115
237	7776	7776	7776	8115
238	7776	7776	7776	8115
239	7776	7776	7776	8115
240	7776	7776	7776	8115
241	7776	7776	7776	8115
242	7776	7776	7776	8115
243	7776	7776	7776	8115
244	7776	7776	7776	8115
245	7776	7776	7776	8115
246	7776	7776	7776	8115
247	7776	7776	7776	8115
248	7776	7776	7776	8115
249	7776	7776	7776	8115
250	7776	7776	7776	8115
251	7776	7776	7776	8115
252	7776	7776	7776	8115
253	7776	7776	7776	8115
254	7776	7776	7776	8115
255	7776	7776	7776	8115
256	7776	7776	7776	8115
257	7776	7776	7776	8115
258	7776	7776	7776	8115
259	7776	7776	7776	8115
260	7776	7776	7776	8115
261	7776	7776	7776	8115
262	7776	7776	7776	8115
263	7776	7776	7776	8115
264	7776	7776	7776	8115
265	7776	7776	7776	8115
266	7776	7776	7776	8115
267	7776	7776	7776	8115
268	7776	7776	7776	8115
269	7776	7776	7776	8115
270	7776	7776	7776	8115
271	7776	7776	7776	8115
272	7776	7776	7776	8115
273	7776	7776	7776	8115
274	7776	7776	7776	8115
275	7776	7776	7776	8115
276	7776	7776	7776	8115
277	7776	7776	7776	8115
278	7776	7776	7776	8115
279	7776	7776	7776	8115
280	7776	7776	7776	8115
281	7776	7776	7776	8115
282	7776	7776	7776	8115
283	7776	7776	7776	8115
284	7776	7776	7776	8115
285	7776	7776	7776	8115
286	7776	7776	7776	8115
287	7776	7776	7776	8115
288	7776	7776	7776	8115
289	7776	7776	7776	8115
290	7776	7776	7776	8115
291	7776	7776	7776	8115
292	7776	7776	7776	8115
293	7776	7776	7776	8115
294	7776	7776	7776	8115
295	7776	7776	7776	8115
296	7776	7776	7776	8115
297	7776	7776	7776	8115
298	7776	7776	7776	8115
299	7776	7776	7776	8115
300	7776	7776	7776	8115
301	7776	7776	7776	8115
302	7776	7776	7776	8115
303	7776	7776	7776	8115
304	7776	7776	7776	8115
305	7776	7776	7776	8115
306	7776	7776	7776	8115
307	7776	7776	7776	8115
308	7776	7776	7776	8115
309	7776	7776	7776	8115
310	7776	7776	7776	8115
311	7776	7776	7776	8115
312	7776	7776	7776	8115
313	7776	7776	7776	8115
314	7776	7776	7776	8115
315	7776	7776	7776	8115
316	7776	7776	7776	8115
317	7776	7776	7776	8115
318	7776	7776	7776	8115
319	7776	7776	7776	8115
320	7776	7776	7776	8115
321	7776	7776	7776	8115
322	7776	7776	7776	8115
323	7776	7776	7776	8115
324	7776	7776	7776	8115
325	7776	7776	7776	8115
326	7776	7776	7776	8115
327	7776	7776	7776	8115
328	7776	7776	7776	8115
329	7776	7776	7776	8115
330	7776	7776	7776	8115
331	7776	7776	7776	8115
332	7776	7776	7776	8115
333	7776	7776	7776	8115
334	7776	7776	7776	8115
335	7776	7776	7776	8115
336	7776	7776	7776	8115
337	7776	7776	7776	8115
338	7776	7776	7776	8115
339	7776	7776	7776	8115
340	7776	7776	7776	8115
341	7776	7776	7776	8115
342	7776	7776	7776	8115
343	7776	7776	7776	8115
344	7776	7776	7776	8115
345	7776	7776	7776	8115
346	7776	7776	7776	8115
347	7776	7776	7776	8115
348	7776	7776	7776	8115
349	7776	7776	7776	8115
350	7776	7776	7776	8115
351	7776	7776	7776	8115
352	7776	7776	7776	8115
353	7776	7776	7776	8115
354	7776	7776	7776	8115
355	7776	7776	7776	8115
356	7776	7776	7776	8115
357	7776	7776	7776	8115
358	7776	7776	7776	8115
359	7776	7776	7776	8115
360	7776	7776	7776	8115
361	7776	7776	7776	8115
362	7776	7776	7776	8115
363	7776	7776	7776	8115
364	7776	7776	7776	8115
365	7776	7776	7776	8115
366	7776	7776	7776	8115
367	7776	7776	7776	8115
368	7776	7776	7776	8115
369	7776	7776	7776	8115
370	7776	7776	7776	8115
371	7776	7776	7776	8115
372	7776	7776	7776	8115
373	7776	7776	7776	8115
374	7776	7776	7776	8115
375	7776	7776	7776	8115
376	7776	7776	7776	8115
377	7776	7776	7776	8115
378	7776	7776	7776	8115
379	7776	7776	7776	8115
380	7776	7776	7776	8115
381	7776	7776	7776	8115
382	7776	7776	7776	8115
383	7776	7776	7776	8115
384	7776	7776	7776	8115
385	7776	7776	7776	8115
386	7776	7776	7776	8115
387	7776	7776	7776	8115
388	7776	7776	7776	8115
389	7776	7776	7776	8115
390	7776	7776	7776	8115
391	7776	7776	7776	8115
392	7776	7776	7776	8115
393	7776	7776	7776	8115
394	7776	7776	7776	8115
395	7776	7776	7776	8115
396	7776	7776	7776	8115
397	7776	7776	7776	8115
398	7776	7776	7776	8115
399	7776	7776	7776	8115
0	30634	15266.2	9082	8647
1	15082	13239.9	9082	8647
2	13576	12332.3	9082	8647
3	12764	11776.9	9082	8647
4	12176	11185.4	8082	8647
5	11576	10692	8082	8647
6	11164	10398.7	8082	8647
7	10870	10177.1	8082	8647
8	10588	9906.73	8082	8647
9	10376	9649.7	8082	8647
10	10082	9404.31	8082	8647
11	9682	9199.8	8082	8647
12	9564	9059.91	8082	8647
13	9376	8955.92	8082	8647
14	9188	8833.77	8082	8647
15	9082	8750.22	7976	8647
16	8976	8667.61	7976	8647
17	8882	8611.25	7882	8647
18	8776	8542.65	7882	8647
19	8682	8485.99	7882	8647
20	8588	8438.06	7882	8647
21	8576	8394.08	7882	8647
22	8576	8347.44	7882	8647
23	8564	8288.67	7882	8647
24	8482	8223.14	7882	8647
25	8388	8177.64	7882	8647
26	8294	8131.71	7882	8647
27	8282	8092.97	7882	8647
28	8176	8053.26	7882	8647
29	8082	8026.74	7882	8647
30	8082	8010.01	7788	8647
31	8082	7985.72	7788	8647
32	8082	7964.5	7788	8647
33	7988	7945.76	7788	8647
34	7976	7937.2	7788	8647
35	7976	7929.19	7788	8647
36	7976	7919.71	7788	8647
37	7976	7907.04	7788	8647
38	7976	7891.13	7776	8647
39	7882	7871.49	7776	8647
40	7882	7868.52	7776	8647
41	7882	7866.03	7776	8647
42	7882	7862.12	7776	8647
43	7882	7860.22	7776	8647
44	7882	7854.43	7776	8647
45	7882	7850.47	7776	8647
46	7882	7840.86	7776	8647
47	7882	7832.74	7776	8647
48	7882	7824.93	7776	8647
49	7882	7816.26	7776	8647
50	7882	7801.36	7776	8647
51	7882	7786.22	7776	8647
52	7788	7784.76	7776	8647
53	7788	7784.46	7776	8647
54	7788	7783.56	7776	8647
55	7788	7782.54	7776	8647
56	7788	7781.16	7776	8647
57	7788	7780.08	7776	8647
58	7788	7778.46	7776	8647
59	7788	7776.6	7776	8647
60	7776	7776	7776	8647
61	7776	7776	7776	8647
62	7776	7776	7776	8647
63	7776	7776	7776	8647
64	7776	7776	7776	8647
65	7776	7776	7776	8647
66	7776	7776	7776	8647
67	7776	7776	7776	8647
68	7776	7776	7776	8647
69	7776	7776	7776	8647
70	7776	7776	7776	8647
71	7776	7776	7776	8647
72	7776	7776	7776	8647
73	7776	7776	7776	8647
74	7776	7776	7776	8647
75	7776	7776	7776	8647
76	7776	7776	7776	8647
77	7776	7776	7776	8647
78	7776	7776	7776	8647
79	7776	7776	7776	8647
80	7776	7776	7776	8647
81	7776	7776	7776	8647
82	7776	7776	7776	8647
83	7776	7776	7776	8647
84	7776	7776	7776	8647
85	7776	7776	7776	8647
86	7776	7776	7776	8647
87	7776	7776	7776	8647
88	7776	7776	7776	8647
89	7776	7776	7776	8647
90	7776	7776	7776	8647
91	7776	7776	7776	8647
92	7776	7776	7776	8647
93	7776	7776	7776	8647
94	7776	7776	7776	8647
95	7776	7776	7776	8647
96	7776	7776	7776	8647
97	7776	7776	7776	8647
98	7776	7776	7776	8647
99	7776	7776	7776	8647
100	7776	7776	7776	8647
101	7776	7776	7776	8647
102	7776	7776	7776	8647
103	7776	7776	7776	8647
104	7776	7776	7776	8647
105	7776	7776	7776	8647
106	7776	7776	7776	8647
107	7776	7776	7776	8647
108	7776	7776	7776	8647
109	7776	7776	7776	8647
110	7776	7776	7776	8647
111	7776	7776	7776	8647
112	7776	7776	7776	8647
113	7776	7776	7776	8647
114	7776	7776	7776	8647
115	7776	7776	7776	8647
116	7776	7776	7776	8647
117	7776	7776	7776	8647
118	7776	7776	7776	8647
119	7776	7776	7776	8647
120	7776	7776	7776	8647
121	7776	7776	7776	8647
122	7776	7776	7776	8647
123	7776	7776	7776	8647
124	7776	7776	7776	8647
125	7776	7776	7776	8647
126	7776	7776	7776	8647
127	7776	7776	7776	8647
128	7776	7776	7776	8647
129	7776	7776	7776	8647
130	7776	7776	7776	8647
131	7776	7776	7776	8647
132	7776	7776	7776	8647
133	7776	7776	7776	8647
134	7776	7776	7776	8647
135	7776	7776	7776	8647
136	7776	7776	7776	8647
137	7776	7776	7776	8647
138	7776	7776	7776	8647
139	7776	7776	7776	8647
140	7776	7776	7776	8647
141	7776	7776	7776	8647
142	7776	7776	7776	8647
143	7776	7776	7776	8647
144	7776	7776	7776	8647
145	7776	7776	7776	8647
146	7776	7776	7776	8647
147	7776	7776	7776	8647
148	7776	7776	7776	8647
149	7776	7776	7776	8647
150	7776	7776	7776	8647
151	7776	7776	7776	8647
152	7776	7776	7776	8647
153	7776	7776	7776	8647
154	7776	7776	7776	8647
155	7776	7776	7776	8647
156	7776	7776	7776	8647
157	7776	7776	7776	8647
158	7776	7776	7776	8647
159	7776	7776	7776	8647
160	7776	7776	7776	8647
161	7776	7776	7776	8647
162	7776	7776	7776	8647
163	7776	7776	7776	8647
164	7776	7776	7776	8647
165	7776	7776	7776	8647
166	7776	7776	7776	8647
167	7776	7776	7776	8647
168	7776	7776	7776	8647
169	7776	7776	7776	8647
170	7776	7776	7776	8647
171	7776	7776	7776	8647
172	7776	7776	7776	8647
173	7776	7776	7776	8647
174	7776	7776	7776	8647
175	7776	7776	7776	8647
176	7776	7776	7776	8647
177	7776	7776	7776	8647
178	7776	7776	7776	8647
179	7776	7776	7776	8647
180	7776	7776	7776	8647
181	7776	7776	7776	8647
182	7776	7776	7776	8647
183	7776	7776	7776	8647
184	7776	7776	7776	8647
185	7776	7776	7776	8647
186	7776	7776	7776	8647
187	7776	7776	7776	8647
188	7776	7776	7776	8647
189	7776	7776	7776	8647
190	7776	7776	7776	8647
191	7776	7776	7776	8647
192	7776	7776	7776	8647
193	7776	7776	7776	8647
194	7776	7776	7776	8647
195	7776	7776	7776	8647
196	7776	7776	7776	8647
197	7776	7776	7776	8647
198	7776	7776	7776	8647
199	7776	7776	7776	8647
200	7776	7776	7776	8647
201	7776	7776	7776	8647
202	7776	7776	7776	8647
203	7776	7776	7776	8647
204	7776	7776	7776	8647
205	7776	7776	7776	8647
206	7776	7776	7776	8647
207	7776	7776	7776	8647
208	7776	7776	7776	8647
209	7776	7776	7776	8647
210	7776	7776	7776	8647
211	7776	7776	7776	8647
212	7776	7776	7776	8647
213	7776	7776	7776	8647
214	7776	7776	7776	8647
215	7776	7776	7776	8647
216	7776	7776	7776	8647
217	7776	7776	7776	8647
218	7776	7776	7776	8647
219	7776	7776	7776	8647
220	7776	7776	7776	8647
221	7776	7776	7776	8647
222	7776	7776	7776	8647
223	7776	7776	7776	8647
224	7776	7776	7776	8647
225	7776	7776	7776	8647
226	7776	7776	7776	8647
227	7776	7776	7776	8647
228	7776	7776	7776	8647
229	7776	7776	7776	8647
230	7776	7776	7776	8647
231	7776	7776	7776	8647
232	7776	7776	7776	8647
233	7776	7776	7776	8647
234	7776	7776	7776	8647
235	7776	7776	7776	8647
236	7776	7776	7776	8647
237	7776	7776	7776	8647
238	7776	7776	7776	8647
239	7776	7776	7776	8647
240	7776	7776	7776	8647
241	7776	7776	7776	8647
242	7776	7776	7776	8647
243	7776	7776	7776	8647
244	7776	7776	7776	8647
245	7776	7776	7776	8647
246	7776	7776	7776	8647
247	7776	7776	7776	8647
248	7776	7776	7776	8647
249	7776	7776	7776	8647
250	7776	7776	7776	8647
251	7776	7776	7776	8647
252	7776	7776	7776	8647
253	7776	7776	7776	8647
254	7776	7776	7776	8647
255	7776	7776	7776	8647
256	7776	7776	7776	8647
257	7776	7776	7776	8647
258	7776	7776	7776	8647
259	7776	7776	7776	8647
260	7776	7776	7776	8647
261	7776	7776	7776	8647
262	7776	7776	7776	8647
263	7776	7776	7776	8647
264	7776	7776	7776	8647
265	7776	7776	7776	8647
266	7776	7776	7776	8647
267	7776	7776	7776	8647
268	7776	7776	7776	8647
269	7776	7776	7776	8647
270	7776	7776	7776	8647
271	7776	7776	7776	8647
272	7776	7776	7776	8647
273	7776	7776	7776	8647
274	7776	7776	7776	8647
275	7776	7776	7776	8647
276	7776	7776	7776	8647
277	7776	7776	7776	8647
278	7776	7776	7776	8647
279	7776	7776	7776	8647
280	7776	7776	7776	8647
281	7776	7776	7776	8647
282	7776	7776	7776	8647
283	7776	7776	7776	8647
284	7776	7776	7776	8647
285	7776	7776	7776	8647
286	7776	7776	7776	8647
287	7776	7776	7776	8647
288	7776	7776	7776	8647
289	7776	7776	7776	8647
290	7776	7776	7776	8647
291	7776	7776	7776	8647
292	7776	7776	7776	8647
293	7776	7776	7776	8647
294	7776	7776	7776	8647
295	7776	7776	7776	8647
296	7776	7776	7776	8647
297	7776	7776	7776	8647
298	7776	7776	7776	8647
299	7776	7776	7776	8647
300	7776	7776	7776	8647
301	7776	7776	7776	8647
302	7776	7776	7776	8647
303	7776	7776	7776	8647
304	7776	7776	7776	8647
305	7776	7776	7776	8647
306	7776	7776	7776	8647
307	7776	7776	7776	8647
308	7776	7776	7776	8647
309	7776	7776	7776	8647
310	7776	7776	7776	8647
311	7776	7776	7776	8647
312	7776	7776	7776	8647
313	7776	7776	7776	8647
314	7776	7776	7776	8647
315	7776	7776	7776	8647
316	7776	7776	7776	8647
317	7776	7776	7776	8647
318	7776	7776	7776	8647
319	7776	7776	7776	8647
320	7776	7776	7776	8647
321	7776	7776	7776	8647
322	7776	7776	7776	8647
323	7776	7776	7776	8647
324	7776	7776	7776	8647
325	7776	7776	7776	8647
326	7776	7776	7776	8647
327	7776	7776	7776	8647
328	7776	7776	7776	8647
329	7776	7776	7776	8647
330	7776	7776	7776	8647
331	7776	7776	7776	8647
332	7776	7776	7776	8647
333	7776	7776	7776	8647
334	7776	7776	7776	8647
335	7776	7776	7776	8647
336	7776	7776	7776	8647
337	7776	7776	7776	8647
338	7776	7776	7776	8647
339	7776	7776	7776	8647
340	7776	7776	7776	8647
341	7776	7776	7776	8647
342	7776	7776	7776	8647
343	7776	7776	7776	8647
344	7776	7776	7776	8647
345	7776	7776	7776	8647
346	7776	7776	7776	8647
347	7776	7776	7776	8647
348	7776	7776	7776	8647
349	7776	7776	7776	8647
350	7776	7776	7776	8647
351	7776	7776	7776	8647
352	7776	7776	7776	8647
353	7776	7776	7776	8647
354	7776	7776	7776	8647
355	7776	7776	7776	8647
356	7776	7776	7776	8647
357	7776	7776	7776	8647
358	7776	7776	7776	8647
359	7776	7776	7776	8647
360	7776	7776	7776	8647
361	7776	7776	7776	8647
362	7776	7776	7776	8647
363	7776	7776	7776	8647
364	7776	7776	7776	8647
365	7776	7776	7776	8647
366	7776	7776	7776	8647
367	7776	7776	7776	8647
368	7776	7776	7776	8647
369	7776	7776	7776	8647
370	7776	7776	7776	8647
371	7776	7776	7776	8647
372	7776	7776	7776	8647
373	7776	7776	7776	8647
374	7776	7776	7776	8647
375	7776	7776	7776	8647
376	7776	7776	7776	8647
377	7776	7776	7776	8647
378	7776	7776	7776	8647
379	7776	7776	7776	8647
380	7776	7776	7776	8647
381	7776	7776	7776	8647
382	7776	7776	7776	8647
383	7776	7776	7776	8647
384	7776	7776	7776	8647
385	7776	7776	7776	8647
386	7776	7776	7776	8647
387	7776	7776	7776	8647
388	7776	7776	7776	8647
389	7776	7776	7776	8647
390	7776	7776	7776	8647
391	7776	7776	7776	8647
392	7776	7776	7776	8647
393	7776	7776	7776	8647
394	7776	7776	7776	8647
395	7776	7776	7776	8647
396	7776	7776	7776	8647
397	7776	7776	7776	8647
398	7776	7776	7776	8647
399	7776	7776	7776	8647
0	33552	15260.5	9788	9420
1	14776	13066.5	9682	9420
2	13458	12136.2	9482	9420
3	12682	11622.5	9482	9420
4	12164	11188.1	8788	9420
5	11588	10851.3	8788	9420
6	11188	10508.4	8788	9420
7	10858	10176	8576	9420
8	10482	9995.18	8576	9420
9	10364	9835.73	8576	9420
10	10176	9645.22	8094	9420
11	9976	9491.52	8094	9420
12	9776	9361.72	8094	9420
13	9576	9246.34	8094	9420
14	9482	9150.08	8094	9420
15	9376	9048.94	8094	9420
16	9376	8912.51	8094	9420
17	9094	8778.02	8082	9420
18	8988	8694.16	8082	9420
19	8882	8632.24	7776	9420
20	8788	8575.74	7776	9420
21	8764	8517.96	7776	9420
22	8588	8477.19	7776	9420
23	8576	8433.51	7776	9420
24	8576	8392.72	7776	9420
25	8576	8339.37	7776	9420
26	8564	8264.88	7776	9420
27	8388	8211.58	7776	9420
28	8376	8159	7776	9420
29	8282	8099.32	7776	9420
30	8282	8061.19	7776	9420
31	8094	8010.19	7776	9420
32	8094	7982.5	7776	9420
33	8082	7941.25	7776	9420
34	7988	7917.77	7776	9420
35	7976	7899.17	7776	9420
36	7976	7870.02	7776	9420
37	7976	7829.37	7776	9420
38	7882	7795.91	7776	9420
39	7788	7776.9	7776	9420
40	7776	7776	7776	9420
41	7776	7776	7776	9420
42	7776	7776	7776	9420
43	7776	7776	7776	9420
44	7776	7776	7776	9420
45	7776	7776	7776	9420
46	7776	7776	7776	9420
47	7776	7776	7776	9420
48	7776	7776	7776	9420
49	7776	7776	7776	9420
50	7776	7776	7776	9420
51	7776	7776	7776	9420
52	7776	7776	7776	9420
53	7776	7776	7776	9420
54	7776	7776	7776	9420
55	7776	7776	7776	9420
56	7776	7776	7776	9420
57	7776	7776	7776	9420
58	7776	7776	7776	9420
59	7776	7776	7776	9420
60	7776	7776	7776	9420
61	7776	7776	7776	9420
62	7776	7776	7776	9420
63	7776	7776	7776	9420
64	7776	7776	7776	9420
65	7776	7776	7776	9420
66	7776	7776	7776	9420
67	7776	7776	7776	9420
68	7776	7776	7776	9420
69	7776	7776	7776	9420
70	7776	7776	7776	9420
71	7776	7776	7776	9420
72	7776	7776	7776	9420
73	7776	7776	7776	9420
74	7776	7776	7776	9420
75	7776	7776	7776	9420
76	7776	7776	7776	9420
77	7776	7776	7776	9420
78	7776	7776	7776	9420
79	7776	7776	7776	9420
80	7776	7776	7776	9420
81	7776	7776	7776	9420
82	7776	7776	7776	9420
83	7776	7776	7776	9420
84	7776	7776	7776	9420
85	7776	7776	7776	9420
86	7776	7776	7776	9420
87	7776	7776	7776	9420
88	7776	7776	7776	9420
89	7776	7776	7776	9420
90	7776	7776	7776	9420
91	7776	7776	7776	9420
92	7776	7776	7776	9420
93	7776	7776	7776	9420
94	7776	7776	7776	9420
95	7776	7776	7776	9420
96	7776	7776	7776	9420
97	7776	7776	7776	9420
98	7776	7776	7776	9420
99	7776	7776	7776	9420
100	7776	7776	7776	9420
101	7776	7776	7776	9420
102	7776	7776	7776	9420
103	7776	7776	7776	9420
104	7776	7776	7776	9420
105	7776	7776	7776	9420
106	7776	7776	7776	9420
107	7776	7776	7776	9420
108	7776	7776	7776	9420
109	7776	7776	7776	9420
110	7776	7776	7776	9420
111	7776	7776	7776	9420
112	7776	7776	7776	9420
113	7776	7776	7776	9420
114	7776	7776	7776	9420
115	7776	7776	7776	9420
116	7776	7776	7776	9420
117	7776	7776	7776	9420
118	7776	7776	7776	9420
119	7776	7776	7776	9420
120	7776	7776	7776	9420
121	7776	7776	7776	9420
122	7776	7776	7776	9420
123	7776	7776	7776	9420
124	7776	7776	7776	9420
125	7776	7776	7776	9420
126	7776	7776	7776	9420
127	7776	7776	7776	9420
128	7776	7776	7776	9420
129	7776	7776	7776	9420
130	7776	7776	7776	9420
131	7776	7776	7776	9420
132	7776	7776	7776	9420
133	7776	7776	7776	9420
134	7776	7776	7776	9420
135	7776	7776	7776	9420
136	7776	7776	7776	9420
137	7776	7776	7776	9420
138	7776	7776	7776	9420
139	7776	7776	7776	9420
140	7776	7776	7776	9420
141	7776	7776	7776	9420
142	7776	7776	7776	9420
143	7776	7776	7776	9420
144	7776	7776	7776	9420
145	7776	7776	7776	9420
146	7776	7776	7776	9420
147	7776	7776	7776	9420
148	7776	7776	7776	9420
149	7776	7776	7776	9420
150	7776	7776	7776	9420
151	7776	7776	7776	9420
152	7776	7776	7776	9420
153	7776	7776	7776	9420
154	7776	7776	7776	9420
155	7776	7776	7776	9420
156	7776	7776	7776	9420
157	7776	7776	7776	9420
158	7776	7776	7776	9420
159	7776	7776	7776	9420
160	7776	7776	7776	9420
161	7776	7776	7776	9420
162	7776	7776	7776	9420
163	7776	7776	7776	9420
164	7776	7776	7776	9420
165	7776	7776	7776	9420
166	7776	7776	7776	9420
167	7776	7776	7776	9420
168	7776	7776	7776	9420
169	7776	7776	7776	9420
170	7776	7776	7776	9420
171	7776	7776	7776	9420
172	7776	7776	7776	9420
173	7776	7776	7776	9420
174	7776	7776	7776	9420
175	7776	7776	7776	9420
176	7776	7776	7776	9420
177	7776	7776	7776	9420
178	7776	7776	7776	9420
179	7776	7776	7776	9420
180	7776	7776	7776	9420
181	7776	7776	7776	9420
182	7776	7776	7776	9420
183	7776	7776	7776	9420
184	7776	7776	7776	9420
185	7776	7776	7776	9420
186	7776	7776	7776	9420
187	7776	7776	7776	9420
188	7776	7776	7776	9420
189	7776	7776	7776	9420
190	7776	7776	7776	9420
191	7776	7776	7776	9420
192	7776	7776	7776	9420
193	7776	7776	7776	9420
194	7776	7776	7776	9420
195	7776	7776	7776	9420
196	7776	7776	7776	9420
197	7776	7776	7776	9420
198	7776	7776	7776	9420
199	7776	7776	7776	9420
200	7776	7776	7776	9420
201	7776	7776	7776	9420
202	7776	7776	7776	9420
203	7776	7776	7776	9420
204	7776	7776	7776	9420
205	7776	7776	7776	9420
206	7776	7776	7776	9420
207	7776	7776	7776	9420
208	7776	7776	7776	9420
209	7776	7776	7776	9420
210	7776	7776	7776	9420
211	7776	7776	7776	9420
212	7776	7776	7776	9420
213	7776	7776	7776	9420
214	7776	7776	7776	9420
215	7776	7776	7776	9420
216	7776	7776	7776	9420
217	7776	7776	7776	9420
218	7776	7776	7776	9420
219	7776	7776	7776	9420
220	7776	7776	7776	9420
221	7776	7776	7776	9420
222	7776	7776	7776	9420
223	7776	7776	7776	9420
224	7776	7776	7776	9420
225	7776	7776	7776	9420
226	7776	7776	7776	9420
227	7776	7776	7776	9420
228	7776	7776	7776	9420
229	7776	7776	7776	9420
230	7776	7776	7776	9420
231	7776	7776	7776	9420
232	7776	7776	7776	9420
233	7776	7776	7776	9420
234	7776	7776	7776	9420
235	7776	7776	7776	9420
236	7776	7776	7776	9420
237	7776	7776	7776	9420
238	7776	7776	7776	9420
239	7776	7776	7776	9420
240	7776	7776	7776	9420
241	7776	7776	7776	9420
242	7776	7776	7776	9420
243	7776	7776	7776	9420
244	7776	7776	7776	9420
245	7776	7776	7776	9420
246	7776	7776	7776	9420
247	7776	7776	7776	9420
248	7776	7776	7776	9420
249	7776	7776	7776	9420
250	7776	7776	7776	9420
251	7776	7776	7776	9420
252	7776	7776	7776	9420
253	7776	7776	7776	9420
254	7776	7776	7776	9420
255	7776	7776	7776	9420
256	7776	7776	7776	9420
257	7776	7776	7776	9420
258	7776	7776	7776	9420
259	7776	7776	7776	9420
260	7776	7776	7776	9420
261	7776	7776	7776	9420
262	7776	7776	7776	9420
263	7776	7776	7776	9420
264	7776	7776	7776	9420
265	7776	7776	7776	9420
266	7776	7776	7776	9420
267	7776	7776	7776	9420
268	7776	7776	7776	9420
269	7776	7776	7776	9420
270	7776	7776	7776	9420
271	7776	7776	7776	9420
272	7776	7776	7776	9420
273	7776	7776	7776	9420
274	7776	7776	7776	9420
275	7776	7776	7776	9420
276	7776	7776	7776	9420
277	7776	7776	7776	9420
278	7776	7776	7776	9420
279	7776	7776	7776	9420
280	7776	7776	7776	9420
281	7776	7776	7776	9420
282	7776	7776	7776	9420
283	7776	7776	7776	9420
284	7776	7776	7776	9420
285	7776	7776	7776	9420
286	7776	7776	7776	9420
287	7776	7776	7776	9420
288	7776	7776	7776	9420
289	7776	7776	7776	9420
290	7776	7776	7776	9420
291	7776	7776	7776	9420
292	7776	7776	7776	9420
293	7776	7776	7776	9420
294	7776	7776	7776	9420
295	7776	7776	7776	9420
296	7776	7776	7776	9420
297	7776	7776	7776	9420
298	7776	7776	7776	9420
299	7776	7776	7776	9420
300	7776	7776	7776	9420
301	7776	7776	7776	9420
302	7776	7776	7776	9420
303	7776	7776	7776	9420
304	7776	7776	7776	9420
305	7776	7776	7776	9420
306	7776	7776	7776	9420
307	7776	7776	7776	9420
308	7776	7776	7776	9420
309	7776	7776	7776	9420
310	7776	7776	7776	9420
311	7776	7776	7776	9420
312	7776	7776	7776	9420
313	7776	7776	7776	9420
314	7776	7776	7776	9420
315	7776	7776	7776	9420
316	7776	7776	7776	9420
317	7776	7776	7776	9420
318	7776	7776	7776	9420
319	7776	7776	7776	9420
320	7776	7776	7776	9420
321	7776	7776	7776	9420
322	7776	7776	7776	9420
323	7776	7776	7776	9420
324	7776	7776	7776	9420
325	7776	7776	7776	9420
326	7776	7776	7776	9420
327	7776	7776	7776	9420
328	7776	7776	7776	9420
329	7776	7776	7776	9420
330	7776	7776	7776	9420
331	7776	7776	7776	9420
332	7776	7776	7776	9420
333	7776	7776	7776	9420
334	7776	7776	7776	9420
335	7776	7776	7776	9420
336	7776	7776	7776	9420
337	7776	7776	7776	9420
338	7776	7776	7776	9420
339	7776	7776	7776	9420
340	7776	7776	7776	9420
341	7776	7776	7776	9420
342	7776	7776	7776	9420
343	7776	7776	7776	9420
344	7776	7776	7776	9420
345	7776	7776	7776	9420
346	7776	7776	7776	9420
347	7776	7776	7776	9420
348	7776	7776	7776	9420
349	7776	7776	7776	9420
350	7776	7776	7776	9420
351	7776	7776	7776	9420
352	7776	7776	7776	9420
353	7776	7776	7776	9420
354	7776	7776	7776	9420
355	7776	7776	7776	9420
356	7776	7776	7776	9420
357	7776	7776	7776	9420
358	7776	7776	7776	9420
359	7776	7776	7776	9420
360	7776	7776	7776	9420
361	7776	7776	7776	9420
362	7776	7776	7776	9420
363	7776	7776	7776	9420
364	7776	7776	7776	9420
365	7776	7776	7776	9420
366	7776	7776	7776	9420
367	7776	7776	7776	9420
368	7776	7776	7776	9420
369	7776	7776	7776	9420
370	7776	7776	7776	9420
371	7776	7776	7776	9420
372	7776	7776	7776	9420
373	7776	7776	7776	9420
374	7776	7776	7776	9420
375	7776	7776	7776	9420
376	7776	7776	7776	9420
377	7776	7776	7776	9420
378	7776	7776	7776	9420
379	7776	7776	7776	9420
380	7776	7776	7776	9420
381	7776	7776	7776	9420
382	7776	7776	7776	9420
383	7776	7776	7776	9420
384	7776	7776	7776	9420
385	7776	7776	7776	9420
386	7776	7776	7776	9420
387	7776	7776	7776	9420
388	7776	7776	7776	9420
389	7776	7776	7776	9420
390	7776	7776	7776	9420
391	7776	7776	7776	9420
392	7776	7776	7776	9420
393	7776	7776	7776	9420
394	7776	7776	7776	9420
395	7776	7776	7776	9420
396	7776	7776	7776	9420
397	7776	7776	7776	9420
398	7776	7776	7776	9420
399	7776	7776	7776	9420
0	27140	15385.1	10282	3116
1	15070	13198.7	9964	3116
2	13470	12370.8	9670	3116
3	12764	11868.9	9364	3116
4	12270	11415	8776	3116
5	11776	11024.1	8776	3116
6	11564	10694.4	8776	3116
7	11176	10446	8776	3116
8	10870	10195	8776	3116
9	10552	9989.36	8776	3116
10	10282	9819.61	8576	3116
11	10176	9699.73	8576	3116
12	9988	9572.05	8576	3116
13	9964	9418.95	8376	3116
14	9764	9300.54	8376	3116
15	9576	9170.16	8282	3116
16	9388	9058.14	8282	3116
17	9282	8928.13	8282	3116
18	9176	8849.06	7988	3116
19	9070	8757.83	7988	3116
20	8882	8693.93	7882	3116
21	8788	8649.87	7882	3116
22	8776	8603.06	7882	3116
23	8776	8563.03	7882	3116
24	8776	8503.06	7882	3116
25	8682	8461.85	7882	3116
26	8588	8434.31	7870	3116
27	8588	8399.61	7776	3116
28	8576	8349.17	7776	3116
29	8576	8308.4	7776	3116
30	8482	8261.48	7776	3116
31	8470	8226.71	7776	3116
32	8376	8185.43	7776	3116
33	8376	8148.71	7776	3116
34	8282	8098.63	7776	3116
35	8282	8052.41	7776	3116
36	8176	7994.92	7776	3116
37	8082	7967.85	7776	3116
38	8082	7934.12	7776	3116
39	7976	7913.24	7776	3116
40	7976	7899.05	7776	3116
41	7976	7878.53	7776	3116
42	7894	7858.26	7776	3116
43	7882	7854.4	7776	3116
44	7882	7844.69	7776	3116
45	7882	7837.13	7776	3116
46	7882	7822.11	7776	3116
47	7882	7804.05	7776	3116
48	7870	7779.39	7776	3116
49	7776	7776	7776	3116
50	7776	7776	7776	3116
51	7776	7776	7776	3116
52	7776	7776	7776	3116
53	7776	7776	7776	3116
54	7776	7776	7776	3116
55	7776	7776	7776	3116
56	7776	7776	7776	3116
57	7776	7776	7776	3116
58	7776	7776	7776	3116
59	7776	7776	7776	3116
60	7776	7776	7776	3116
61	7776	7776	7776	3116
62	7776	7776	7776	3116
63	7776	7776	7776	3116
64	7776	7776	7776	3116
65	7776	7776	7776	3116
66	7776	7776	7776	3116
67	7776	7776	7776	3116
68	7776	7776	7776	3116
69	7776	7776	7776	3116
70	7776	7776	7776	3116
71	7776	7776	7776	3116
72	7776	7776	7776	3116
73	7776	7776	7776	3116
74	7776	7776	7776	3116
75	7776	7776	7776	3116
76	7776	7776	7776	3116
77	7776	7776	7776	3116
78	7776	7776	7776	3116
79	7776	7776	7776	3116
80	7776	7776	7776	3116
81	7776	7776	7776	3116
82	7776	7776	7776	3116
83	7776	7776	7776	3116
84	7776	7776	7776	3116
85	7776	7776	7776	3116
86	7776	7776	7776	3116
87	7776	7776	7776	3116
88	7776	7776	7776	3116
89	7776	7776	7776	3116
90	7776	7776	7776	3116
91	7776	7776	7776	3116
92	7776	7776	7776	3116
93	7776	7776	7776	3116
94	7776	7776	7776	3116
95	7776	7776	7776	3116
96	7776	7776	7776	3116
97	7776	7776	7776	3116
98	7776	7776	7776	3116
99	7776	7776	7776	3116
100	7776	7776	7776	3116
101	7776	7776	7776	3116
102	7776	7776	7776	3116
103	7776	7776	7776	3116
104	7776	7776	7776	3116
105	7776	7776	7776	3116
106	7776	7776	7776	3116
107	7776	7776	7776	3116
108	7776	7776	7776	3116
109	7776	7776	7776	3116
110	7776	7776	7776	3116
111	7776	7776	7776	3116
112	7776	7776	7776	3116
113	7776	7776	7776	3116
114	7776	7776	7776	3116
115	7776	7776	7776	3116
116	7776	7776	7776	3116
117	7776	7776	7776	3116
118	7776	7776	7776	3116
119	7776	7776	7776	3116
120	7776	7776	7776	3116
121	7776	7776	7776	3116
122	7776	7776	7776	3116
123	7776	7776	7776	3116
124	7776	7776	7776	3116
125	7776	7776	7776	3116
126	7776	7776	7776	3116
127	7776	7776	7776	3116
128	7776	7776	7776	3116
129	7776	7776	7776	3116
130	7776	7776	7776	3116
131	7776	7776	7776	3116
132	7776	7776	7776	3116
133	7776	7776	7776	3116
134	7776	7776	7776	3116
135	7776	7776	7776	3116
136	7776	7776	7776	3116
137	7776	7776	7776	3116
138	7776	7776	7776	3116
139	7776	7776	7776	3116
140	7776	7776	7776	3116
141	7776	7776	7776	3116
142	7776	7776	7776	3116
143	7776	7776	7776	3116
144	7776	7776	7776	3116
145	7776	7776	7776	3116
146	7776	7776	7776	3116
147	7776	7776	7776	3116
148	7776	7776	7776	3116
149	7776	7776	7776	3116
150	7776	7776	7776	3116
151	7776	7776	7776	3116
152	7776	7776	7776	3116
153	7776	7776	7776	3116
154	7776	7776	7776	3116
155	7776	7776	7776	3116
156	7776	7776	7776	3116
157	7776	7776	7776	3116
158	7776	7776	7776	3116
159	7776	7776	7776	3116
160	7776	7776	7776	3116
161	7776	7776	7776	3116
162	7776	7776	7776	3116
163	7776	7776	7776	3116
164	7776	7776	7776	3116
165	7776	7776	7776	3116
166	7776	7776	7776	3116
167	7776	7776	7776	3116
168	7776	7776	7776	3116
169	7776	7776	7776	3116
170	7776	7776	7776	3116
171	7776	7776	7776	3116
172	7776	7776	7776	3116
173	7776	7776	7776	3116
174	7776	7776	7776	3116
175	7776	7776	7776	3116
176	7776	7776	7776	3116
177	7776	7776	7776	3116
178	7776	7776	7776	3116
179	7776	7776	7776	3116
180	7776	7776	7776	3116
181	7776	7776	7776	3116
182	7776	7776	7776	3116
183	7776	7776	7776	3116
184	7776	7776	7776	3116
185	7776	7776	7776	3116
186	7776	7776	7776	3116
187	7776	7776	7776	3116
188	7776	7776	7776	3116
189	7776	7776	7776	3116
190	7776	7776	7776	3116
191	7776	7776	7776	3116
192	7776	7776	7776	3116
193	7776	7776	7776	3116
194	7776	7776	7776	3116
195	7776	7776	7776	3116
196	7776	7776	7776	3116
197	7776	7776	7776	3116
198	7776	7776	7776	3116
199	7776	7776	7776	3116
200	7776	7776	7776	3116
201	7776	7776	7776	3116
202	7776	7776	7776	3116
203	7776	7776	7776	3116
204	7776	7776	7776	3116
205	7776	7776	7776	3116
206	7776	7776	7776	3116
207	7776	7776	7776	3116
208	7776	7776	7776	3116
209	7776	7776	7776	3116
210	7776	7776	7776	3116
211	7776	7776	7776	3116
212	7776	7776	7776	3116
213	7776	7776	7776	3116
214	7776	7776	7776	3116
215	7776	7776	7776	3116
216	7776	7776	7776	3116
217	7776	7776	7776	3116
218	7776	7776	7776	3116
219	7776	7776	7776	3116
220	7776	7776	7776	3116
221	7776	7776	7776	3116
222	7776	7776	7776	3116
223	7776	7776	7776	3116
224	7776	7776	7776	3116
225	7776	7776	7776	3116
226	7776	7776	7776	3116
227	7776	7776	7776	3116
228	7776	7776	7776	3116
229	7776	7776	7776	3116
230	7776	7776	7776	3116
231	7776	7776	7776	3116
232	7776	7776	7776	3116
233	7776	7776	7776	3116
234	7776	7776	7776	3116
235	7776	7776	7776	3116
236	7776	7776	7776	3116
237	7776	7776	7776	3116
238	7776	7776	7776	3116
239	7776	7776	7776	3116
240	7776	7776	7776	3116
241	7776	7776	7776	3116
242	7776	7776	7776	3116
243	7776	7776	7776	3116
244	7776	7776	7776	3116
245	7776	7776	7776	3116
246	7776	7776	7776	3116
247	7776	7776	7776	3116
248	7776	7776	7776	3116
249	7776	7776	7776	3116
250	7776	7776	7776	3116
251	7776	7776	7776	3116
252	7776	7776	7776	3116
253	7776	7776	7776	3116
254	7776	7776	7776	3116
255	7776	7776	7776	3116
256	7776	7776	7776	3116
257	7776	7776	7776	3116
258	7776	7776	7776	3116
259	7776	7776	7776	3116
260	7776	7776	7776	3116
261	7776	7776	7776	3116
262	7776	7776	7776	3116
263	7776	7776	7776	3116
264	7776	7776	7776	3116
265	7776	7776	7776	3116
266	7776	7776	7776	3116
267	7776	7776	7776	3116
268	7776	7776	7776	3116
269	7776	7776	7776	3116
270	7776	7776	7776	3116
271	7776	7776	7776	3116
272	7776	7776	7776	3116
273	7776	7776	7776	3116
274	7776	7776	7776	3116
275	7776	7776	7776	3116
276	7776	7776	7776	3116
277	7776	7776	7776	3116
278	7776	7776	7776	3116
279	7776	7776	7776	3116
280	7776	7776	7776	3116
281	7776	7776	7776	3116
282	7776	7776	7776	3116
283	7776	7776	7776	3116
284	7776	7776	7776	3116
285	7776	7776	7776	3116
286	7776	7776	7776	3116
287	7776	7776	7776	3116
288	7776	7776	7776	3116
289	7776	7776	7776	3116
290	7776	7776	7776	3116
291	7776	7776	7776	3116
292	7776	7776	7776	3116
293	7776	7776	7776	3116
294	7776	7776	7776	3116
295	7776	7776	7776	3116
296	7776	7776	7776	3116
297	7776	7776	7776	3116
298	7776	7776	7776	3116
299	7776	7776	7776	3116
300	7776	7776	7776	3116
301	7776	7776	7776	3116
302	7776	7776	7776	3116
303	7776	7776	7776	3116
304	7776	7776	7776	3116
305	7776	7776	7776	3116
306	7776	7776	7776	3116
307	7776	7776	7776	3116
308	7776	7776	7776	3116
309	7776	7776	7776	3116
310	7776	7776	7776	3116
311	7776	7776	7776	3116
312	7776	7776	7776	3116
313	7776	7776	7776	3116
314	7776	7776	7776	3116
315	7776	7776	7776	3116
316	7776	7776	7776	3116
317	7776	7776	7776	3116
318	7776	7776	7776	3116
319	7776	7776	7776	3116
320	7776	7776	7776	3116
321	7776	7776	7776	3116
322	7776	7776	7776	3116
323	7776	7776	7776	3116
324	7776	7776	7776	3116
325	7776	7776	7776	3116
326	7776	7776	7776	3116
327	7776	7776	7776	3116
328	7776	7776	7776	3116
329	7776	7776	7776	3116
330	7776	7776	7776	3116
331	7776	7776	7776	3116
332	7776	7776	7776	3116
333	7776	7776	7776	3116
334	7776	7776	7776	3116
335	7776	7776	7776	3116
336	7776	7776	7776	3116
337	7776	7776	7776	3116
338	7776	7776	7776	3116
339	7776	7776	7776	3116
340	7776	7776	7776	3116
341	7776	7776	7776	3116
342	7776	7776	7776	3116
343	7776	7776	7776	3116
344	7776	7776	7776	3116
345	7776	7776	7776	3116
346	7776	7776	7776	3116
347	7776	7776	7776	3116
348	7776	7776	7776	3116
349	7776	7776	7776	3116
350	7776	7776	7776	3116
351	7776	7776	7776	3116
352	7776	7776	7776	3116
353	7776	7776	7776	3116
354	7776	7776	7776	3116
355	7776	7776	7776	3116
356	7776	7776	7776	3116
357	7776	7776	7776	3116
358	7776	7776	7776	3116
359	7776	7776	7776	3116
360	7776	7776	7776	3116
361	7776	7776	7776	3116
362	7776	7776	7776	3116
363	7776	7776	7776	3116
364	7776	7776	7776	3116
365	7776	7776	7776	3116
366	7776	7776	7776	3116
367	7776	7776	7776	3116
368	7776	7776	7776	3116
369	7776	7776	7776	3116
370	7776	7776	7776	3116
371	7776	7776	7776	3116
372	7776	7776	7776	3116
373	7776	7776	7776	3116
374	7776	7776	7776	3116
375	7776	7776	7776	3116
376	7776	7776	7776	3116
377	7776	7776	7776	3116
378	7776	7776	7776	3116
379	7776	7776	7776	3116
380	7776	7776	7776	3116
381	7776	7776	7776	3116
382	7776	7776	7776	3116
383	7776	7776	7776	3116
384	7776	7776	7776	3116
385	7776	7776	7776	3116
386	7776	7776	7776	3116
387	7776	7776	7776	3116
388	7776	7776	7776	3116
389	7776	7776	7776	3116
390	7776	7776	7776	3116
391	7776	7776	7776	3116
392	7776	7776	7776	3116
393	7776	7776	7776	3116
394	7776	7776	7776	3116
395	7776	7776	7776	3116
396	7776	7776	7776	3116
397	7776	7776	7776	3116
398	7776	7776	7776	3116
399	7776	7776	7776	3116
0	33810	15352.5	9070	6377
1	15058	13121.7	9070	6377
2	13564	12249.9	9070	6377
3	12670	11578.7	9070	6377
4	12058	11054.7	8976	6377
5	11576	10694	8976	6377
6	11164	10337.3	8588	6377
7	10682	10067.3	8588	6377
8	10376	9902.96	8588	6377
9	10282	9753.59	8470	6377
10	10082	9588.69	8470	6377
11	9882	9456.41	8470	6377
12	9764	9323.22	8470	6377
13	9564	9225.29	8470	6377
14	9482	9138	8470	6377
15	9294	9056.82	8470	6377
16	9282	8979.37	8082	6377
17	9176	8894.38	8082	6377
18	9082	8827.96	7976	6377
19	8976	8762.6	7976	6377
20	8976	8697.01	7788	6377
21	8882	8645.8	7788	6377
22	8788	8602.8	7788	6377
23	8776	8570.54	7788	6377
24	8682	8514.89	7788	6377
25	8670	8479.3	7788	6377
26	8588	8449.48	7788	6377
27	8576	8413.02	7788	6377
28	8576	8385.44	7788	6377
29	8564	8326.58	7788	6377
30	8470	8275.03	7788	6377
31	8470	8236.21	7788	6377
32	8388	8189.75	7788	6377
33	8376	8131.17	7788	6377
34	8282	8079.53	7788	6377
35	8188	8029.65	7788	6377
36	8176	7994.39	7776	6377
37	8082	7960.58	7776	6377
38	8082	7923.47	7776	6377
39	7976	7892.44	7776	6377
40	7976	7866.57	7776	6377
41	7894	7835.29	7776	6377
42	7882	7819.27	7776	6377
43	7882	7800.69	7776	6377
44	7788	7786.5	7776	6377
45	7788	7785.96	7776	6377
46	7788	7785.54	7776	6377
47	7788	7784.82	7776	6377
48	7788	7783.98	7776	6377
49	7788	7783.2	7776	6377
50	7788	7781.4	7776	6377
51	7788	7779.12	7776	6377
52	7788	7776.48	7776	6377
53	7776	7776	7776	6377
54	7776	7776	7776	6377
55	7776	7776	7776	6377
56	7776	7776	7776	6377
57	7776	7776	7776	6377
58	7776	7776	7776	6377
59	7776	7776	7776	6377
60	7776	7776	7776	6377
61	7776	7776	7776	6377
62	7776	7776	7776	6377
63	7776	7776	7776	6377
64	7776	7776	7776	6377
65	7776	7776	7776	6377
66	7776	7776	7776	6377
67	7776	7776	7776	6377
68	7776	7776	7776	6377
69	7776	7776	7776	6377
70	7776	7776	7776	6377
71	7776	7776	7776	6377
72	7776	7776	7776	6377
73	7776	7776	7776	6377
74	7776	7776	7776	6377
75	7776	7776	7776	6377
76	7776	7776	7776	6377
77	7776	7776	7776	6377
78	7776	7776	7776	6377
79	7776	7776	7776	6377
80	7776	7776	7776	6377
81	7776	7776	7776	6377
82	7776	7776	7776	6377
83	7776	7776	7776	6377
84	7776	7776	7776	6377
85	7776	7776	7776	6377
86	7776	7776	7776	6377
87	7776	7776	7776	6377
88	7776	7776	7776	6377
89	7776	7776	7776	6377
90	7776	7776	7776	6377
91	7776	7776	7776	6377
92	7776	7776	7776	6377
93	7776	7776	7776	6377
94	7776	7776	7776	6377
95	7776	7776	7776	6377
96	7776	7776	7776	6377
97	7776	7776	7776	6377
98	7776	7776	7776	6377
99	7776	7776	7776	6377
100	7776	7776	7776	6377
101	7776	7776	7776	6377
102	7776	7776	7776	6377
103	7776	7776	7776	6377
104	7776	7776	7776	6377
105	7776	7776	7776	6377
106	7776	7776	7776	6377
107	7776	7776	7776	6377
108	7776	7776	7776	6377
109	7776	7776	7776	6377
110	7776	7776	7776	6377
111	7776	7776	7776	6377
112	7776	7776	7776	6377
113	7776	7776	7776	6377
114	7776	7776	7776	6377
115	7776	7776	7776	6377
116	7776	7776	7776	6377
117	7776	7776	7776	6377
118	7776	7776	7776	6377
119	7776	7776	7776	6377
120	7776	7776	7776	6377
121	7776	7776	7776	6377
122	7776	7776	7776	6377
123	7776	7776	7776	6377
124	7776	7776	7776	6377
125	7776	7776	7776	6377
126	7776	7776	7776	6377
127	7776	7776	7776	6377
128	7776	7776	7776	6377
129	7776	7776	7776	6377
130	7776	7776	7776	6377
131	7776	7776	7776	6377
132	7776	7776	7776	6377
133	7776	7776	7776	6377
134	7776	7776	7776	6377
135	7776	7776	7776	6377
136	7776	7776	7776	6377
137	7776	7776	7776	6377
138	7776	7776	7776	6377
139	7776	7776	7776	6377
140	7776	7776	7776	6377
141	7776	7776	7776	6377
142	7776	7776	7776	6377
143	7776	7776	7776	6377
144	7776	7776	7776	6377
145	7776	7776	7776	6377
146	7776	7776	7776	6377
147	7776	7776	7776	6377
148	7776	7776	7776	6377
149	7776	7776	7776	6377
150	7776	7776	7776	6377
151	7776	7776	7776	6377
152	7776	7776	7776	6377
153	7776	7776	7776	6377
154	7776	7776	7776	6377
155	7776	7776	7776	6377
156	7776	7776	7776	6377
157	7776	7776	7776	6377
158	7776	7776	7776	6377
159	7776	7776	7776	6377
160	7776	7776	7776	6377
161	7776	7776	7776	6377
162	7776	7776	7776	6377
163	7776	7776	7776	6377
164	7776	7776	7776	6377
165	7776	7776	7776	6377
166	7776	7776	7776	6377
167	7776	7776	7776	6377
168	7776	7776	7776	6377
169	7776	7776	7776	6377
170	7776	7776	7776	6377
171	7776	7776	7776	6377
172	7776	7776	7776	6377
173	7776	7776	7776	6377
174	7776	7776	7776	6377
175	7776	7776	7776	6377
176	7776	7776	7776	6377
177	7776	7776	7776	6377
178	7776	7776	7776	6377
179	7776	7776	7776	6377
180	7776	7776	7776	6377
181	7776	7776	7776	6377
182	7776	7776	7776	6377
183	7776	7776	7776	6377
184	7776	7776	7776	6377
185	7776	7776	7776	6377
186	7776	7776	7776	6377
187	7776	7776	7776	6377
188	7776	7776	7776	6377
189	7776	7776	7776	6377
190	7776	7776	7776	6377
191	7776	7776	7776	6377
192	7776	7776	7776	6377
193	7776	7776	7776	6377
194	7776	7776	7776	6377
195	7776	7776	7776	6377
196	7776	7776	7776	6377
197	7776	7776	7776	6377
198	7776	7776	7776	6377
199	7776	7776	7776	6377
200	7776	7776	7776	6377
201	7776	7776	7776	6377
202	7776	7776	7776	6377
203	7776	7776	7776	6377
204	7776	7776	7776	6377
205	7776	7776	7776	6377
206	7776	7776	7776	6377
207	7776	7776	7776	6377
208	7776	7776	7776	6377
209	7776	7776	7776	6377
210	7776	7776	7776	6377
211	7776	7776	7776	6377
212	7776	7776	7776	6377
213	7776	7776	7776	6377
214	7776	7776	7776	6377
215	7776	7776	7776	6377
216	7776	7776	7776	6377
217	7776	7776	7776	6377
218	7776	7776	7776	6377
219	7776	7776	7776	6377
220	7776	7776	7776	6377
221	7776	7776	7776	6377
222	7776	7776	7776	6377
223	7776	7776	7776	6377
224	7776	7776	7776	6377
225	7776	7776	7776	6377
226	7776	7776	7776	6377
227	7776	7776	7776	6377
228	7776	7776	7776	6377
229	7776	7776	7776	6377
230	7776	7776	7776	6377
231	7776	7776	7776	6377
232	7776	7776	7776	6377
233	7776	7776	7776	6377
234	7776	7776	7776	6377
235	7776	7776	7776	6377
236	7776	7776	7776	6377
237	7776	7776	7776	6377
238	7776	7776	7776	6377
239	7776	7776	7776	6377
240	7776	7776	7776	6377
241	7776	7776	7776	6377
242	7776	7776	7776	6377
243	7776	7776	7776	6377
244	7776	7776	7776	6377
245	7776	7776	7776	6377
246	7776	7776	7776	6377
247	7776	7776	7776	6377
248	7776	7776	7776	6377
249	7776	7776	7776	6377
250	7776	7776	7776	6377
251	7776	7776	7776	6377
252	7776	7776	7776	6377
253	7776	7776	7776	6377
254	7776	7776	7776	6377
255	7776	7776	7776	6377
256	7776	7776	7776	6377
257	7776	7776	7776	6377
258	7776	7776	7776	6377
259	7776	7776	7776	6377
260	7776	7776	7776	6377
261	7776	7776	7776	6377
262	7776	7776	7776	6377
263	7776	7776	7776	6377
264	7776	7776	7776	6377
265	7776	7776	7776	6377
266	7776	7776	7776	6377
267	7776	7776	7776	6377
268	7776	7776	7776	6377
269	7776	7776	7776	6377
270	7776	7776	7776	6377
271	7776	7776	7776	6377
272	7776	7776	7776	6377
273	7776	7776	7776	6377
274	7776	7776	7776	6377
275	7776	7776	7776	6377
276	7776	7776	7776	6377
277	7776	7776	7776	6377
278	7776	7776	7776	6377
279	7776	7776	7776	6377
280	7776	7776	7776	6377
281	7776	7776	7776	6377
282	7776	7776	7776	6377
283	7776	7776	7776	6377
284	7776	7776	7776	6377
285	7776	7776	7776	6377
286	7776	7776	7776	6377
287	7776	7776	7776	6377
288	7776	7776	7776	6377
289	7776	7776	7776	6377
290	7776	7776	7776	6377
291	7776	7776	7776	6377
292	7776	7776	7776	6377
293	7776	7776	7776	6377
294	7776	7776	7776	6377
295	7776	7776	7776	6377
296	7776	7776	7776	6377
297	7776	7776	7776	6377
298	7776	7776	7776	6377
299	7776	7776	7776	6377
300	7776	7776	7776	6377
301	7776	7776	7776	6377
302	7776	7776	7776	6377
303	7776	7776	7776	6377
304	7776	7776	7776	6377
305	7776	7776	7776	6377
306	7776	7776	7776	6377
307	7776	7776	7776	6377
308	7776	7776	7776	6377
309	7776	7776	7776	6377
310	7776	7776	7776	6377
311	7776	7776	7776	6377
312	7776	7776	7776	6377
313	7776	7776	7776	6377
314	7776	7776	7776	6377
315	7776	7776	7776	6377
316	7776	7776	7776	6377
317	7776	7776	7776	6377
318	7776	7776	7776	6377
319	7776	7776	7776	6377
320	7776	7776	7776	6377
321	7776	7776	7776	6377
322	7776	7776	7776	6377
323	7776	7776	7776	6377
324	7776	7776	7776	6377
325	7776	7776	7776	6377
326	7776	7776	7776	6377
327	7776	7776	7776	6377
328	7776	7776	7776	6377
329	7776	7776	7776	6377
330	7776	7776	7776	6377
331	7776	7776	7776	6377
332	7776	7776	7776	6377
333	7776	7776	7776	6377
334	7776	7776	7776	6377
335	7776	7776	7776	6377
336	7776	7776	7776	6377
337	7776	7776	7776	6377
338	7776	7776	7776	6377
339	7776	7776	7776	6377
340	7776	7776	7776	6377
341	7776	7776	7776	6377
342	7776	7776	7776	6377
343	7776	7776	7776	6377
344	7776	7776	7776	6377
345	7776	7776	7776	6377
346	7776	7776	7776	6377
347	7776	7776	7776	6377
348	7776	7776	7776	6377
349	7776	7776	7776	6377
350	7776	7776	7776	6377
351	7776	7776	7776	6377
352	7776	7776	7776	6377
353	7776	7776	7776	6377
354	7776	7776	7776	6377
355	7776	7776	7776	6377
356	7776	7776	7776	6377
357	7776	7776	7776	6377
358	7776	7776	7776	6377
359	7776	7776	7776	6377
360	7776	7776	7776	6377
361	7776	7776	7776	6377
362	7776	7776	7776	6377
363	7776	7776	7776	6377
364	7776	7776	7776	6377
365	7776	7776	7776	6377
366	7776	7776	7776	6377
367	7776	7776	7776	6377
368	7776	7776	7776	6377
369	7776	7776	7776	6377
370	7776	7776	7776	6377
371	7776	7776	7776	6377
372	7776	7776	7776	6377
373	7776	7776	7776	6377
374	7776	7776	7776	6377
375	7776	7776	7776	6377
376	7776	7776	7776	6377
377	7776	7776	7776	6377
378	7776	7776	7776	6377
379	7776	7776	7776	6377
380	7776	7776	7776	6377
381	7776	7776	7776	6377
382	7776	7776	7776	6377
383	7776	7776	7776	6377
384	7776	7776	7776	6377
385	7776	7776	7776	6377
386	7776	7776	7776	6377
387	7776	7776	7776	6377
388	7776	7776	7776	6377
389	7776	7776	7776	6377
390	7776	7776	7776	6377
391	7776	7776	7776	6377
392	7776	7776	7776	6377
393	7776	7776	7776	6377
394	7776	7776	7776	6377
395	7776	7776	7776	6377
396	7776	7776	7776	6377
397	7776	7776	7776	6377
398	7776	7776	7776	6377
399	7776	7776	7776	6377
0	26234	15073.2	9670	6207
1	14658	12886.1	9670	6207
2	13458	12183.1	9482	6207
3	12564	11593.4	9482	6207
4	11964	11081.2	9176	6207
5	11552	10717.5	9176	6207
6	11176	10434.2	8882	6207
7	10858	10204.3	8564	6207
8	10470	9991.06	8564	6207
9	10294	9801.4	8376	6207
10	10164	9658.89	8376	6207
11	9882	9481.56	8376	6207
12	9670	9347.71	8376	6207
13	9576	9208.33	8188	6207
14	9470	9093.29	7976	6207
15	9364	8949.83	7976	6207
16	9176	8832.12	7882	6207
17	9094	8695.72	7882	6207
18	8882	8578.78	7882	6207
19	8776	8508.54	7882	6207
20	8694	8442.38	7882	6207
21	8576	8389.71	7776	6207
22	8576	8334.07	7776	6207
23	8482	8291.73	7776	6207
24	8470	8231.95	7776	6207
25	8376	8192.11	7776	6207
26	8282	8159.42	7776	6207
27	8282	8130.24	7776	6207
28	8188	8101.31	7776	6207
29	8188	8082.2	7776	6207
30	8176	8052.97	7776	6207
31	8094	8027.72	7776	6207
32	8082	8019.83	7776	6207
33	8082	8004.02	7776	6207
34	8082	7981.99	7776	6207
35	8082	7962.03	7776	6207
36	7988	7943.62	7776	6207
37	7976	7933.73	7776	6207
38	7976	7918.21	7776	6207
39	7976	7906.71	7776	6207
40	7976	7890.1	7776	6207
41	7976	7871.28	7776	6207
42	7976	7847.34	7776	6207
43	7976	7815.6	7776	6207
44	7882	7799.33	7776	6207
45	7882	7781.2	7776	6207
46	7776	7776	7776	6207
47	7776	7776	7776	6207
48	7776	7776	7776	6207
49	7776	7776	7776	6207
50	7776	7776	7776	6207
51	7776	7776	7776	6207
52	7776	7776	7776	6207
53	7776	7776	7776	6207
54	7776	7776	7776	6207
55	7776	7776	7776	6207
56	7776	7776	7776	6207
57	7776	7776	7776	6207
58	7776	7776	7776	6207
59	7776	7776	7776	6207
60	7776	7776	7776	6207
61	7776	7776	7776	6207
62	7776	7776	7776	6207
63	7776	7776	7776	6207
64	7776	7776	7776	6207
65	7776	7776	7776	6207
66	7776	7776	7776	6207
67	7776	7776	7776	6207
68	7776	7776	7776	6207
69	7776	7776	7776	6207
70	7776	7776	7776	6207
71	7776	7776	7776	6207
72	7776	7776	7776	6207
73	7776	7776	7776	6207
74	7776	7776	7776	6207
75	7776	7776	7776	6207
76	7776	7776	7776	6207
77	7776	7776	7776	6207
78	7776	7776	7776	6207
79	7776	7776	7776	6207
80	7776	7776	7776	6207
81	7776	7776	7776	6207
82	7776	7776	7776	6207
83	7776	7776	7776	6207
84	7776	7776	7776	6207
85	7776	7776	7776	6207
86	7776	7776	7776	6207
87	7776	7776	7776	6207
88	7776	7776	7776	6207
89	7776	7776	7776	6207
90	7776	7776	7776	6207
91	7776	7776	7776	6207
92	7776	7776	7776	6207
93	7776	7776	7776	6207
94	7776	7776	7776	6207
95	7776	7776	7776	6207
96	7776	7776	7776	6207
97	7776	7776	7776	6207
98	7776	7776	7776	6207
99	7776	7776	7776	6207
100	7776	7776	7776	6207
101	7776	7776	7776	6207
102	7776	7776	7776	6207
103	7776	7776	7776	6207
104	7776	7776	7776	6207
105	7776	7776	7776	6207
106	7776	7776	7776	6207
107	7776	7776	7776	6207
108	7776	7776	7776	6207
109	7776	7776	7776	6207
110	7776	7776	7776	6207
111	7776	7776	7776	6207
112	7776	7776	7776	6207
113	7776	7776	7776	6207
114	7776	7776	7776	6207
115	7776	7776	7776	6207
116	7776	7776	7776	6207
117	7776	7776	7776	6207
118	7776	7776	7776	6207
119	7776	7776	7776	6207
120	7776	7776	7776	6207
121	7776	7776	7776	6207
122	7776	7776	7776	6207
123	7776	7776	7776	6207
124	7776	7776	7776	6207
125	7776	7776	7776	6207
126	7776	7776	7776	6207
127	7776	7776	7776	6207
128	7776	7776	7776	6207
129	7776	7776	7776	6207
130	7776	7776	7776	6207
131	7776	7776	7776	6207
132	7776	7776	7776	6207
133	7776	7776	7776	6207
134	7776	7776	7776	6207
135	7776	7776	7776	6207
136	7776	7776	7776	6207
137	7776	7776	7776	6207
138	7776	7776	7776	6207
139	7776	7776	7776	6207
140	7776	7776	7776	6207
141	7776	7776	7776	6207
142	7776	7776	7776	6207
143	7776	7776	7776	6207
144	7776	7776	7776	6207
145	7776	7776	7776	6207
146	7776	7776	7776	6207
147	7776	7776	7776	6207
148	7776	7776	7776	6207
149	7776	7776	7776	6207
150	7776	7776	7776	6207
151	7776	7776	7776	6207
152	7776	7776	7776	6207
153	7776	7776	7776	6207
154	7776	7776	7776	6207
155	7776	7776	7776	6207
156	7776	7776	7776	6207
157	7776	7776	7776	6207
158	7776	7776	7776	6207
159	7776	7776	7776	6207
160	7776	7776	7776	6207
161	7776	7776	7776	6207
162	7776	7776	7776	6207
163	7776	7776	7776	6207
164	7776	7776	7776	6207
165	7776	7776	7776	6207
166	7776	7776	7776	6207
167	7776	7776	7776	6207
168	7776	7776	7776	6207
169	7776	7776	7776	6207
170	7776	7776	7776	6207
171	7776	7776	7776	6207
172	7776	7776	7776	6207
173	7776	7776	7776	6207
174	7776	7776	7776	6207
175	7776	7776	7776	6207
176	7776	7776	7776	6207
177	7776	7776	7776	6207
178	7776	7776	7776	6207
179	7776	7776	7776	6207
180	7776	7776	7776	6207
181	7776	7776	7776	6207
182	7776	7776	7776	6207
183	7776	7776	7776	6207
184	7776	7776	7776	6207
185	7776	7776	7776	6207
186	7776	7776	7776	6207
187	7776	7776	7776	6207
188	7776	7776	7776	6207
189	7776	7776	7776	6207
190	7776	7776	7776	6207
191	7776	7776	7776	6207
192	7776	7776	7776	6207
193	7776	7776	7776	6207
194	7776	7776	7776	6207
195	7776	7776	7776	6207
196	7776	7776	7776	6207
197	7776	7776	7776	6207
198	7776	7776	7776	6207
199	7776	7776	7776	6207
200	7776	7776	7776	6207
201	7776	7776	7776	6207
202	7776	7776	7776	6207
203	7776	7776	7776	6207
204	7776	7776	7776	6207
205	7776	7776	7776	6207
206	7776	7776	7776	6207
207	7776	7776	7776	6207
208	7776	7776	7776	6207
209	7776	7776	7776	6207
210	7776	7776	7776	6207
211	7776	7776	7776	6207
212	7776	7776	7776	6207
213	7776	7776	7776	6207
214	7776	7776	7776	6207
215	7776	7776	7776	6207
216	7776	7776	7776	6207
217	7776	7776	7776	6207
218	7776	7776	7776	6207
219	7776	7776	7776	6207
220	7776	7776	7776	6207
221	7776	7776	7776	6207
222	7776	7776	7776	6207
223	7776	7776	7776	6207
224	7776	7776	7776	6207
225	7776	7776	7776	6207
226	7776	7776	7776	6207
227	7776	7776	7776	6207
228	7776	7776	7776	6207
229	7776	7776	7776	6207
230	7776	7776	7776	6207
231	7776	7776	7776	6207
232	7776	7776	7776	6207
233	7776	7776	7776	6207
234	7776	7776	7776	6207
235	7776	7776	7776	6207
236	7776	7776	7776	6207
237	7776	7776	7776	6207
238	7776	7776	7776	6207
239	7776	7776	7776	6207
240	7776	7776	7776	6207
241	7776	7776	7776	6207
242	7776	7776	7776	6207
243	7776	7776	7776	6207
244	7776	7776	7776	6207
245	7776	7776	7776	6207
246	7776	7776	7776	6207
247	7776	7776	7776	6207
248	7776	7776	7776	6207
249	7776	7776	7776	6207
250	7776	7776	7776	6207
251	7776	7776	7776	6207
252	7776	7776	7776	6207
253	7776	7776	7776	6207
254	7776	7776	7776	6207
255	7776	7776	7776	6207
256	7776	7776	7776	6207
257	7776	7776	7776	6207
258	7776	7776	7776	6207
259	7776	7776	7776	6207
260	7776	7776	7776	6207
261	7776	7776	7776	6207
262	7776	7776	7776	6207
263	7776	7776	7776	6207
264	7776	7776	7776	6207
265	7776	7776	7776	6207
266	7776	7776	7776	6207
267	7776	7776	7776	6207
268	7776	7776	7776	6207
269	7776	7776	7776	6207
270	7776	7776	7776	6207
271	7776	7776	7776	6207
272	7776	7776	7776	6207
273	7776	7776	7776	6207
274	7776	7776	7776	6207
275	7776	7776	7776	6207
276	7776	7776	7776	6207
277	7776	7776	7776	6207
278	7776	7776	7776	6207
279	7776	7776	7776	6207
280	7776	7776	7776	6207
281	7776	7776	7776	6207
282	7776	7776	7776	6207
283	7776	7776	7776	6207
284	7776	7776	7776	6207
285	7776	7776	7776	6207
286	7776	7776	7776	6207
287	7776	7776	7776	6207
288	7776	7776	7776	6207
289	7776	7776	7776	6207
290	7776	7776	7776	6207
291	7776	7776	7776	6207
292	7776	7776	7776	6207
293	7776	7776	7776	6207
294	7776	7776	7776	6207
295	7776	7776	7776	6207
296	7776	7776	7776	6207
297	7776	7776	7776	6207
298	7776	7776	7776	6207
299	7776	7776	7776	6207
300	7776	7776	7776	6207
301	7776	7776	7776	6207
302	7776	7776	7776	6207
303	7776	7776	7776	6207
304	7776	7776	7776	6207
305	7776	7776	7776	6207
306	7776	7776	7776	6207
307	7776	7776	7776	6207
308	7776	7776	7776	6207
309	7776	7776	7776	6207
310	7776	7776	7776	6207
311	7776	7776	7776	6207
312	7776	7776	7776	6207
313	7776	7776	7776	6207
314	7776	7776	7776	6207
315	7776	7776	7776	6207
316	7776	7776	7776	6207
317	7776	7776	7776	6207
318	7776	7776	7776	6207
319	7776	7776	7776	6207
320	7776	7776	7776	6207
321	7776	7776	7776	6207
322	7776	7776	7776	6207
323	7776	7776	7776	6207
324	7776	7776	7776	6207
325	7776	7776	7776	6207
326	7776	7776	7776	6207
327	7776	7776	7776	6207
328	7776	7776	7776	6207
329	7776	7776	7776	6207
330	7776	7776	7776	6207
331	7776	7776	7776	6207
332	7776	7776	7776	6207
333	7776	7776	7776	6207
334	7776	7776	7776	6207
335	7776	7776	7776	6207
336	7776	7776	7776	6207
337	7776	7776	7776	6207
338	7776	7776	7776	6207
339	7776	7776	7776	6207
340	7776	7776	7776	6207
341	7776	7776	7776	6207
342	7776	7776	7776	6207
343	7776	7776	7776	6207
344	7776	7776	7776	6207
345	7776	7776	7776	6207
346	7776	7776	7776	6207
347	7776	7776	7776	6207
348	7776	7776	7776	6207
349	7776	7776	7776	6207
350	7776	7776	7776	6207
351	7776	7776	7776	6207
352	7776	7776	7776	6207
353	7776	7776	7776	6207
354	7776	7776	7776	6207
355	7776	7776	7776	6207
356	7776	7776	7776	6207
357	7776	7776	7776	6207
358	7776	7776	7776	6207
359	7776	7776	7776	6207
360	7776	7776	7776	6207
361	7776	7776	7776	6207
362	7776	7776	7776	6207
363	7776	7776	7776	6207
364	7776	7776	7776	6207
365	7776	7776	7776	6207
366	7776	7776	7776	6207
367	7776	7776	7776	6207
368	7776	7776	7776	6207
369	7776	7776	7776	6207
370	7776	7776	7776	6207
371	7776	7776	7776	6207
372	7776	7776	7776	6207
373	7776	7776	7776	6207
374	7776	7776	7776	6207
375	7776	7776	7776	6207
376	7776	7776	7776	6207
377	7776	7776	7776	6207
378	7776	7776	7776	6207
379	7776	7776	7776	6207
380	7776	7776	7776	6207
381	7776	7776	7776	6207
382	7776	7776	7776	6207
383	7776	7776	7776	6207
384	7776	7776	7776	6207
385	7776	7776	7776	6207
386	7776	7776	7776	6207
387	7776	7776	7776	6207
388	7776	7776	7776	6207
389	7776	7776	7776	6207
390	7776	7776	7776	6207
391	7776	7776	7776	6207
392	7776	7776	7776	6207
393	7776	7776	7776	6207
394	7776	7776	7776	6207
395	7776	7776	7776	6207
396	7776	7776	7776	6207
397	7776	7776	7776	6207
398	7776	7776	7776	6207
399	7776	7776	7776	6207
0	26128	15412.7	8976	4187
1	15446	13315.3	8976	4187
2	13670	12381.5	8976	4187
3	12764	11765	8976	4187
4	12164	11290	8976	4187
5	11682	10879.6	8588	4187
6	11270	10511.1	8588	4187
7	10882	10217.9	8588	4187
8	10670	10019.2	8282	4187
9	10364	9775.89	8282	4187
10	10176	9582.76	8188	4187
11	9882	9421.94	7964	4187
12	9764	9268.87	7964	4187
13	9588	9146.04	7964	4187
14	9388	8995.36	7964	4187
15	9282	8848.44	7776	4187
16	9094	8725.03	7776	4187
17	8988	8642	7776	4187
18	8894	8554.97	7776	4187
19	8764	8482.1	7776	4187
20	8670	8383.73	7776	4187
21	8588	8353.35	7776	4187
22	8576	8298.29	7776	4187
23	8482	8239.08	7776	4187
24	8388	8192.53	7776	4187
25	8376	8125.17	7776	4187
26	8376	8088.84	7776	4187
27	8282	8057.97	7776	4187
28	8188	7999.06	7776	4187
29	8164	7950.93	7776	4187
30	8082	7925.54	7776	4187
31	8082	7895.29	7776	4187
32	7976	7861.88	7776	4187
33	7976	7836.6	7776	4187
34	7894	7810.26	7776	4187
35	7882	7795.24	7776	4187
36	7788	7778.64	7776	4187
37	7788	7776.48	7776	4187
38	7776	7776	7776	4187
39	7776	7776	7776	4187
40	7776	7776	7776	4187
41	7776	7776	7776	4187
42	7776	7776	7776	4187
43	7776	7776	7776	4187
44	7776	7776	7776	4187
45	7776	7776	7776	4187
46	7776	7776	7776	4187
47	7776	7776	7776	4187
48	7776	7776	7776	4187
49	7776	7776	7776	4187
50	7776	7776	7776	4187
51	7776	7776	7776	4187
52	7776	7776	7776	4187
53	7776	7776	7776	4187
54	7776	7776	7776	4187
55	7776	7776	7776	4187
56	7776	7776	7776	4187
57	7776	7776	7776	4187
58	7776	7776	7776	4187
59	7776	7776	7776	4187
60	7776	7776	7776	4187
61	7776	7776	7776	4187
62	7776	7776	7776	4187
63	7776	7776	7776	4187
64	7776	7776	7776	4187
65	7776	7776	7776	4187
66	7776	7776	7776	4187
67	7776	7776	7776	4187
68	7776	7776	7776	4187
69	7776	7776	7776	4187
70	7776	7776	7776	4187
71	7776	7776	7776	4187
72	7776	7776	7776	4187
73	7776	7776	7776	4187
74	7776	7776	7776	4187
75	7776	7776	7776	4187
76	7776	7776	7776	4187
77	7776	7776	7776	4187
78	7776	7776	7776	4187
79	7776	7776	7776	4187
80	7776	7776	7776	4187
81	7776	7776	7776	4187
82	7776	7776	7776	4187
83	7776	7776	7776	4187
84	7776	7776	7776	4187
85	7776	7776	7776	4187
86	7776	7776	7776	4187
87	7776	7776	7776	4187
88	7776	7776	7776	4187
89	7776	7776	7776	4187
90	7776	7776	7776	4187
91	7776	7776	7776	4187
92	7776	7776	7776	4187
93	7776	7776	7776	4187
94	7776	7776	7776	4187
95	7776	7776	7776	4187
96	7776	7776	7776	4187
97	7776	7776	7776	4187
98	7776	7776	7776	4187
99	7776	7776	7776	4187
100	7776	7776	7776	4187
101	7776	7776	7776	4187
102	7776	7776	7776	4187
103	7776	7776	7776	4187
104	7776	7776	7776	4187
105	7776	7776	7776	4187
106	7776	7776	7776	4187
107	7776	7776	7776	4187
108	7776	7776	7776	4187
109	7776	7776	7776	4187
110	7776	7776	7776	4187
111	7776	7776	7776	4187
112	7776	7776	7776	4187
113	7776	7776	7776	4187
114	7776	7776	7776	4187
115	7776	7776	7776	4187
116	7776	7776	7776	4187
117	7776	7776	7776	4187
118	7776	7776	7776	4187
119	7776	7776	7776	4187
120	7776	7776	7776	4187
121	7776	7776	7776	4187
122	7776	7776	7776	4187
123	7776	7776	7776	4187
124	7776	7776	7776	4187
125	7776	7776	7776	4187
126	7776	7776	7776	4187
127	7776	7776	7776	4187
128	7776	7776	7776	4187
129	7776	7776	7776	4187
130	7776	7776	7776	4187
131	7776	7776	7776	4187
132	7776	7776	7776	4187
133	7776	7776	7776	4187
134	7776	7776	7776	4187
135	7776	7776	7776	4187
136	7776	7776	7776	4187
137	7776	7776	7776	4187
138	7776	7776	7776	4187
139	7776	7776	7776	4187
140	7776	7776	7776	4187
141	7776	7776	7776	4187
142	7776	7776	7776	4187
143	7776	7776	7776	4187
144	7776	7776	7776	4187
145	7776	7776	7776	4187
146	7776	7776	7776	4187
147	7776	7776	7776	4187
148	7776	7776	7776	4187
149	7776	7776	7776	4187
150	7776	7776	7776	4187
151	7776	7776	7776	4187
152	7776	7776	7776	4187
153	7776	7776	7776	4187
154	7776	7776	7776	4187
155	7776	7776	7776	4187
156	7776	7776	7776	4187
157	7776	7776	7776	4187
158	7776	7776	7776	4187
159	7776	7776	7776	4187
160	7776	7776	7776	4187
161	7776	7776	7776	4187
162	7776	7776	7776	4187
163	7776	7776	7776	4187
164	7776	7776	7776	4187
165	7776	7776	7776	4187
166	7776	7776	7776	4187
167	7776	7776	7776	4187
168	7776	7776	7776	4187
169	7776	7776	7776	4187
170	7776	7776	7776	4187
171	7776	7776	7776	4187
172	7776	7776	7776	4187
173	7776	7776	7776	4187
174	7776	7776	7776	4187
175	7776	7776	7776	4187
176	7776	7776	7776	4187
177	7776	7776	7776	4187
178	7776	7776	7776	4187
179	7776	7776	7776	4187
180	7776	7776	7776	4187
181	7776	7776	7776	4187
182	7776	7776	7776	4187
183	7776	7776	7776	4187
184	7776	7776	7776	4187
185	7776	7776	7776	4187
186	7776	7776	7776	4187
187	7776	7776	7776	4187
188	7776	7776	7776	4187
189	7776	7776	7776	4187
190	7776	7776	7776	4187
191	7776	7776	7776	4187
192	7776	7776	7776	4187
193	7776	7776	7776	4187
194	7776	7776	7776	4187
195	7776	7776	7776	4187
196	7776	7776	7776	4187
197	7776	7776	7776	4187
198	7776	7776	7776	4187
199	7776	7776	7776	4187
200	7776	7776	7776	4187
201	7776	7776	7776	4187
202	7776	7776	7776	4187
203	7776	7776	7776	4187
204	7776	7776	7776	4187
205	7776	7776	7776	4187
206	7776	7776	7776	4187
207	7776	7776	7776	4187
208	7776	7776	7776	4187
209	7776	7776	7776	4187
210	7776	7776	7776	4187
211	7776	7776	7776	4187
212	7776	7776	7776	4187
213	7776	7776	7776	4187
214	7776	7776	7776	4187
215	7776	7776	7776	4187
216	7776	7776	7776	4187
217	7776	7776	7776	4187
218	7776	7776	7776	4187
219	7776	7776	7776	4187
220	7776	7776	7776	4187
221	7776	7776	7776	4187
222	7776	7776	7776	4187
223	7776	7776	7776	4187
224	7776	7776	7776	4187
225	7776	7776	7776	4187
226	7776	7776	7776	4187
227	7776	7776	7776	4187
228	7776	7776	7776	4187
229	7776	7776	7776	4187
230	7776	7776	7776	4187
231	7776	7776	7776	4187
232	7776	7776	7776	4187
233	7776	7776	7776	4187
234	7776	7776	7776	4187
235	7776	7776	7776	4187
236	7776	7776	7776	4187
237	7776	7776	7776	4187
238	7776	7776	7776	4187
239	7776	7776	7776	4187
240	7776	7776	7776	4187
241	7776	7776	7776	4187
242	7776	7776	7776	4187
243	7776	7776	7776	4187
244	7776	7776	7776	4187
245	7776	7776	7776	4187
246	7776	7776	7776	4187
247	7776	7776	7776	4187
248	7776	7776	7776	4187
249	7776	7776	7776	4187
250	7776	7776	7776	4187
251	7776	7776	7776	4187
252	7776	7776	7776	4187
253	7776	7776	7776	4187
254	7776	7776	7776	4187
255	7776	7776	7776	4187
256	7776	7776	7776	4187
257	7776	7776	7776	4187
258	7776	7776	7776	4187
259	7776	7776	7776	4187
260	7776	7776	7776	4187
261	7776	7776	7776	4187
262	7776	7776	7776	4187
263	7776	7776	7776	4187
264	7776	7776	7776	4187
265	7776	7776	7776	4187
266	7776	7776	7776	4187
267	7776	7776	7776	4187
268	7776	7776	7776	4187
269	7776	7776	7776	4187
270	7776	7776	7776	4187
271	7776	7776	7776	4187
272	7776	7776	7776	4187
273	7776	7776	7776	4187
274	7776	7776	7776	4187
275	7776	7776	7776	4187
276	7776	7776	7776	4187
277	7776	7776	7776	4187
278	7776	7776	7776	4187
279	7776	7776	7776	4187
280	7776	7776	7776	4187
281	7776	7776	7776	4187
282	7776	7776	7776	4187
283	7776	7776	7776	4187
284	7776	7776	7776	4187
285	7776	7776	7776	4187
286	7776	7776	7776	4187
287	7776	7776	7776	4187
288	7776	7776	7776	4187
289	7776	7776	7776	4187
290	7776	7776	7776	4187
291	7776	7776	7776	4187
292	7776	7776	7776	4187
293	7776	7776	7776	4187
294	7776	7776	7776	4187
295	7776	7776	7776	4187
296	7776	7776	7776	4187
297	7776	7776	7776	4187
298	7776	7776	7776	4187
299	7776	7776	7776	4187
300	7776	7776	7776	4187
301	7776	7776	7776	4187
302	7776	7776	7776	4187
303	7776	7776	7776	4187
304	7776	7776	7776	4187
305	7776	7776	7776	4187
306	7776	7776	7776	4187
307	7776	7776	7776	4187
308	7776	7776	7776	4187
309	7776	7776	7776	4187
310	7776	7776	7776	4187
311	7776	7776	7776	4187
312	7776	7776	7776	4187
313	7776	7776	7776	4187
314	7776	7776	7776	4187
315	7776	7776	7776	4187
316	7776	7776	7776	4187
317	7776	7776	7776	4187
318	7776	7776	7776	4187
319	7776	7776	7776	4187
320	7776	7776	7776	4187
321	7776	7776	7776	4187
322	7776	7776	7776	4187
323	7776	7776	7776	4187
324	7776	7776	7776	4187
325	7776	7776	7776	4187
326	7776	7776	7776	4187
327	7776	7776	7776	4187
328	7776	7776	7776	4187
329	7776	7776	7776	4187
330	7776	7776	7776	4187
331	7776	7776	7776	4187
332	7776	7776	7776	4187
333	7776	7776	7776	4187
334	7776	7776	7776	4187
335	7776	7776	7776	4187
336	7776	7776	7776	4187
337	7776	7776	7776	4187
338	7776	7776	7776	4187
339	7776	7776	7776	4187
340	7776	7776	7776	4187
341	7776	7776	7776	4187
342	7776	7776	7776	4187
343	7776	7776	7776	4187
344	7776	7776	7776	4187
345	7776	7776	7776	4187
346	7776	7776	7776	4187
347	7776	7776	7776	4187
348	7776	7776	7776	4187
349	7776	7776	7776	4187
350	7776	7776	7776	4187
351	7776	7776	7776	4187
352	7776	7776	7776	4187
353	7776	7776	7776	4187
354	7776	7776	7776	4187
355	7776	7776	7776	4187
356	7776	7776	7776	4187
357	7776	7776	7776	4187
358	7776	7776	7776	4187
359	7776	7776	7776	4187
360	7776	7776	7776	4187
361	7776	7776	7776	4187
362	7776	7776	7776	4187
363	7776	7776	7776	4187
364	7776	7776	7776	4187
365	7776	7776	7776	4187
366	7776	7776	7776	4187
367	7776	7776	7776	4187
368	7776	7776	7776	4187
369	7776	7776	7776	4187
370	7776	7776	7776	4187
371	7776	7776	7776	4187
372	7776	7776	7776	4187
373	7776	7776	7776	4187
374	7776	7776	7776	4187
375	7776	7776	7776	4187
376	7776	7776	7776	4187
377	7776	7776	7776	4187
378	7776	7776	7776	4187
379	7776	7776	7776	4187
380	7776	7776	7776	4187
381	7776	7776	7776	4187
382	7776	7776	7776	4187
383	7776	7776	7776	4187
384	7776	7776	7776	4187
385	7776	7776	7776	4187
386	7776	7776	7776	4187
387	7776	7776	7776	4187
388	7776	7776	7776	4187
389	7776	7776	7776	4187
390	7776	7776	7776	4187
391	7776	7776	7776	4187
392	7776	7776	7776	4187
393	7776	7776	7776	4187
394	7776	7776	7776	4187
395	7776	7776	7776	4187
396	7776	7776	7776	4187
397	7776	7776	7776	4187
398	7776	7776	7776	4187
399	7776	7776	7776	4187
0	33116	15604.2	9882	3641
1	15576	13392.6	9576	3641
2	13764	12378.2	9576	3641
3	12858	11806.9	8564	3641
4	12258	11272.6	8564	3641
5	11682	10951.4	8564	3641
6	11482	10602.8	8564	3641
7	11070	10267.2	7976	3641
8	10682	9998.17	7976	3641
9	10282	9740.16	7882	3641
10	10082	9546.13	7882	3641
11	9882	9396.38	7882	3641
12	9682	9256.97	7882	3641
13	9576	9136.13	7882	3641
14	9376	9006.04	7882	3641
15	9282	8886.6	7882	3641
16	9176	8793.92	7882	3641
17	9082	8701.09	7776	3641
18	8964	8612.08	7776	3641
19	8788	8532.18	7776	3641
20	8776	8466.14	7776	3641
21	8682	8416.35	7776	3641
22	8588	8376.95	7776	3641
23	8564	8332.36	7776	3641
24	8564	8275.25	7776	3641
25	8564	8206.86	7776	3641
26	8482	8127.44	7776	3641
27	8282	8084.83	7776	3641
28	8282	8049.11	7776	3641
29	8176	8002.37	7776	3641
30	8082	7946.32	7776	3641
31	7976	7908.62	7776	3641
32	7976	7882	7776	3641
33	7882	7864.21	7776	3641
34	7882	7853.65	7776	3641
35	7882	7843.65	7776	3641
36	7882	7826.84	7776	3641
37	7882	7803.73	7776	3641
38	7870	7779.06	7776	3641
39	7776	7776	7776	3641
40	7776	7776	7776	3641
41	7776	7776	7776	3641
42	7776	7776	7776	3641
43	7776	7776	7776	3641
44	7776	7776	7776	3641
45	7776	7776	7776	3641
46	7776	7776	7776	3641
47	7776	7776	7776	3641
48	7776	7776	7776	3641
49	7776	7776	7776	3641
50	7776	7776	7776	3641
51	7776	7776	7776	3641
52	7776	7776	7776	3641
53	7776	7776	7776	3641
54	7776	7776	7776	3641
55	7776	7776	7776	3641
56	7776	7776	7776	3641
57	7776	7776	7776	3641
58	7776	7776	7776	3641
59	7776	7776	7776	3641
60	7776	7776	7776	3641
61	7776	7776	7776	3641
62	7776	7776	7776	3641
63	7776	7776	7776	3641
64	7776	7776	7776	3641
65	7776	7776	7776	3641
66	7776	7776	7776	3641
67	7776	7776	7776	3641
68	7776	7776	7776	3641
69	7776	7776	7776	3641
70	7776	7776	7776	3641
71	7776	7776	7776	3641
72	7776	7776	7776	3641
73	7776	7776	7776	3641
74	7776	7776	7776	3641
75	7776	7776	7776	3641
76	7776	7776	7776	3641
77	7776	7776	7776	3641
78	7776	7776	7776	3641
79	7776	7776	7776	3641
80	7776	7776	7776	3641
81	7776	7776	7776	3641
82	7776	7776	7776	3641
83	7776	7776	7776	3641
84	7776	7776	7776	3641
85	7776	7776	7776	3641
86	7776	7776	7776	3641
87	7776	7776	7776	3641
88	7776	7776	7776	3641
89	7776	7776	7776	3641
90	7776	7776	7776	3641
91	7776	7776	7776	3641
92	7776	7776	7776	3641
93	7776	7776	7776	3641
94	7776	7776	7776	3641
95	7776	7776	7776	3641
96	7776	7776	7776	3641
97	7776	7776	7776	3641
98	7776	7776	7776	3641
99	7776	7776	7776	3641
100	7776	7776	7776	3641
101	7776	7776	7776	3641
102	7776	7776	7776	3641
103	7776	7776	7776	3641
104	7776	7776	7776	3641
105	7776	7776	7776	3641
106	7776	7776	7776	3641
107	7776	7776	7776	3641
108	7776	7776	7776	3641
109	7776	7776	7776	3641
110	7776	7776	7776	3641
111	7776	7776	7776	3641
112	7776	7776	7776	3641
113	7776	7776	7776	3641
114	7776	7776	7776	3641
115	7776	7776	7776	3641
116	7776	7776	7776	3641
117	7776	7776	7776	3641
118	7776	7776	7776	3641
119	7776	7776	7776	3641
120	7776	7776	7776	3641
121	7776	7776	7776	3641
122	7776	7776	7776	3641
123	7776	7776	7776	3641
124	7776	7776	7776	3641
125	7776	7776	7776	3641
126	7776	7776	7776	3641
127	7776	7776	7776	3641
128	7776	7776	7776	3641
129	7776	7776	7776	3641
130	7776	7776	7776	3641
131	7776	7776	7776	3641
132	7776	7776	7776	3641
133	7776	7776	7776	3641
134	7776	7776	7776	3641
135	7776	7776	7776	3641
136	7776	7776	7776	3641
137	7776	7776	7776	3641
138	7776	7776	7776	3641
139	7776	7776	7776	3641
140	7776	7776	7776	3641
141	7776	7776	7776	3641
142	7776	7776	7776	3641
143	7776	7776	7776	3641
144	7776	7776	7776	3641
145	7776	7776	7776	3641
146	7776	7776	7776	3641
147	7776	7776	7776	3641
148	7776	7776	7776	3641
149	7776	7776	7776	3641
150	7776	7776	7776	3641
151	7776	7776	7776	3641
152	7776	7776	7776	3641
153	7776	7776	7776	3641
154	7776	7776	7776	3641
155	7776	7776	7776	3641
156	7776	7776	7776	3641
157	7776	7776	7776	3641
158	7776	7776	7776	3641
159	7776	7776	7776	3641
160	7776	7776	7776	3641
161	7776	7776	7776	3641
162	7776	7776	7776	3641
163	7776	7776	7776	3641
164	7776	7776	7776	3641
165	7776	7776	7776	3641
166	7776	7776	7776	3641
167	7776	7776	7776	3641
168	7776	7776	7776	3641
169	7776	7776	7776	3641
170	7776	7776	7776	3641
171	7776	7776	7776	3641
172	7776	7776	7776	3641
173	7776	7776	7776	3641
174	7776	7776	7776	3641
175	7776	7776	7776	3641
176	7776	7776	7776	3641
177	7776	7776	7776	3641
178	7776	7776	7776	3641
179	7776	7776	7776	3641
180	7776	7776	7776	3641
181	7776	7776	7776	3641
182	7776	7776	7776	3641
183	7776	7776	7776	3641
184	7776	7776	7776	3641
185	7776	7776	7776	3641
186	7776	7776	7776	3641
187	7776	7776	7776	3641
188	7776	7776	7776	3641
189	7776	7776	7776	3641
190	7776	7776	7776	3641
191	7776	7776	7776	3641
192	7776	7776	7776	3641
193	7776	7776	7776	3641
194	7776	7776	7776	3641
195	7776	7776	7776	3641
196	7776	7776	7776	3641
197	7776	7776	7776	3641
198	7776	7776	7776	3641
199	7776	7776	7776	3641
200	7776	7776	7776	3641
201	7776	7776	7776	3641
202	7776	7776	7776	3641
203	7776	7776	7776	3641
204	7776	7776	7776	3641
205	7776	7776	7776	3641
206	7776	7776	7776	3641
207	7776	7776	7776	3641
208	7776	7776	7776	3641
209	7776	7776	7776	3641
210	7776	7776	7776	3641
211	7776	7776	7776	3641
212	7776	7776	7776	3641
213	7776	7776	7776	3641
214	7776	7776	7776	3641
215	7776	7776	7776	3641
216	7776	7776	7776	3641
217	7776	7776	7776	3641
218	7776	7776	7776	3641
219	7776	7776	7776	3641
220	7776	7776	7776	3641
221	7776	7776	7776	3641
222	7776	7776	7776	3641
223	7776	7776	7776	3641
224	7776	7776	7776	3641
225	7776	7776	7776	3641
226	7776	7776	7776	3641
227	7776	7776	7776	3641
228	7776	7776	7776	3641
229	7776	7776	7776	3641
230	7776	7776	7776	3641
231	7776	7776	7776	3641
232	7776	7776	7776	3641
233	7776	7776	7776	3641
234	7776	7776	7776	3641
235	7776	7776	7776	3641
236	7776	7776	7776	3641
237	7776	7776	7776	3641
238	7776	7776	7776	3641
239	7776	7776	7776	3641
240	7776	7776	7776	3641
241	7776	7776	7776	3641
242	7776	7776	7776	3641
243	7776	7776	7776	3641
244	7776	7776	7776	3641
245	7776	7776	7776	3641
246	7776	7776	7776	3641
247	7776	7776	7776	3641
248	7776	7776	7776	3641
249	7776	7776	7776	3641
250	7776	7776	7776	3641
251	7776	7776	7776	3641
252	7776	7776	7776	3641
253	7776	7776	7776	3641
254	7776	7776	7776	3641
255	7776	7776	7776	3641
256	7776	7776	7776	3641
257	7776	7776	7776	3641
258	7776	7776	7776	3641
259	7776	7776	7776	3641
260	7776	7776	7776	3641
261	7776	7776	7776	3641
262	7776	7776	7776	3641
263	7776	7776	7776	3641
264	7776	7776	7776	3641
265	7776	7776	7776	3641
266	7776	7776	7776	3641
267	7776	7776	7776	3641
268	7776	7776	7776	3641
269	7776	7776	7776	3641
270	7776	7776	7776	3641
271	7776	7776	7776	3641
272	7776	7776	7776	3641
273	7776	7776	7776	3641
274	7776	7776	7776	3641
275	7776	7776	7776	3641
276	7776	7776	7776	3641
277	7776	7776	7776	3641
278	7776	7776	7776	3641
279	7776	7776	7776	3641
280	7776	7776	7776	3641
281	7776	7776	7776	3641
282	7776	7776	7776	3641
283	7776	7776	7776	3641
284	7776	7776	7776	3641
285	7776	7776	7776	3641
286	7776	7776	7776	3641
287	7776	7776	7776	3641
288	7776	7776	7776	3641
289	7776	7776	7776	3641
290	7776	7776	7776	3641
291	7776	7776	7776	3641
292	7776	7776	7776	3641
293	7776	7776	7776	3641
294	7776	7776	7776	3641
295	7776	7776	7776	3641
296	7776	7776	7776	3641
297	7776	7776	7776	3641
298	7776	7776	7776	3641
299	7776	7776	7776	3641
300	7776	7776	7776	3641
301	7776	7776	7776	3641
302	7776	7776	7776	3641
303	7776	7776	7776	3641
304	7776	7776	7776	3641
305	7776	7776	7776	3641
306	7776	7776	7776	3641
307	7776	7776	7776	3641
308	7776	7776	7776	3641
309	7776	7776	7776	3641
310	7776	7776	7776	3641
311	7776	7776	7776	3641
312	7776	7776	7776	3641
313	7776	7776	7776	3641
314	7776	7776	7776	3641
315	7776	7776	7776	3641
316	7776	7776	7776	3641
317	7776	7776	7776	3641
318	7776	7776	7776	3641
319	7776	7776	7776	3641
320	7776	7776	7776	3641
321	7776	7776	7776	3641
322	7776	7776	7776	3641
323	7776	7776	7776	3641
324	7776	7776	7776	3641
325	7776	7776	7776	3641
326	7776	7776	7776	3641
327	7776	7776	7776	3641
328	7776	7776	7776	3641
329	7776	7776	7776	3641
330	7776	7776	7776	3641
331	7776	7776	7776	3641
332	7776	7776	7776	3641
333	7776	7776	7776	3641
334	7776	7776	7776	3641
335	7776	7776	7776	3641
336	7776	7776	7776	3641
337	7776	7776	7776	3641
338	7776	7776	7776	3641
339	7776	7776	7776	3641
340	7776	7776	7776	3641
341	7776	7776	7776	3641
342	7776	7776	7776	3641
343	7776	7776	7776	3641
344	7776	7776	7776	3641
345	7776	7776	7776	3641
346	7776	7776	7776	3641
347	7776	7776	7776	3641
348	7776	7776	7776	3641
349	7776	7776	7776	3641
350	7776	7776	7776	3641
351	7776	7776	7776	3641
352	7776	7776	7776	3641
353	7776	7776	7776	3641
354	7776	7776	7776	3641
355	7776	7776	7776	3641
356	7776	7776	7776	3641
357	7776	7776	7776	3641
358	7776	7776	7776	3641
359	7776	7776	7776	3641
360	7776	7776	7776	3641
361	7776	7776	7776	3641
362	7776	7776	7776	3641
363	7776	7776	7776	3641
364	7776	7776	7776	3641
365	7776	7776	7776	3641
366	7776	7776	7776	3641
367	7776	7776	7776	3641
368	7776	7776	7776	3641
369	7776	7776	7776	3641
370	7776	7776	7776	3641
371	7776	7776	7776	3641
372	7776	7776	7776	3641
373	7776	7776	7776	3641
374	7776	7776	7776	3641
375	7776	7776	7776	3641
376	7776	7776	7776	3641
377	7776	7776	7776	3641
378	7776	7776	7776	3641
379	7776	7776	7776	3641
380	7776	7776	7776	3641
381	7776	7776	7776	3641
382	7776	7776	7776	3641
383	7776	7776	7776	3641
384	7776	7776	7776	3641
385	7776	7776	7776	3641
386	7776	7776	7776	3641
387	7776	7776	7776	3641
388	7776	7776	7776	3641
389	7776	7776	7776	3641
390	7776	7776	7776	3641
391	7776	7776	7776	3641
392	7776	7776	7776	3641
393	7776	7776	7776	3641
394	7776	7776	7776	3641
395	7776	7776	7776	3641
396	7776	7776	7776	3641
397	7776	7776	7776	3641
398	7776	7776	7776	3641
399	7776	7776	7776	3641
0	28434	15145	9000	8591
1	14764	12982.7	9000	8591
2	13364	12100.9	9000	8591
3	12564	11560.1	9000	8591
4	12082	11156.2	9000	8591
5	11564	10764	9000	8591
6	11176	10419.3	8894	8591
7	10788	10132.4	8870	8591
8	10564	9925.41	8576	8591
9	10282	9723.48	8576	8591
10	10094	9543.19	8564	8591
11	9776	9392.73	8564	8591
12	9564	9265.49	8564	8591
13	9482	9156.98	8376	8591
14	9364	9031.12	8082	8591
15	9282	8942.26	8082	8591
16	9082	8862.99	8082	8591
17	9000	8804.34	8082	8591
18	8976	8744.15	8082	8591
19	8894	8700.91	8082	8591
20	8882	8650.77	8082	8591
21	8870	8595.12	8082	8591
22	8776	8531.13	8082	8591
23	8588	8497.21	8082	8591
24	8576	8474.9	8082	8591
25	8576	8443.27	7976	8591
26	8576	8398.37	7776	8591
27	8482	8366.44	7776	8591
28	8482	8347.52	7776	8591
29	8388	8311.2	7776	8591
30	8388	8291.01	7776	8591
31	8376	8269.05	7776	8591
32	8376	8221.11	7776	8591
33	8376	8189.74	7776	8591
34	8282	8169.5	7776	8591
35	8282	8146.9	7776	8591
36	8282	8116.69	7776	8591
37	8282	8069.87	7776	8591
38	8188	8030.22	7776	8591
39	8188	8009.34	7776	8591
40	8082	7980.58	7776	8591
41	8082	7960.88	7776	8591
42	8082	7934.2	7776	8591
43	7988	7913.85	7776	8591
44	7976	7890.9	7776	8591
45	7976	7867.08	7776	8591
46	7882	7845.12	7776	8591
47	7882	7837.74	7776	8591
48	7882	7829.96	7776	8591
49	7882	7821.14	7776	8591
50	7882	7805.95	7776	8591
51	7882	7789.71	7776	8591
52	7788	7777.2	7776	8591
53	7776	7776	7776	8591
54	7776	7776	7776	8591
55	7776	7776	7776	8591
56	7776	7776	7776	8591
57	7776	7776	7776	8591
58	7776	7776	7776	8591
59	7776	7776	7776	8591
60	7776	7776	7776	8591
61	7776	7776	7776	8591
62	7776	7776	7776	8591
63	7776	7776	7776	8591
64	7776	7776	7776	8591
65	7776	7776	7776	8591
66	7776	7776	7776	8591
67	7776	7776	7776	8591
68	7776	7776	7776	8591
69	7776	7776	7776	8591
70	7776	7776	7776	8591
71	7776	7776	7776	8591
72	7776	7776	7776	8591
73	7776	7776	7776	8591
74	7776	7776	7776	8591
75	7776	7776	7776	8591
76	7776	7776	7776	8591
77	7776	7776	7776	8591
78	7776	7776	7776	8591
79	7776	7776	7776	8591
80	7776	7776	7776	8591
81	7776	7776	7776	8591
82	7776	7776	7776	8591
83	7776	7776	7776	8591
84	7776	7776	7776	8591
85	7776	7776	7776	8591
86	7776	7776	7776	8591
87	7776	7776	7776	8591
88	7776	7776	7776	8591
89	7776	7776	7776	8591
90	7776	7776	7776	8591
91	7776	7776	7776	8591
92	7776	7776	7776	8591
93	7776	7776	7776	8591
94	7776	7776	7776	8591
95	7776	7776	7776	8591
96	7776	7776	7776	8591
97	7776	7776	7776	8591
98	7776	7776	7776	8591
99	7776	7776	7776	8591
100	7776	7776	7776	8591
101	7776	7776	7776	8591
102	7776	7776	7776	8591
103	7776	7776	7776	8591
104	7776	7776	7776	8591
105	7776	7776	7776	8591
106	7776	7776	7776	8591
107	7776	7776	7776	8591
108	7776	7776	7776	8591
109	7776	7776	7776	8591
110	7776	7776	7776	8591
111	7776	7776	7776	8591
112	7776	7776	7776	8591
113	7776	7776	7776	8591
114	7776	7776	7776	8591
115	7776	7776	7776	8591
116	7776	7776	7776	8591
117	7776	7776	7776	8591
118	7776	7776	7776	8591
119	7776	7776	7776	8591
120	7776	7776	7776	8591
121	7776	7776	7776	8591
122	7776	7776	7776	8591
123	7776	7776	7776	8591
124	7776	7776	7776	8591
125	7776	7776	7776	8591
126	7776	7776	7776	8591
127	7776	7776	7776	8591
128	7776	7776	7776	8591
129	7776	7776	7776	8591
130	7776	7776	7776	8591
131	7776	7776	7776	8591
132	7776	7776	7776	8591
133	7776	7776	7776	8591
134	7776	7776	7776	8591
135	7776	7776	7776	8591
136	7776	7776	7776	8591
137	7776	7776	7776	8591
138	7776	7776	7776	8591
139	7776	7776	7776	8591
140	7776	7776	7776	8591
141	7776	7776	7776	8591
142	7776	7776	7776	8591
143	7776	7776	7776	8591
144	7776	7776	7776	8591
145	7776	7776	7776	8591
146	7776	7776	7776	8591
147	7776	7776	7776	8591
148	7776	7776	7776	8591
149	7776	7776	7776	8591
150	7776	7776	7776	8591
151	7776	7776	7776	8591
152	7776	7776	7776	8591
153	7776	7776	7776	8591
154	7776	7776	7776	8591
155	7776	7776	7776	8591
156	7776	7776	7776	8591
157	7776	7776	7776	8591
158	7776	7776	7776	8591
159	7776	7776	7776	8591
160	7776	7776	7776	8591
161	7776	7776	7776	8591
162	7776	7776	7776	8591
163	7776	7776	7776	8591
164	7776	7776	7776	8591
165	7776	7776	7776	8591
166	7776	7776	7776	8591
167	7776	7776	7776	8591
168	7776	7776	7776	8591
169	7776	7776	7776	8591
170	7776	7776	7776	8591
171	7776	7776	7776	8591
172	7776	7776	7776	8591
173	7776	7776	7776	8591
174	7776	7776	7776	8591
175	7776	7776	7776	8591
176	7776	7776	7776	8591
177	7776	7776	7776	8591
178	7776	7776	7776	8591
179	7776	7776	7776	8591
180	7776	7776	7776	8591
181	7776	7776	7776	8591
182	7776	7776	7776	8591
183	7776	7776	7776	8591
184	7776	7776	7776	8591
185	7776	7776	7776	8591
186	7776	7776	7776	8591
187	7776	7776	7776	8591
188	7776	7776	7776	8591
189	7776	7776	7776	8591
190	7776	7776	7776	8591
191	7776	7776	7776	8591
192	7776	7776	7776	8591
193	7776	7776	7776	8591
194	7776	7776	7776	8591
195	7776	7776	7776	8591
196	7776	7776	7776	8591
197	7776	7776	7776	8591
198	7776	7776	7776	8591
199	7776	7776	7776	8591
200	7776	7776	7776	8591
201	7776	7776	7776	8591
202	7776	7776	7776	8591
203	7776	7776	7776	8591
204	7776	7776	7776	8591
205	7776	7776	7776	8591
206	7776	7776	7776	8591
207	7776	7776	7776	8591
208	7776	7776	7776	8591
209	7776	7776	7776	8591
210	7776	7776	7776	8591
211	7776	7776	7776	8591
212	7776	7776	7776	8591
213	7776	7776	7776	8591
214	7776	7776	7776	8591
215	7776	7776	7776	8591
216	7776	7776	7776	8591
217	7776	7776	7776	8591
218	7776	7776	7776	8591
219	7776	7776	7776	8591
220	7776	7776	7776	8591
221	7776	7776	7776	8591
222	7776	7776	7776	8591
223	7776	7776	7776	8591
224	7776	7776	7776	8591
225	7776	7776	7776	8591
226	7776	7776	7776	8591
227	7776	7776	7776	8591
228	7776	7776	7776	8591
229	7776	7776	7776	8591
230	7776	7776	7776	8591
231	7776	7776	7776	8591
232	7776	7776	7776	8591
233	7776	7776	7776	8591
234	7776	7776	7776	8591
235	7776	7776	7776	8591
236	7776	7776	7776	8591
237	7776	7776	7776	8591
238	7776	7776	7776	8591
239	7776	7776	7776	8591
240	7776	7776	7776	8591
241	7776	7776	7776	8591
242	7776	7776	7776	8591
243	7776	7776	7776	8591
244	7776	7776	7776	8591
245	7776	7776	7776	8591
246	7776	7776	7776	8591
247	7776	7776	7776	8591
248	7776	7776	7776	8591
249	7776	7776	7776	8591
250	7776	7776	7776	8591
251	7776	7776	7776	8591
252	7776	7776	7776	8591
253	7776	7776	7776	8591
254	7776	7776	7776	8591
255	7776	7776	7776	8591
256	7776	7776	7776	8591
257	7776	7776	7776	8591
258	7776	7776	7776	8591
259	7776	7776	7776	8591
260	7776	7776	7776	8591
261	7776	7776	7776	8591
262	7776	7776	7776	8591
263	7776	7776	7776	8591
264	7776	7776	7776	8591
265	7776	7776	7776	8591
266	7776	7776	7776	8591
267	7776	7776	7776	8591
268	7776	7776	7776	8591
269	7776	7776	7776	8591
270	7776	7776	7776	8591
271	7776	7776	7776	8591
272	7776	7776	7776	8591
273	7776	7776	7776	8591
274	7776	7776	7776	8591
275	7776	7776	7776	8591
276	7776	7776	7776	8591
277	7776	7776	7776	8591
278	7776	7776	7776	8591
279	7776	7776	7776	8591
280	7776	7776	7776	8591
281	7776	7776	7776	8591
282	7776	7776	7776	8591
283	7776	7776	7776	8591
284	7776	7776	7776	8591
285	7776	7776	7776	8591
286	7776	7776	7776	8591
287	7776	7776	7776	8591
288	7776	7776	7776	8591
289	7776	7776	7776	8591
290	7776	7776	7776	8591
291	7776	7776	7776	8591
292	7776	7776	7776	8591
293	7776	7776	7776	8591
294	7776	7776	7776	8591
295	7776	7776	7776	8591
296	7776	7776	7776	8591
297	7776	7776	7776	8591
298	7776	7776	7776	8591
299	7776	7776	7776	8591
300	7776	7776	7776	8591
301	7776	7776	7776	8591
302	7776	7776	7776	8591
303	7776	7776	7776	8591
304	7776	7776	7776	8591
305	7776	7776	7776	8591
306	7776	7776	7776	8591
307	7776	7776	7776	8591
308	7776	7776	7776	8591
309	7776	7776	7776	8591
310	7776	7776	7776	8591
311	7776	7776	7776	8591
312	7776	7776	7776	8591
313	7776	7776	7776	8591
314	7776	7776	7776	8591
315	7776	7776	7776	8591
316	7776	7776	7776	8591
317	7776	7776	7776	8591
318	7776	7776	7776	8591
319	7776	7776	7776	8591
320	7776	7776	7776	8591
321	7776	7776	7776	8591
322	7776	7776	7776	8591
323	7776	7776	7776	8591
324	7776	7776	7776	8591
325	7776	7776	7776	8591
326	7776	7776	7776	8591
327	7776	7776	7776	8591
328	7776	7776	7776	8591
329	7776	7776	7776	8591
330	7776	7776	7776	8591
331	7776	7776	7776	8591
332	7776	7776	7776	8591
333	7776	7776	7776	8591
334	7776	7776	7776	8591
335	7776	7776	7776	8591
336	7776	7776	7776	8591
337	7776	7776	7776	8591
338	7776	7776	7776	8591
339	7776	7776	7776	8591
340	7776	7776	7776	8591
341	7776	7776	7776	8591
342	7776	7776	7776	8591
343	7776	7776	7776	8591
344	7776	7776	7776	8591
345	7776	7776	7776	8591
346	7776	7776	7776	8591
347	7776	7776	7776	8591
348	7776	7776	7776	8591
349	7776	7776	7776	8591
350	7776	7776	7776	8591
351	7776	7776	7776	8591
352	7776	7776	7776	8591
353	7776	7776	7776	8591
354	7776	7776	7776	8591
355	7776	7776	7776	8591
356	7776	7776	7776	8591
357	7776	7776	7776	8591
358	7776	7776	7776	8591
359	7776	7776	7776	8591
360	7776	7776	7776	8591
361	7776	7776	7776	8591
362	7776	7776	7776	8591
363	7776	7776	7776	8591
364	7776	7776	7776	8591
365	7776	7776	7776	8591
366	7776	7776	7776	8591
367	7776	7776	7776	8591
368	7776	7776	7776	8591
369	7776	7776	7776	8591
370	7776	7776	7776	8591
371	7776	7776	7776	8591
372	7776	7776	7776	8591
373	7776	7776	7776	8591
374	7776	7776	7776	8591
375	7776	7776	7776	8591
376	7776	7776	7776	8591
377	7776	7776	7776	8591
378	7776	7776	7776	8591
379	7776	7776	7776	8591
380	7776	7776	7776	8591
381	7776	7776	7776	8591
382	7776	7776	7776	8591
383	7776	7776	7776	8591
384	7776	7776	7776	8591
385	7776	7776	7776	8591
386	7776	7776	7776	8591
387	7776	7776	7776	8591
388	7776	7776	7776	8591
389	7776	7776	7776	8591
390	7776	7776	7776	8591
391	7776	7776	7776	8591
392	7776	7776	7776	8591
393	7776	7776	7776	8591
394	7776	7776	7776	8591
395	7776	7776	7776	8591
396	7776	7776	7776	8591
397	7776	7776	7776	8591
398	7776	7776	7776	8591
399	7776	7776	7776	8591
