0	220.853	317.889	519.375	1661.54	1862.48	2049.48	31	34.95	40	3520
1	220.853	278.484	310.095	1661.54	1834.93	2083.48	30	34.54	38	3520
2	220.853	265.3	289.551	1661.54	1839.63	2158.51	31	34.83	41	3520
3	215.882	257.029	278.853	1661.54	1832.13	2030.51	30	34.82	38	3520
4	215.882	251.5	272.095	1661.54	1816.74	2137	30	34.73	40	3520
5	215.882	245.523	263.551	1661.54	1822.7	2022.79	31	34.66	40	3520
6	213.61	239.485	257.066	1661.54	1804.34	2022.79	30	34.44	40	3520
7	210.912	234.559	249.61	1658.3	1805.82	2005.48	30	34.66	38	3520
8	210.64	231.527	246.64	1664.3	1794.64	2005.48	30	34.59	38	3520
9	210.64	228.882	240.095	1664.3	1794.98	2005.48	30	34.66	38	3520
10	210.64	227.363	236.095	1695.06	1792.36	1992.24	30	34.5	38	3520
11	210.64	226.175	234.309	1695.06	1796.34	1992.24	30	34.62	38	3520
12	210.64	224.744	232.095	1651.6	1795.77	1992.24	29	34.64	38	3520
13	208.64	224.011	231.125	1651.6	1796.12	1992.24	29	34.84	38	3520
14	208.64	223.104	229.397	1651.6	1795.52	1905.97	29	34.98	38	3520
15	208.64	222.319	228.368	1651.6	1795.97	1905.97	29	35	38	3520
16	208.64	221.525	227.397	1651.6	1796.15	1905.97	29	35.15	38	3520
17	208.64	220.524	226.368	1651.6	1796.72	1905.97	29	35.32	38	3520
18	208.64	219.773	225.338	1651.6	1799.02	1905.97	29	35.43	38	3520
19	208.64	219.076	223.125	1651.6	1800.61	1905.97	29	35.5	38	3520
20	197.882	218.471	223.125	1651.6	1795.97	1905.97	29	35.26	38	3520
21	197.882	218.12	222.368	1651.6	1792.18	1905.97	29	35.03	38	3520
22	197.882	217.24	222.368	1651.6	1785.59	1905.97	29	34.75	38	3520
23	197.882	216.514	222.095	1651.6	1783.16	1905.97	29	34.6	37	3520
24	197.882	215.403	220.154	1689.76	1778.63	1905.97	30	34.55	37	3520
25	197.882	215.071	219.397	1689.76	1783.48	1905.97	30	34.71	37	3520
26	197.882	214.36	219.125	1689.76	1783.84	1905.97	30	34.74	37	3520
27	197.882	213.505	218.368	1689.76	1786.69	1905.97	30	34.94	37	3520
28	197.882	213.046	217.61	1689.76	1790.04	1905.97	30	35.06	37	3520
29	197.882	212.457	216.368	1689.76	1787.25	1867.76	30	35.01	37	3520
30	197.882	211.952	215.125	1703.76	1791.58	1867.76	31	35.22	37	3520
31	197.882	211.83	213.61	1703.76	1798.15	1867.76	31	35.29	37	3520
32	197.882	211.435	213.61	1703.76	1795.82	1867.76	31	35.2	37	3520
33	197.882	211.253	213.61	1703.76	1794.68	1867.76	31	35.17	37	3520
34	197.882	210.789	213.61	1703.76	1791.06	1867.76	31	35.1	37	3520
35	197.882	210.45	213.61	1703.76	1788.58	1867.76	31	35.04	37	3520
36	197.882	209.559	213.61	1703.76	1780.99	1867.76	31	34.89	37	3520
37	197.882	208.898	213.61	1703.76	1775.57	1867.76	31	34.79	37	3520
38	197.882	207.922	211.882	1703.76	1777.47	1867.76	31	34.9	37	3520
39	197.882	207.215	210.64	1704.79	1781.58	1867.76	31	35.02	37	3520
40	197.882	206.675	209.882	1704.79	1775.82	1848.51	31	34.99	39	3520
41	197.882	206.102	208.64	1703.27	1774.35	1839	31	34.99	37	3520
42	197.882	205.406	208.64	1703.27	1767.55	1839	31	34.96	37	3520
43	197.882	204.353	208.64	1703.27	1756.52	1839	31	34.94	37	3520
44	197.882	203.497	208.64	1703.27	1744.1	1839	31	34.99	37	3520
45	197.882	202.934	204.64	1696.57	1739.86	1825.97	32	34.75	36	3520
46	197.882	202.535	204.64	1696.57	1748.58	1825.97	32	34.51	36	3520
47	197.882	202.162	204.64	1696.57	1758.31	1825.97	32	34.21	36	3520
48	197.882	201.327	203.882	1696.57	1767.96	1825.97	32	33.7	36	3520
49	197.882	200.829	203.125	1696.57	1769.46	1837.48	32	33.86	36	3520
50	197.882	199.947	203.125	1696.57	1771.8	1837.48	32	34.23	36	3520
51	197.882	199.495	200.64	1696.57	1767.86	1825.97	32	34.16	36	3520
52	197.882	199.097	200.64	1696.57	1754.9	1825.97	32	33.79	36	3520
53	197.882	198.586	200.368	1696.57	1740.17	1825.97	32	33.37	36	3520
54	197.882	198.085	199.882	1719	1731.43	1825.97	33	33.15	36	3520
55	197.882	197.882	197.882	1726.51	1726.53	1728.51	33	33	33	3520
56	197.882	197.882	197.882	1726.51	1726.53	1728.51	33	33	33	3520
57	197.882	197.882	197.882	1726.51	1726.53	1728.51	33	33	33	3520
58	197.882	197.882	197.882	1726.51	1726.53	1728.51	33	33	33	3520
59	197.882	197.882	197.882	1726.51	1726.53	1728.51	33	33	33	3520
60	197.125	197.875	197.882	1718.51	1726.45	1728.51	33	33	33	3520
61	197.125	197.867	197.882	1718.51	1726.37	1728.51	33	33	33	3520
62	197.125	197.86	197.882	1718.51	1726.29	1728.51	33	33	33	3520
63	197.125	197.844	197.882	1718.51	1726.13	1728.51	33	33	33	3520
64	192.64	197.777	197.882	1718.51	1726.17	1746.03	33	33.03	36	3520
65	192.64	197.737	197.882	1718.51	1725.89	1746.03	33	33.03	36	3520
66	192.64	197.632	197.882	1718.51	1725.21	1746.03	33	33.03	36	3520
67	192.64	197.554	197.882	1718.51	1724.53	1746.03	33	33.03	36	3520
68	192.64	197.414	197.882	1718.51	1724.08	1746.03	33	33.06	36	3520
69	192.64	197.191	197.882	1718.51	1723.51	1746.03	33	33.12	36	3520
70	192.64	196.749	197.882	1718.51	1722.7	1746.03	33	33.24	36	3520
71	192.64	196.399	197.125	1718.51	1722.54	1746.03	33	33.33	36	3520
72	192.64	196.163	197.125	1718.51	1723.71	1746.03	33	33.39	36	3520
73	192.64	195.871	197.125	1718.51	1725.37	1746.03	33	33.54	36	3520
74	192.154	195.336	197.125	1715	1728.11	1746.03	33	33.8	36	3520
75	192.154	195.022	196.154	1715	1730.08	1749.27	33	33.98	36	3520
76	192.154	194.279	196.154	1715	1734.7	1749.27	33	34.6	36	3520
77	192.154	193.506	196.154	1715	1740.02	1770.51	33	35.28	36	3520
78	192.154	192.737	195.882	1715	1745.7	1770.51	35	35.97	36	3520
79	192.154	192.625	192.64	1715	1745.11	1748.03	35	35.97	36	3520
80	192.154	192.62	192.64	1715	1744.8	1748.03	35	35.96	36	3520
81	192.154	192.611	192.64	1715	1744.18	1748.03	35	35.94	36	3520
82	192.154	192.596	192.64	1715	1743.25	1748.03	35	35.91	36	3520
83	192.154	192.591	192.64	1715	1742.94	1748.03	35	35.9	36	3520
84	192.154	192.577	192.64	1715	1742.01	1748.03	35	35.87	36	3520
85	192.154	192.564	192.64	1715	1741.28	1748.03	35	35.85	36	3520
86	192.154	192.535	192.64	1715	1739.41	1748.03	35	35.79	36	3520
87	192.154	192.501	192.64	1715	1737.24	1748.03	35	35.72	36	3520
88	192.154	192.467	192.64	1715	1735.07	1748.03	35	35.65	36	3520
89	192.154	192.362	192.64	1715	1728.46	1746.03	35	35.44	36	3520
90	192.154	192.275	192.64	1715	1722.96	1746.03	35	35.26	36	3520
91	188.154	192.114	192.154	1715	1715.16	1719	35	35	35	3520
92	188.154	192.112	192.154	1711.76	1715.13	1719	35	35	35	3520
93	188.154	192.072	192.154	1711.76	1715.13	1719	35	35	35	3520
94	187.397	191.976	192.154	1711.76	1715.03	1719	35	35	35	3520
95	187.397	191.935	192.154	1711.76	1714.93	1719	35	35	35	3520
96	187.397	191.85	192.154	1711.76	1714.87	1719	35	35	35	3520
97	187.397	191.809	192.154	1711.76	1714.77	1719	35	35	35	3520
98	187.397	191.602	192.154	1711.76	1714.75	1719	35	35	35	3520
99	187.397	191.299	192.154	1711	1714.67	1719	35	35	35	3520
100	187.397	190.974	192.154	1711	1714.5	1719	35	35	35	3520
101	187.397	190.674	192.154	1711	1714.2	1719	35	35	35	3520
102	187.397	190.26	192.154	1711	1713.78	1719	35	35	35	3520
103	187.397	189.616	191.882	1711	1714.22	1719	35	35	35	3520
104	187.397	188.768	191.397	1707	1714.96	1719	35	35	35	3520
105	187.397	188.53	188.912	1707	1714.92	1719	35	35	35	3520
106	187.397	188.393	188.912	1707	1714.92	1719	35	35	35	3520
107	187.397	188.265	188.912	1707	1714.86	1719	35	35	35	3520
108	187.397	188.077	188.154	1711	1714.86	1719	35	35	35	3520
109	187.397	188.047	188.154	1711	1714.74	1719	35	35	35	3520
110	187.397	188.005	188.154	1711	1714.58	1719	35	35	35	3520
111	187.397	187.977	188.154	1711	1714.38	1719	35	35	35	3520
112	187.397	187.928	188.154	1711	1714.22	1719	35	35	35	3520
113	187.397	187.843	188.154	1707	1713.74	1719	35	35	35	3520
114	187.397	187.72	188.154	1707	1713.36	1719	35	35	35	3520
115	187.397	187.615	187.882	1707	1713.04	1715	35	35	35	3520
116	187.397	187.528	187.882	1707	1713.76	1715	35	35	35	3520
117	187.397	187.397	187.397	1707	1714.88	1719	35	35	35	3520
118	187.397	187.397	187.397	1707	1714.88	1719	35	35	35	3520
119	187.397	187.397	187.397	1707	1714.88	1719	35	35	35	3520
120	187.397	187.397	187.397	1707	1714.88	1719	35	35	35	3520
121	187.397	187.397	187.397	1707	1714.88	1719	35	35	35	3520
122	187.397	187.397	187.397	1707	1714.88	1719	35	35	35	3520
123	187.397	187.397	187.397	1707	1714.88	1719	35	35	35	3520
124	187.397	187.397	187.397	1707	1714.88	1719	35	35	35	3520
125	187.397	187.397	187.397	1707	1714.88	1719	35	35	35	3520
126	187.397	187.397	187.397	1707	1714.88	1719	35	35	35	3520
127	187.397	187.397	187.397	1707	1714.88	1719	35	35	35	3520
128	187.397	187.397	187.397	1707	1714.88	1719	35	35	35	3520
129	187.397	187.397	187.397	1707	1714.88	1719	35	35	35	3520
130	187.397	187.397	187.397	1707	1714.88	1719	35	35	35	3520
131	187.397	187.397	187.397	1707	1714.88	1719	35	35	35	3520
132	187.397	187.397	187.397	1707	1714.88	1719	35	35	35	3520
133	187.397	187.397	187.397	1707	1714.88	1719	35	35	35	3520
134	187.397	187.397	187.397	1707	1714.88	1719	35	35	35	3520
135	187.397	187.397	187.397	1707	1714.88	1719	35	35	35	3520
136	187.397	187.397	187.397	1707	1714.88	1719	35	35	35	3520
137	187.397	187.397	187.397	1707	1714.88	1719	35	35	35	3520
138	187.397	187.397	187.397	1707	1714.88	1719	35	35	35	3520
139	187.397	187.397	187.397	1707	1714.88	1719	35	35	35	3520
140	187.397	187.397	187.397	1707	1714.88	1719	35	35	35	3520
141	187.397	187.397	187.397	1707	1714.88	1719	35	35	35	3520
142	187.397	187.397	187.397	1707	1714.88	1719	35	35	35	3520
143	187.397	187.397	187.397	1707	1714.88	1719	35	35	35	3520
144	187.397	187.397	187.397	1707	1714.88	1719	35	35	35	3520
145	187.397	187.397	187.397	1707	1714.88	1719	35	35	35	3520
146	187.397	187.397	187.397	1707	1714.88	1719	35	35	35	3520
147	187.397	187.397	187.397	1707	1714.88	1719	35	35	35	3520
148	187.397	187.397	187.397	1707	1714.88	1719	35	35	35	3520
149	187.397	187.397	187.397	1707	1714.88	1719	35	35	35	3520
150	187.397	187.397	187.397	1707	1714.88	1719	35	35	35	3520
151	187.397	187.397	187.397	1707	1714.88	1719	35	35	35	3520
152	187.397	187.397	187.397	1707	1714.88	1719	35	35	35	3520
153	187.397	187.397	187.397	1707	1714.88	1719	35	35	35	3520
154	187.397	187.397	187.397	1707	1714.88	1719	35	35	35	3520
155	187.397	187.397	187.397	1707	1714.88	1719	35	35	35	3520
156	187.397	187.397	187.397	1707	1714.88	1719	35	35	35	3520
157	187.397	187.397	187.397	1707	1714.88	1719	35	35	35	3520
158	187.397	187.397	187.397	1707	1714.88	1719	35	35	35	3520
159	187.397	187.397	187.397	1707	1714.88	1719	35	35	35	3520
160	187.397	187.397	187.397	1707	1714.88	1719	35	35	35	3520
161	187.397	187.397	187.397	1707	1714.88	1719	35	35	35	3520
162	187.397	187.397	187.397	1707	1714.88	1719	35	35	35	3520
163	187.397	187.397	187.397	1707	1714.88	1719	35	35	35	3520
164	187.397	187.397	187.397	1707	1714.88	1719	35	35	35	3520
165	187.397	187.397	187.397	1707	1714.88	1719	35	35	35	3520
166	187.397	187.397	187.397	1707	1714.88	1719	35	35	35	3520
167	187.397	187.397	187.397	1707	1714.88	1719	35	35	35	3520
168	187.397	187.397	187.397	1707	1714.88	1719	35	35	35	3520
169	187.397	187.397	187.397	1707	1714.88	1719	35	35	35	3520
170	187.397	187.397	187.397	1707	1714.88	1719	35	35	35	3520
171	187.397	187.397	187.397	1707	1714.88	1719	35	35	35	3520
172	187.397	187.397	187.397	1707	1714.88	1719	35	35	35	3520
173	187.397	187.397	187.397	1707	1714.88	1719	35	35	35	3520
174	187.397	187.397	187.397	1707	1714.88	1719	35	35	35	3520
175	187.397	187.397	187.397	1707	1714.88	1719	35	35	35	3520
176	187.397	187.397	187.397	1707	1714.88	1719	35	35	35	3520
177	187.397	187.397	187.397	1707	1714.88	1719	35	35	35	3520
178	187.397	187.397	187.397	1707	1714.88	1719	35	35	35	3520
179	187.397	187.397	187.397	1707	1714.88	1719	35	35	35	3520
180	187.397	187.397	187.397	1707	1714.88	1719	35	35	35	3520
181	187.397	187.397	187.397	1707	1714.88	1719	35	35	35	3520
182	187.397	187.397	187.397	1707	1714.88	1719	35	35	35	3520
183	187.397	187.397	187.397	1707	1714.88	1719	35	35	35	3520
184	187.397	187.397	187.397	1707	1714.88	1719	35	35	35	3520
185	187.397	187.397	187.397	1707	1714.88	1719	35	35	35	3520
186	187.397	187.397	187.397	1707	1714.88	1719	35	35	35	3520
187	187.397	187.397	187.397	1707	1714.88	1719	35	35	35	3520
188	187.397	187.397	187.397	1707	1714.88	1719	35	35	35	3520
189	187.397	187.397	187.397	1707	1714.88	1719	35	35	35	3520
190	187.397	187.397	187.397	1707	1714.88	1719	35	35	35	3520
191	187.397	187.397	187.397	1707	1714.88	1719	35	35	35	3520
192	187.397	187.397	187.397	1707	1714.88	1719	35	35	35	3520
193	187.397	187.397	187.397	1707	1714.88	1719	35	35	35	3520
194	187.397	187.397	187.397	1707	1714.88	1719	35	35	35	3520
195	187.397	187.397	187.397	1707	1714.88	1719	35	35	35	3520
196	187.397	187.397	187.397	1707	1714.88	1719	35	35	35	3520
197	187.397	187.397	187.397	1707	1714.88	1719	35	35	35	3520
198	187.397	187.397	187.397	1707	1714.88	1719	35	35	35	3520
199	187.397	187.397	187.397	1707	1714.88	1719	35	35	35	3520
0	230.095	328.923	490.191	1666.73	1847.74	2084.03	28	34.22	40	8115
1	218.095	282.806	320.037	1666.73	1832.72	2007	28	34.12	40	8115
2	218.095	266.882	291.882	1666.73	1825.28	2056.46	29	34.23	41	8115
3	218.095	260.22	280.581	1666.73	1828.82	2056.46	29	34.1	41	8115
4	210.095	253.249	273.066	1666.73	1826.52	2129.48	29	34.27	41	8115
5	210.095	248.759	267.823	1666.73	1811.66	2056.46	29	34.07	41	8115
6	210.095	245.364	260.154	1666.73	1800.61	1991.48	29	33.72	39	8115
7	210.095	242.603	256.368	1612.36	1791.57	1991.48	29	33.58	38	8115
8	210.095	239.314	251.125	1612.36	1789.92	1991.48	29	33.72	38	8115
9	210.095	237.141	248.095	1673.54	1784.84	1953.48	30	33.74	38	8115
10	210.095	235.143	246.154	1677.06	1788.67	1953.48	30	33.69	39	8115
11	210.095	233.059	243.125	1677.06	1787.87	1953.48	30	33.62	39	8115
12	210.095	231.334	241.397	1640.57	1784.09	1893.27	30	33.55	39	8115
13	210.095	229.381	238.581	1638.57	1781.29	1940.45	30	33.49	38	8115
14	210.095	228.398	236.309	1638.57	1781.26	1940.45	30	33.54	38	8115
15	198.368	226.903	234.581	1638.57	1778.74	1940.45	29	33.62	38	8115
16	198.368	226.234	234.368	1638.57	1776.15	1940.45	29	33.68	38	8115
17	198.368	225.221	233.397	1638.57	1776.88	1940.45	29	33.68	38	8115
18	198.368	223.773	231.397	1638.57	1769.91	1895.06	29	33.41	37	8115
19	198.368	222.659	230.368	1642.57	1771.72	1895.06	29	33.44	37	8115
20	198.368	221.402	229.125	1642.57	1764.32	1877	29	33.42	37	8115
21	198.368	220.314	228.368	1642.57	1762.48	1877	29	33.43	37	8115
22	198.368	219.388	227.338	1642.57	1760.51	1866.46	29	33.48	37	8115
23	198.368	218.21	225.823	1642.57	1761.3	1866.46	29	33.53	37	8115
24	198.368	217.274	224.853	1642.57	1762.56	1866.46	29	33.7	37	8115
25	198.368	215.977	222.853	1642.57	1768.51	1875.27	29	33.84	37	8115
26	198.368	215.58	222.095	1642.57	1765.13	1875.27	29	33.81	37	8115
27	198.368	214.69	221.125	1609.33	1761.04	1881.43	29	33.75	37	8115
28	198.368	213.304	220.095	1609.33	1756.28	1881.43	29	33.61	37	8115
29	198.368	212.282	218.853	1609.33	1753.72	1843	29	33.62	37	8115
30	198.368	211.7	217.125	1609.33	1748.37	1841.97	29	33.69	37	8115
31	197.397	211.044	215.882	1609.33	1746.05	1841.97	29	33.7	36	8115
32	197.397	210.068	215.61	1609.33	1742.24	1841.97	29	33.82	36	8115
33	197.397	209.588	215.125	1609.33	1742.7	1841.97	29	33.77	36	8115
34	197.397	209.328	214.853	1609.33	1744.69	1841.97	29	33.73	36	8115
35	197.397	208.097	214.154	1609.33	1742.7	1818.03	29	33.57	36	8115
36	197.397	207.172	212.64	1609.33	1742.74	1818.03	29	33.76	36	8115
37	197.397	205.709	210.095	1609.33	1745.98	1796.45	29	33.44	36	8115
38	197.397	204.749	209.397	1609.33	1746.87	1791.97	29	33.26	36	8115
39	197.397	203.327	206.853	1642.57	1755.35	1791.97	29	33.76	36	8115
40	197.397	202.74	205.61	1642.57	1754.22	1791.97	29	33.57	36	8115
41	197.397	202.085	205.61	1642.57	1749.05	1791.97	29	33.39	36	8115
42	197.397	201.119	201.61	1642.57	1744.34	1784.73	29	33.21	36	8115
43	197.397	201.043	201.61	1642.57	1744.59	1784.73	29	33.2	36	8115
44	197.397	200.948	201.61	1642.57	1745.22	1780.73	29	33.15	36	8115
45	197.397	200.773	201.61	1642.57	1746.4	1780.73	29	33.1	35	8115
46	197.397	200.609	201.125	1642.57	1746.82	1757.48	29	33.1	35	8115
47	196.368	200.39	201.125	1642.57	1746	1759	29	33.23	35	8115
48	196.368	200.052	201.125	1642.57	1744.68	1759	29	33.58	35	8115
49	191.125	199.589	201.125	1642.57	1742.48	1759	29	33.96	35	8115
50	191.125	199.256	201.125	1642.57	1741.39	1759	29	34.31	35	8115
51	191.125	198.626	199.882	1642.57	1743.04	1749.97	29	34.8	35	8115
52	191.125	198.538	198.853	1642.57	1743.42	1749.97	29	34.88	35	8115
53	191.125	198.349	198.853	1642.57	1742.95	1762.73	29	34.87	35	8115
54	191.125	198.253	198.853	1642.57	1742.07	1762.73	29	34.86	35	8115
55	191.125	197.887	198.853	1642.57	1739.14	1762.73	29	34.77	35	8115
56	191.125	197.569	198.853	1642.57	1736.9	1762.73	29	34.74	35	8115
57	191.125	197.286	198.853	1642.57	1734.52	1762.73	29	34.68	35	8115
58	191.125	196.853	198.853	1642.57	1731.83	1762.73	29	34.61	35	8115
59	191.125	196.314	198.853	1642.57	1727.88	1762.73	29	34.52	35	8115
60	191.125	195.631	198.853	1642.57	1725.15	1762.73	29	34.46	35	8115
61	191.125	194.429	198.095	1689.48	1722.72	1762.73	31	34.63	35	8115
62	191.125	193.626	197.882	1689.48	1721.49	1762.73	32	34.58	35	8115
63	191.125	192.727	196.368	1689.48	1720.08	1762.73	34	34.59	35	8115
64	191.125	191.434	192.912	1675.76	1711.65	1763	34	34.44	35	8115
65	191.125	191.158	192.154	1675.76	1703.83	1759	34	34.22	35	8115
66	191.125	191.125	191.125	1675.76	1702.43	1759	34	34.19	35	8115
67	191.125	191.125	191.125	1675.76	1702.43	1759	34	34.19	35	8115
68	191.125	191.125	191.125	1675.76	1702.43	1759	34	34.19	35	8115
69	191.125	191.125	191.125	1675.76	1702.43	1759	34	34.19	35	8115
70	190.64	191.12	191.125	1675.76	1702.39	1759	34	34.19	35	8115
71	190.64	191.11	191.125	1675.76	1703.7	1759	34	34.21	35	8115
72	190.64	191.11	191.125	1675.76	1703.7	1759	34	34.21	35	8115
73	190.64	191.096	191.125	1675.76	1704.97	1759	34	34.23	35	8115
74	190.64	191.081	191.125	1675.76	1706.93	1759	34	34.26	35	8115
75	190.64	191.067	191.125	1675.76	1708.9	1759	34	34.29	35	8115
76	190.64	191.047	191.125	1675.76	1711.52	1759	34	34.33	35	8115
77	190.64	191.028	191.125	1675.76	1714.14	1759	34	34.37	35	8115
78	190.64	191.008	191.125	1675.76	1715.33	1759	34	34.39	35	8115
79	190.64	190.965	191.125	1675.76	1718.37	1759	34	34.44	35	8115
80	190.64	190.902	191.125	1675.76	1724.72	1759	34	34.54	35	8115
81	190.64	190.795	191.125	1675.76	1735.97	1759	34	34.71	35	8115
82	190.64	190.678	191.125	1679.76	1750.64	1759	34	34.93	35	8115
83	190.64	190.64	190.64	1755	1755.28	1759	35	35	35	8115
84	190.64	190.64	190.64	1755	1755.28	1759	35	35	35	8115
85	190.64	190.64	190.64	1755	1755.28	1759	35	35	35	8115
86	190.64	190.64	190.64	1755	1755.28	1759	35	35	35	8115
87	190.64	190.64	190.64	1755	1755.28	1759	35	35	35	8115
88	190.64	190.64	190.64	1755	1755.28	1759	35	35	35	8115
89	190.64	190.64	190.64	1755	1755.28	1759	35	35	35	8115
90	190.64	190.64	190.64	1755	1755.28	1759	35	35	35	8115
91	190.64	190.64	190.64	1755	1755.28	1759	35	35	35	8115
92	190.64	190.64	190.64	1755	1755.28	1759	35	35	35	8115
93	190.64	190.64	190.64	1755	1755.28	1759	35	35	35	8115
94	190.64	190.64	190.64	1755	1755.28	1759	35	35	35	8115
95	190.64	190.64	190.64	1755	1755.28	1759	35	35	35	8115
96	190.64	190.64	190.64	1755	1755.28	1759	35	35	35	8115
97	190.64	190.64	190.64	1755	1755.28	1759	35	35	35	8115
98	190.64	190.64	190.64	1755	1755.28	1759	35	35	35	8115
99	190.64	190.64	190.64	1755	1755.28	1759	35	35	35	8115
100	190.64	190.64	190.64	1755	1755.28	1759	35	35	35	8115
101	190.64	190.64	190.64	1755	1755.28	1759	35	35	35	8115
102	190.64	190.64	190.64	1755	1755.28	1759	35	35	35	8115
103	190.64	190.64	190.64	1755	1755.28	1759	35	35	35	8115
104	190.64	190.64	190.64	1755	1755.28	1759	35	35	35	8115
105	190.64	190.64	190.64	1755	1755.28	1759	35	35	35	8115
106	190.64	190.64	190.64	1755	1755.28	1759	35	35	35	8115
107	190.64	190.64	190.64	1755	1755.28	1759	35	35	35	8115
108	190.64	190.64	190.64	1755	1755.28	1759	35	35	35	8115
109	190.64	190.64	190.64	1755	1755.28	1759	35	35	35	8115
110	190.64	190.64	190.64	1755	1755.28	1759	35	35	35	8115
111	190.64	190.64	190.64	1755	1755.28	1759	35	35	35	8115
112	190.64	190.64	190.64	1755	1755.28	1759	35	35	35	8115
113	190.64	190.64	190.64	1755	1755.28	1759	35	35	35	8115
114	190.64	190.64	190.64	1755	1755.28	1759	35	35	35	8115
115	190.64	190.64	190.64	1755	1755.28	1759	35	35	35	8115
116	190.64	190.64	190.64	1755	1755.28	1759	35	35	35	8115
117	190.64	190.64	190.64	1755	1755.28	1759	35	35	35	8115
118	190.64	190.64	190.64	1755	1755.28	1759	35	35	35	8115
119	190.64	190.64	190.64	1755	1755.28	1759	35	35	35	8115
120	190.64	190.64	190.64	1755	1755.28	1759	35	35	35	8115
121	190.64	190.64	190.64	1755	1755.28	1759	35	35	35	8115
122	190.64	190.64	190.64	1755	1755.28	1759	35	35	35	8115
123	190.64	190.64	190.64	1755	1755.28	1759	35	35	35	8115
124	190.64	190.64	190.64	1755	1755.28	1759	35	35	35	8115
125	190.64	190.64	190.64	1755	1755.28	1759	35	35	35	8115
126	190.64	190.64	190.64	1755	1755.28	1759	35	35	35	8115
127	190.64	190.64	190.64	1755	1755.28	1759	35	35	35	8115
128	190.64	190.64	190.64	1755	1755.28	1759	35	35	35	8115
129	190.64	190.64	190.64	1755	1755.28	1759	35	35	35	8115
130	190.64	190.64	190.64	1755	1755.28	1759	35	35	35	8115
131	190.64	190.64	190.64	1755	1755.28	1759	35	35	35	8115
132	190.64	190.64	190.64	1755	1755.28	1759	35	35	35	8115
133	190.64	190.64	190.64	1755	1755.28	1759	35	35	35	8115
134	190.64	190.64	190.64	1755	1755.28	1759	35	35	35	8115
135	190.64	190.64	190.64	1755	1755.28	1759	35	35	35	8115
136	190.64	190.64	190.64	1755	1755.28	1759	35	35	35	8115
137	190.64	190.64	190.64	1755	1755.28	1759	35	35	35	8115
138	190.64	190.64	190.64	1755	1755.28	1759	35	35	35	8115
139	190.64	190.64	190.64	1755	1755.28	1759	35	35	35	8115
140	190.64	190.64	190.64	1755	1755.28	1759	35	35	35	8115
141	190.64	190.64	190.64	1755	1755.28	1759	35	35	35	8115
142	190.64	190.64	190.64	1755	1755.28	1759	35	35	35	8115
143	190.64	190.64	190.64	1755	1755.28	1759	35	35	35	8115
144	190.64	190.64	190.64	1755	1755.28	1759	35	35	35	8115
145	190.64	190.64	190.64	1755	1755.28	1759	35	35	35	8115
146	190.64	190.64	190.64	1755	1755.28	1759	35	35	35	8115
147	190.64	190.64	190.64	1755	1755.28	1759	35	35	35	8115
148	190.64	190.64	190.64	1755	1755.28	1759	35	35	35	8115
149	190.64	190.64	190.64	1755	1755.28	1759	35	35	35	8115
150	190.64	190.64	190.64	1755	1755.28	1759	35	35	35	8115
151	190.64	190.64	190.64	1755	1755.28	1759	35	35	35	8115
152	190.64	190.64	190.64	1755	1755.28	1759	35	35	35	8115
153	190.64	190.64	190.64	1755	1755.28	1759	35	35	35	8115
154	190.64	190.64	190.64	1755	1755.28	1759	35	35	35	8115
155	187.125	190.604	190.64	1738.24	1755.11	1759	33	34.98	35	8115
156	187.125	190.604	190.64	1738.24	1755.11	1759	33	34.98	35	8115
157	187.125	190.604	190.64	1738.24	1755.11	1759	33	34.98	35	8115
158	187.125	190.604	190.64	1738.24	1755.11	1759	33	34.98	35	8115
159	187.125	190.604	190.64	1738.24	1755.11	1759	33	34.98	35	8115
160	187.125	190.604	190.64	1738.24	1755.11	1759	33	34.98	35	8115
161	187.125	190.604	190.64	1738.24	1755.11	1759	33	34.98	35	8115
162	187.125	190.604	190.64	1738.24	1755.11	1759	33	34.98	35	8115
163	187.125	190.569	190.64	1738.24	1754.94	1759	33	34.96	35	8115
164	187.125	190.534	190.64	1738.24	1754.78	1759	33	34.94	35	8115
165	187.125	190.464	190.64	1738.24	1754.48	1759	33	34.9	35	8115
166	187.125	190.429	190.64	1738.24	1754.35	1759	33	34.88	35	8115
167	187.125	190.358	190.64	1738.24	1754.02	1759	33	34.84	35	8115
168	187.125	190.296	190.64	1738.24	1753.76	1759	33	34.8	35	8115
169	187.125	190.19	190.64	1738.24	1753.3	1759	33	34.74	35	8115
170	187.125	190.015	190.64	1738.24	1752.46	1759	33	34.64	35	8115
171	186.912	189.739	190.64	1738.24	1751.24	1759	33	34.48	35	8115
172	186.912	189.561	190.64	1738.24	1750.4	1759	33	34.38	35	8115
173	186.912	189.041	190.64	1738.24	1747.89	1759	33	34.08	35	8115
174	186.912	188.582	190.64	1738.24	1745.71	1759	33	33.82	35	8115
175	186.912	187.807	190.64	1738.24	1742.03	1755	33	33.38	35	8115
176	186.912	187.114	187.125	1738.24	1738.72	1742.24	33	33	33	8115
177	186.912	187.11	187.125	1738.24	1738.8	1742.24	33	33	33	8115
178	186.912	187.104	187.125	1738.24	1738.84	1742.24	33	33	33	8115
179	186.912	187.099	187.125	1738.24	1738.92	1742.24	33	33	33	8115
180	186.912	187.093	187.125	1738.24	1739.04	1742.24	33	33	33	8115
181	186.912	187.074	187.125	1738.24	1739.36	1742.24	33	33	33	8115
182	186.912	187.059	187.125	1738.24	1739.64	1742.24	33	33	33	8115
183	186.912	187.037	187.125	1738.24	1740.04	1742.24	33	33	33	8115
184	186.912	187.003	187.125	1738.24	1740.68	1746.24	33	33	33	8115
185	186.912	186.959	187.125	1738.24	1741.56	1746.24	33	33	33	8115
186	186.912	186.912	186.912	1728.51	1742.22	1746.24	33	33	33	8115
187	186.912	186.912	186.912	1728.51	1742.22	1746.24	33	33	33	8115
188	186.912	186.912	186.912	1728.51	1742.22	1746.24	33	33	33	8115
189	186.912	186.912	186.912	1728.51	1742.22	1746.24	33	33	33	8115
190	186.912	186.912	186.912	1728.51	1742.22	1746.24	33	33	33	8115
191	186.912	186.912	186.912	1728.51	1742.22	1746.24	33	33	33	8115
192	186.912	186.912	186.912	1728.51	1742.22	1746.24	33	33	33	8115
193	186.912	186.912	186.912	1728.51	1742.22	1746.24	33	33	33	8115
194	186.912	186.912	186.912	1728.51	1742.22	1746.24	33	33	33	8115
195	186.912	186.912	186.912	1728.51	1742.22	1746.24	33	33	33	8115
196	186.912	186.912	186.912	1728.51	1742.22	1746.24	33	33	33	8115
197	186.912	186.912	186.912	1728.51	1742.22	1746.24	33	33	33	8115
198	186.912	186.912	186.912	1728.51	1742.22	1746.24	33	33	33	8115
199	186.912	186.912	186.912	1728.51	1742.22	1746.24	33	33	33	8115
0	237.61	330.457	612.558	1670.51	1881.18	2194.46	30	35.2	41	8647
1	230.095	288.339	325.551	1652.3	1853.31	2194.46	29	34.87	40	8647
2	213.882	268.811	296.368	1652.3	1832.96	2194.46	29	34.64	41	8647
3	213.882	260.517	282.095	1612.57	1833.37	2167	29	34.6	41	8647
4	213.882	252.098	270.309	1652.3	1821.55	2163	29	34.44	41	8647
5	213.882	249.459	265.338	1677.54	1822.77	2163	29	34.66	41	8647
6	213.882	246.737	259.397	1677.54	1812.71	2031.48	29	34.46	40	8647
7	207.882	242.847	255.125	1681.54	1807.87	2031.48	29	34.32	39	8647
8	207.882	241.14	252.853	1696.03	1814.8	2031.48	29	34.44	40	8647
9	207.882	239.255	250.64	1696.03	1808.27	1984.46	29	34.46	40	8647
10	207.882	237.489	248.581	1696.03	1805.4	1984.46	29	34.37	40	8647
11	207.882	235.141	245.61	1696.03	1805.78	1984.46	29	34.52	40	8647
12	207.882	233.271	243.125	1696.03	1802.94	1997.97	29	34.61	39	8647
13	207.882	231.268	241.066	1696.03	1801.64	1997.97	29	34.65	39	8647
14	207.882	230.281	240.368	1655.33	1799.94	1997.97	29	34.56	39	8647
15	207.882	229.552	239.125	1655.33	1795.26	1997.97	28	34.4	38	8647
16	207.882	227.949	237.61	1655.33	1792.94	1984.46	28	34.21	38	8647
17	207.882	225.746	235.125	1655.33	1783.16	1935.48	28	34.2	38	8647
18	207.882	225.027	233.61	1655.33	1782.01	1935.48	28	34.12	38	8647
19	207.882	224.43	232.368	1655.33	1784.19	1935.48	28	34.11	38	8647
20	207.882	223.348	230.853	1655.33	1783.64	1935.48	28	34.01	38	8647
21	207.882	222.64	230.095	1655.33	1784.33	1935.48	28	34.28	38	8647
22	207.882	221.994	229.61	1655.33	1783.75	1935.48	28	34.33	38	8647
23	207.882	221.165	228.309	1669.54	1783.93	1935.48	28	34.26	38	8647
24	207.882	220.354	227.61	1678.24	1783.67	1935.48	30	34.34	38	8647
25	207.882	219.711	226.853	1678.24	1780.74	1935.48	30	34.22	38	8647
26	207.882	219.425	226.095	1678.24	1778.84	1935.48	30	34.26	38	8647
27	207.882	218.769	225.61	1696.03	1779.95	1935.48	30	34.32	38	8647
28	205.882	217.898	224.426	1664.57	1771.98	1935.48	30	34.14	38	8647
29	205.882	217.576	223.066	1664.57	1769.14	1880.03	30	34.07	38	8647
30	205.882	217.402	222.853	1664.57	1767.76	1881.21	29	34.03	38	8647
31	205.882	216.878	222.154	1664.57	1762.83	1881.21	29	33.86	38	8647
32	197.125	215.74	221.882	1663.06	1763.23	1881.21	29	33.97	38	8647
33	197.125	214.799	220.368	1663.06	1764.2	1881.21	30	33.94	38	8647
34	197.125	213.972	219.125	1663.06	1757.64	1856.03	30	33.86	38	8647
35	197.125	213.538	218.368	1663.06	1754.11	1856.03	30	33.85	38	8647
36	197.125	213.12	217.882	1663.06	1753.54	1856.03	30	33.81	38	8647
37	197.125	212.713	217.61	1663.06	1755.56	1856.03	30	33.98	38	8647
38	197.125	212.102	217.125	1663.06	1757.59	1841.06	30	34.1	38	8647
39	197.125	211.456	216.154	1663.06	1754.58	1841.06	30	33.96	38	8647
40	197.125	211.027	215.882	1663.06	1747.01	1841.06	30	33.84	38	8647
41	197.125	210.633	214.853	1663.06	1742.81	1841.06	30	33.76	38	8647
42	197.125	209.916	213.882	1663.06	1735.69	1841.06	30	33.72	38	8647
43	197.125	209.063	213.397	1663.06	1738.44	1841.06	30	33.75	38	8647
44	197.125	208.624	212.368	1663.06	1736.31	1841.06	30	33.77	38	8647
45	197.125	208.162	212.368	1663.06	1738.84	1841.06	30	33.7	38	8647
46	197.125	207.363	211.882	1663.06	1741.08	1841.06	30	33.62	38	8647
47	197.125	206.614	209.61	1663.06	1735.55	1841.06	31	33.52	38	8647
48	197.125	206.027	208.368	1685.76	1739.89	1815.54	32	33.44	36	8647
49	197.125	205.428	207.882	1685.76	1746.76	1810.79	32	33.28	36	8647
50	197.125	204.662	207.882	1685.76	1743.67	1810.79	32	33.24	36	8647
51	197.125	203.894	207.882	1685.76	1741.47	1810.79	32	33.32	36	8647
52	197.125	203.44	205.882	1685.76	1744.48	1810.79	32	33.15	36	8647
53	197.125	203.027	205.882	1685.76	1748.23	1810.79	32	33.26	36	8647
54	197.125	202.554	205.882	1685.76	1754.22	1810.79	32	33.42	36	8647
55	197.125	201.835	204.853	1685.76	1759.7	1810.79	32	33.64	36	8647
56	197.125	201.514	203.125	1685.76	1759.1	1809.54	32	33.44	36	8647
57	197.125	201.358	203.125	1685.76	1757.42	1809.54	32	33.44	36	8647
58	197.125	200.982	203.125	1685.76	1753.39	1809.54	32	33.51	36	8647
59	197.125	200.463	203.125	1685.76	1753.4	1806.3	32	33.6	36	8647
60	197.125	199.898	203.125	1685.76	1752.47	1806.3	32	33.61	36	8647
61	197.125	199.435	202.368	1685.76	1753.86	1806.3	32	33.54	35	8647
62	197.125	199.05	201.397	1685.76	1759.07	1806.3	32	33.36	35	8647
63	197.125	198.807	199.397	1697.54	1764.28	1806.3	32	33.5	35	8647
64	197.125	198.773	199.397	1697.54	1765.94	1806.3	32	33.52	35	8647
65	197.125	198.717	199.397	1701.27	1767.65	1806.3	32	33.54	35	8647
66	197.125	198.678	199.397	1701.27	1767.88	1806.3	32	33.57	35	8647
67	197.125	198.642	199.397	1701.27	1767.98	1806.3	32	33.63	35	8647
68	197.125	198.592	199.397	1700.51	1770.35	1806.3	32	33.69	35	8647
69	197.125	198.536	199.397	1700.51	1771.62	1806.3	32	33.74	35	8647
70	197.125	198.387	199.397	1698.03	1772.77	1806.3	32	33.91	35	8647
71	197.125	198.252	199.125	1698.03	1774.22	1806.3	32	34.06	35	8647
72	197.125	198.028	199.125	1698.03	1778.28	1806.3	32	34.21	35	8647
73	195.882	197.728	199.125	1696.79	1783.64	1806.3	32	34.42	35	8647
74	195.882	197.333	199.125	1696.79	1792.38	1806.3	32	34.68	35	8647
75	195.882	197.112	197.125	1696.79	1796.54	1797.54	34	34.99	35	8647
76	195.882	197.112	197.125	1696.79	1796.54	1797.54	34	34.99	35	8647
77	195.882	197.112	197.125	1696.79	1796.54	1797.54	34	34.99	35	8647
78	195.882	197.112	197.125	1696.79	1796.54	1797.54	34	34.99	35	8647
79	195.882	197.112	197.125	1696.79	1796.54	1797.54	34	34.99	35	8647
80	195.882	197.112	197.125	1696.79	1796.54	1797.54	34	34.99	35	8647
81	195.882	197.112	197.125	1696.79	1796.54	1797.54	34	34.99	35	8647
82	195.882	197.112	197.125	1696.79	1796.54	1797.54	34	34.99	35	8647
83	195.882	197.112	197.125	1696.79	1796.54	1797.54	34	34.99	35	8647
84	195.882	197.112	197.125	1696.79	1796.54	1797.54	34	34.99	35	8647
85	195.882	197.112	197.125	1696.79	1796.54	1797.54	34	34.99	35	8647
86	195.882	197.1	197.125	1696.79	1796.5	1797.54	34	34.99	35	8647
87	195.882	197.1	197.125	1696.79	1796.5	1797.54	34	34.99	35	8647
88	195.882	197.075	197.125	1696.79	1796.42	1797.54	34	34.99	35	8647
89	195.882	197.038	197.125	1696.79	1796.26	1797.54	34	34.99	35	8647
90	195.882	196.988	197.125	1696.79	1796.06	1797.54	34	34.99	35	8647
91	195.882	196.926	197.125	1696.79	1795.86	1797.54	34	34.99	35	8647
92	195.882	196.864	197.125	1696.79	1795.66	1797.54	34	34.99	35	8647
93	195.882	196.702	197.125	1696.79	1795.14	1797.54	34	34.99	35	8647
94	195.882	196.591	197.125	1696.79	1794.78	1797.54	34	34.99	35	8647
95	195.882	196.354	197.125	1696.79	1794.02	1797.54	34	34.99	35	8647
96	195.882	195.957	197.125	1696.79	1792.74	1801.54	34	34.99	35	8647
97	195.882	195.882	195.882	1696.79	1792.5	1801.54	34	34.99	35	8647
98	195.882	195.882	195.882	1696.79	1792.5	1801.54	34	34.99	35	8647
99	195.882	195.882	195.882	1696.79	1792.5	1801.54	34	34.99	35	8647
100	195.882	195.882	195.882	1696.79	1792.5	1801.54	34	34.99	35	8647
101	195.882	195.882	195.882	1696.79	1792.5	1801.54	34	34.99	35	8647
102	195.882	195.882	195.882	1696.79	1792.5	1801.54	34	34.99	35	8647
103	195.882	195.882	195.882	1696.79	1792.5	1801.54	34	34.99	35	8647
104	195.882	195.882	195.882	1696.79	1792.5	1801.54	34	34.99	35	8647
105	195.882	195.882	195.882	1696.79	1792.5	1801.54	34	34.99	35	8647
106	195.882	195.882	195.882	1696.79	1792.5	1801.54	34	34.99	35	8647
107	195.882	195.882	195.882	1696.79	1792.5	1801.54	34	34.99	35	8647
108	195.882	195.882	195.882	1696.79	1792.5	1801.54	34	34.99	35	8647
109	195.882	195.882	195.882	1696.79	1792.5	1801.54	34	34.99	35	8647
110	195.882	195.882	195.882	1696.79	1792.5	1801.54	34	34.99	35	8647
111	195.882	195.882	195.882	1696.79	1792.5	1801.54	34	34.99	35	8647
112	195.882	195.882	195.882	1696.79	1792.5	1801.54	34	34.99	35	8647
113	195.882	195.882	195.882	1696.79	1792.5	1801.54	34	34.99	35	8647
114	195.882	195.882	195.882	1696.79	1792.5	1801.54	34	34.99	35	8647
115	195.882	195.882	195.882	1696.79	1792.5	1801.54	34	34.99	35	8647
116	195.882	195.882	195.882	1696.79	1792.5	1801.54	34	34.99	35	8647
117	195.882	195.882	195.882	1696.79	1792.5	1801.54	34	34.99	35	8647
118	195.882	195.882	195.882	1696.79	1792.5	1801.54	34	34.99	35	8647
119	195.882	195.882	195.882	1696.79	1792.5	1801.54	34	34.99	35	8647
120	195.882	195.882	195.882	1696.79	1792.5	1801.54	34	34.99	35	8647
121	195.882	195.882	195.882	1696.79	1792.5	1801.54	34	34.99	35	8647
122	195.882	195.882	195.882	1696.79	1792.5	1801.54	34	34.99	35	8647
123	195.882	195.882	195.882	1696.79	1792.5	1801.54	34	34.99	35	8647
124	195.882	195.882	195.882	1696.79	1792.5	1801.54	34	34.99	35	8647
125	195.882	195.882	195.882	1696.79	1792.5	1801.54	34	34.99	35	8647
126	195.882	195.882	195.882	1696.79	1792.5	1801.54	34	34.99	35	8647
127	195.882	195.882	195.882	1696.79	1792.5	1801.54	34	34.99	35	8647
128	195.882	195.882	195.882	1696.79	1792.5	1801.54	34	34.99	35	8647
129	195.882	195.882	195.882	1696.79	1792.5	1801.54	34	34.99	35	8647
130	195.882	195.882	195.882	1696.79	1792.5	1801.54	34	34.99	35	8647
131	195.882	195.882	195.882	1696.79	1792.5	1801.54	34	34.99	35	8647
132	195.882	195.882	195.882	1696.79	1792.5	1801.54	34	34.99	35	8647
133	195.882	195.882	195.882	1696.79	1792.5	1801.54	34	34.99	35	8647
134	195.882	195.882	195.882	1696.79	1792.5	1801.54	34	34.99	35	8647
135	195.882	195.882	195.882	1696.79	1792.5	1801.54	34	34.99	35	8647
136	195.882	195.882	195.882	1696.79	1792.5	1801.54	34	34.99	35	8647
137	195.882	195.882	195.882	1696.79	1792.5	1801.54	34	34.99	35	8647
138	195.882	195.882	195.882	1696.79	1792.5	1801.54	34	34.99	35	8647
139	195.882	195.882	195.882	1696.79	1792.5	1801.54	34	34.99	35	8647
140	195.882	195.882	195.882	1696.79	1792.5	1801.54	34	34.99	35	8647
141	195.882	195.882	195.882	1696.79	1792.5	1801.54	34	34.99	35	8647
142	195.882	195.882	195.882	1696.79	1792.5	1801.54	34	34.99	35	8647
143	195.882	195.882	195.882	1696.79	1792.5	1801.54	34	34.99	35	8647
144	195.882	195.882	195.882	1696.79	1792.5	1801.54	34	34.99	35	8647
145	195.882	195.882	195.882	1696.79	1792.5	1801.54	34	34.99	35	8647
146	195.882	195.882	195.882	1696.79	1792.5	1801.54	34	34.99	35	8647
147	195.882	195.882	195.882	1696.79	1792.5	1801.54	34	34.99	35	8647
148	195.882	195.882	195.882	1696.79	1792.5	1801.54	34	34.99	35	8647
149	195.882	195.882	195.882	1696.79	1792.5	1801.54	34	34.99	35	8647
150	195.882	195.882	195.882	1696.79	1792.5	1801.54	34	34.99	35	8647
151	195.882	195.882	195.882	1696.79	1792.5	1801.54	34	34.99	35	8647
152	195.882	195.882	195.882	1696.79	1792.5	1801.54	34	34.99	35	8647
153	195.882	195.882	195.882	1696.79	1792.5	1801.54	34	34.99	35	8647
154	195.882	195.882	195.882	1696.79	1792.5	1801.54	34	34.99	35	8647
155	195.882	195.882	195.882	1696.79	1792.5	1801.54	34	34.99	35	8647
156	195.882	195.882	195.882	1696.79	1792.5	1801.54	34	34.99	35	8647
157	195.882	195.882	195.882	1696.79	1792.5	1801.54	34	34.99	35	8647
158	195.882	195.882	195.882	1696.79	1792.5	1801.54	34	34.99	35	8647
159	195.882	195.882	195.882	1696.79	1792.5	1801.54	34	34.99	35	8647
160	195.882	195.882	195.882	1696.79	1792.5	1801.54	34	34.99	35	8647
161	195.882	195.882	195.882	1696.79	1792.5	1801.54	34	34.99	35	8647
162	195.882	195.882	195.882	1696.79	1792.5	1801.54	34	34.99	35	8647
163	195.882	195.882	195.882	1696.79	1792.5	1801.54	34	34.99	35	8647
164	195.882	195.882	195.882	1696.79	1792.5	1801.54	34	34.99	35	8647
165	195.882	195.882	195.882	1696.79	1792.5	1801.54	34	34.99	35	8647
166	195.882	195.882	195.882	1696.79	1792.5	1801.54	34	34.99	35	8647
167	195.882	195.882	195.882	1696.79	1792.5	1801.54	34	34.99	35	8647
168	195.882	195.882	195.882	1696.79	1792.5	1801.54	34	34.99	35	8647
169	195.882	195.882	195.882	1696.79	1792.5	1801.54	34	34.99	35	8647
170	195.882	195.882	195.882	1696.79	1792.5	1801.54	34	34.99	35	8647
171	195.882	195.882	195.882	1696.79	1792.5	1801.54	34	34.99	35	8647
172	195.882	195.882	195.882	1696.79	1792.5	1801.54	34	34.99	35	8647
173	195.882	195.882	195.882	1696.79	1792.5	1801.54	34	34.99	35	8647
174	195.882	195.882	195.882	1696.79	1792.5	1801.54	34	34.99	35	8647
175	195.882	195.882	195.882	1696.79	1792.5	1801.54	34	34.99	35	8647
176	195.882	195.882	195.882	1696.79	1792.5	1801.54	34	34.99	35	8647
177	195.882	195.882	195.882	1696.79	1792.5	1801.54	34	34.99	35	8647
178	195.882	195.882	195.882	1696.79	1792.5	1801.54	34	34.99	35	8647
179	195.882	195.882	195.882	1696.79	1792.5	1801.54	34	34.99	35	8647
180	195.882	195.882	195.882	1696.79	1792.5	1801.54	34	34.99	35	8647
181	195.882	195.882	195.882	1696.79	1792.5	1801.54	34	34.99	35	8647
182	195.882	195.882	195.882	1696.79	1792.5	1801.54	34	34.99	35	8647
183	195.882	195.882	195.882	1696.79	1792.5	1801.54	34	34.99	35	8647
184	195.882	195.882	195.882	1696.79	1792.5	1801.54	34	34.99	35	8647
185	195.882	195.882	195.882	1696.79	1792.5	1801.54	34	34.99	35	8647
186	195.882	195.882	195.882	1696.79	1792.5	1801.54	34	34.99	35	8647
187	195.882	195.882	195.882	1696.79	1792.5	1801.54	34	34.99	35	8647
188	195.882	195.882	195.882	1696.79	1792.5	1801.54	34	34.99	35	8647
189	195.882	195.882	195.882	1696.79	1792.5	1801.54	34	34.99	35	8647
190	195.882	195.882	195.882	1696.79	1792.5	1801.54	34	34.99	35	8647
191	195.882	195.882	195.882	1696.79	1792.5	1801.54	34	34.99	35	8647
192	195.882	195.882	195.882	1696.79	1792.5	1801.54	34	34.99	35	8647
193	195.882	195.882	195.882	1696.79	1792.5	1801.54	34	34.99	35	8647
194	195.882	195.882	195.882	1696.79	1792.5	1801.54	34	34.99	35	8647
195	195.882	195.882	195.882	1696.79	1792.5	1801.54	34	34.99	35	8647
196	195.882	195.882	195.882	1696.79	1792.5	1801.54	34	34.99	35	8647
197	195.882	195.882	195.882	1696.79	1792.5	1801.54	34	34.99	35	8647
198	195.882	195.882	195.882	1696.79	1792.5	1801.54	34	34.99	35	8647
199	195.882	195.882	195.882	1696.79	1792.5	1801.54	34	34.99	35	8647
