0	2616	2384.75	2028	3520
1	2387	2301.43	2028	3520
2	2318	2251.87	2016	3520
3	2278	2203.78	1925	3520
4	2227	2163.15	1925	3520
5	2194	2131.11	1925	3520
6	2163	2094.88	1901	3520
7	2117	2056.28	1842	3520
8	2087	2027.61	1835	3520
9	2056	1993.68	1799	3520
10	2028	1964.66	1799	3520
11	1997	1941.28	1799	3520
12	1973	1917.01	1799	3520
13	1946	1899.9	1730	3520
14	1925	1880.51	1730	3520
15	1908	1865.73	1730	3520
16	1891	1848.54	1730	3520
17	1869	1828.66	1730	3520
18	1854	1810.63	1628	3520
19	1841	1796.75	1601	3520
20	1829	1783.46	1601	3520
21	1811	1769.02	1601	3520
22	1797	1753.19	1601	3520
23	1785	1742.53	1601	3520
24	1770	1729.02	1601	3520
25	1758	1719.63	1601	3520
26	1742	1705.5	1600	3520
27	1732	1695.25	1600	3520
28	1723	1684.19	1597	3520
29	1711	1673.37	1560	3520
30	1699	1662.92	1547	3520
31	1687	1650.85	1547	3520
32	1677	1640.19	1504	3520
33	1667	1631.77	1504	3520
34	1658	1619.44	1438	3520
35	1647	1607.61	1438	3520
36	1637	1598.58	1438	3520
37	1628	1591.65	1438	3520
38	1616	1581.8	1438	3520
39	1607	1572.73	1438	3520
40	1600	1566.5	1438	3520
41	1589	1558.64	1438	3520
42	1580	1552.35	1438	3520
43	1573	1545.58	1438	3520
44	1569	1538.33	1438	3520
45	1560	1531.31	1438	3520
46	1553	1526.6	1438	3520
47	1547	1517.91	1418	3520
48	1540	1511.14	1412	3520
49	1536	1504.14	1404	3520
50	1529	1499.19	1404	3520
51	1523	1495.18	1404	3520
52	1519	1491.37	1404	3520
53	1514	1484.9	1404	3520
54	1508	1478.87	1387	3520
55	1500	1469.9	1330	3520
56	1491	1463.66	1330	3520
57	1485	1456.91	1330	3520
58	1479	1451.93	1330	3520
59	1473	1445.46	1330	3520
60	1468	1438.45	1330	3520
61	1461	1432.61	1330	3520
62	1454	1426.85	1330	3520
63	1449	1419.96	1329	3520
64	1443	1412.75	1326	3520
65	1435	1406.03	1326	3520
66	1427	1399.72	1326	3520
67	1421	1396.2	1326	3520
68	1417	1391.8	1326	3520
69	1411	1386.89	1326	3520
70	1404	1382.46	1314	3520
71	1401	1378.22	1314	3520
72	1396	1372.91	1231	3520
73	1391	1369.61	1231	3520
74	1388	1364.98	1231	3520
75	1385	1360.65	1231	3520
76	1380	1355.35	1231	3520
77	1376	1350.01	1231	3520
78	1371	1344.68	1231	3520
79	1366	1338.15	1230	3520
80	1360	1333	1230	3520
81	1354	1326.96	1230	3520
82	1349	1322.72	1225	3520
83	1343	1318.2	1225	3520
84	1339	1314.86	1225	3520
85	1336	1310.89	1225	3520
86	1332	1307.02	1225	3520
87	1328	1303.02	1216	3520
88	1325	1298.82	1216	3520
89	1320	1293.9	1211	3520
90	1315	1288.76	1211	3520
91	1312	1284.13	1211	3520
92	1307	1278.41	1199	3520
93	1302	1274.43	1199	3520
94	1297	1269.27	1199	3520
95	1292	1265.71	1199	3520
96	1288	1262.78	1199	3520
97	1285	1258.71	1164	3520
98	1281	1254.28	1164	3520
99	1276	1250.28	1164	3520
100	1272	1246.34	1164	3520
101	1268	1243.75	1164	3520
102	1264	1239.93	1164	3520
103	1261	1236.91	1164	3520
104	1255	1232.36	1164	3520
105	1251	1228.69	1164	3520
106	1248	1225.68	1164	3520
107	1245	1222.93	1164	3520
108	1241	1218.57	1145	3520
109	1238	1214.41	1145	3520
110	1233	1211.35	1145	3520
111	1230	1208.02	1145	3520
112	1227	1203.19	1139	3520
113	1223	1197.8	1109	3520
114	1220	1194.93	1109	3520
115	1216	1190.17	1109	3520
116	1212	1186.56	1109	3520
117	1204	1181.13	1109	3520
118	1200	1177.09	1098	3520
119	1197	1173.16	1080	3520
120	1194	1170.17	1080	3520
121	1190	1166.71	1080	3520
122	1186	1161.31	1080	3520
123	1181	1155.98	1049	3520
124	1176	1151.29	1049	3520
125	1173	1146.65	1049	3520
126	1168	1140.97	1049	3520
127	1165	1136.18	1049	3520
128	1159	1129.03	1049	3520
129	1152	1124.16	1049	3520
130	1148	1118.82	1049	3520
131	1142	1113.33	1049	3520
132	1136	1108.26	1049	3520
133	1128	1102.75	1049	3520
134	1123	1099.5	1049	3520
135	1116	1094.4	1049	3520
136	1110	1089.75	1027	3520
137	1105	1084.01	1019	3520
138	1100	1080.76	1013	3520
139	1094	1075.79	1013	3520
140	1091	1073.02	995	3520
141	1086	1068.75	995	3520
142	1082	1065.47	995	3520
143	1080	1062.19	995	3520
144	1078	1059.29	995	3520
145	1075	1056.28	995	3520
146	1069	1051.41	995	3520
147	1067	1047.16	979	3520
148	1063	1043.83	979	3520
149	1058	1039.92	979	3520
150	1055	1037.48	979	3520
151	1051	1034.01	979	3520
152	1049	1031.41	979	3520
153	1047	1027.82	979	3520
154	1043	1023.7	979	3520
155	1036	1018.71	970	3520
156	1033	1015.2	970	3520
157	1030	1013.01	970	3520
158	1027	1008.74	957	3520
159	1022	1004.64	957	3520
160	1017	1001.84	957	3520
161	1014	998.671	957	3520
162	1010	994.28	955	3520
163	1006	990.909	934	3520
164	1002	987.048	934	3520
165	999	985.339	934	3520
166	995	981.984	934	3520
167	995	979.093	934	3520
168	992	976.771	934	3520
169	988	974.161	934	3520
170	985	971.155	934	3520
171	981	967.613	925	3520
172	978	964.387	921	3520
173	977	962.481	920	3520
174	973	959.514	912	3520
175	970	957.608	912	3520
176	967	955.036	912	3520
177	964	952.435	912	3520
178	961	950.227	898	3520
179	960	947.128	890	3520
180	958	944.598	890	3520
181	955	942.11	890	3520
182	954	939.233	890	3520
183	950	936.468	890	3520
184	946	933.278	890	3520
185	945	931.115	890	3520
186	942	928.723	890	3520
187	939	925.93	874	3520
188	934	922.343	874	3520
189	932	920.102	874	3520
190	930	916.805	874	3520
191	928	914.644	874	3520
192	925	911.342	855	3520
193	924	908.257	855	3520
194	921	904.058	855	3520
195	917	900.276	855	3520
196	914	896.902	855	3520
197	910	893.549	855	3520
198	906	890.63	842	3520
199	901	887.567	842	3520
200	898	884.156	842	3520
201	894	881.197	827	3520
202	892	878.274	827	3520
203	889	874.942	820	3520
204	886	872.303	820	3520
205	883	868.828	820	3520
206	880	866.98	820	3520
207	877	863.508	820	3520
208	874	860.3	815	3520
209	870	857.185	815	3520
210	866	853.84	815	3520
211	863	850.788	815	3520
212	860	847.493	815	3520
213	855	844.487	815	3520
214	852	841.488	815	3520
215	848	837.644	812	3520
216	844	833.319	799	3520
217	841	829.709	799	3520
218	834	825.793	799	3520
219	829	823.071	799	3520
220	827	820.314	799	3520
221	826	816.625	799	3520
222	819	813.438	798	3520
223	818	811.191	796	3520
224	816	808.578	791	3520
225	812	805.19	775	3520
226	810	801.582	775	3520
227	806	798.729	775	3520
228	802	796.577	775	3520
229	799	794.407	775	3520
230	798	792.101	775	3520
231	794	790.065	768	3520
232	793	788.428	768	3520
233	791	786.803	759	3520
234	791	784.517	759	3520
235	788	782.435	759	3520
236	786	779.586	751	3520
237	783	776.529	750	3520
238	782	773.594	749	3520
239	777	771.004	749	3520
240	775	768.56	749	3520
241	775	764.775	743	3520
242	770	761.079	737	3520
243	766	757.452	735	3520
244	762	755.05	735	3520
245	759	752.188	735	3520
246	754	750.8	732	3520
247	752	749.392	732	3520
248	752	748.258	732	3520
249	752	745.904	730	3520
250	751	743.47	730	3520
251	749	740.604	729	3520
252	748	737.242	727	3520
253	741	734.059	727	3520
254	735	732.542	726	3520
255	733	731.851	722	3520
256	733	731.13	722	3520
257	732	730.289	722	3520
258	732	729.415	722	3520
259	730	728.362	722	3520
260	729	727.827	722	3520
261	729	727.082	720	3520
262	727	726.154	720	3520
263	726	725.729	720	3520
264	726	725.517	720	3520
265	726	725.16	720	3520
266	726	724.492	717	3520
267	726	723.605	717	3520
268	726	722.076	717	3520
269	723	720.645	716	3520
270	720	719.258	716	3520
271	720	718.807	716	3520
272	720	717.982	716	3520
273	717	716.955	712	3520
274	717	716.935	712	3520
275	717	716.935	712	3520
276	717	716.935	712	3520
277	717	716.935	712	3520
278	717	716.9	712	3520
279	717	716.819	710	3520
280	717	716.688	710	3520
281	717	716.607	710	3520
282	717	716.562	710	3520
283	717	716.306	710	3520
284	717	715.959	709	3520
285	717	715.748	709	3520
286	717	715.387	709	3520
287	717	714.826	709	3520
288	717	713.916	705	3520
289	717	712.215	700	3520
290	713	711.54	700	3520
291	712	711.089	700	3520
292	712	710.687	700	3520
293	712	710.08	700	3520
294	712	709.51	700	3520
295	711	708.515	700	3520
296	709	707.651	700	3520
297	709	707.47	700	3520
298	709	707.205	700	3520
299	709	706.438	700	3520
300	709	705.649	700	3520
301	708	704.58	700	3520
302	706	703.285	700	3520
303	705	701.927	700	3520
304	705	700.243	700	3520
305	700	700	700	3520
306	700	700	700	3520
307	700	700	700	3520
308	700	700	700	3520
309	700	700	700	3520
310	700	700	700	3520
311	700	699.99	698	3520
312	700	699.99	698	3520
313	700	699.99	698	3520
314	700	699.96	698	3520
315	700	699.94	698	3520
316	700	699.92	698	3520
317	700	699.82	698	3520
318	700	699.649	698	3520
319	700	699.509	698	3520
320	700	699.189	698	3520
321	700	698.649	698	3520
322	698	698	698	3520
323	698	698	698	3520
324	698	698	698	3520
325	698	698	698	3520
326	698	698	698	3520
327	698	698	698	3520
328	698	698	698	3520
329	698	698	698	3520
330	698	698	698	3520
331	698	698	698	3520
332	698	698	698	3520
333	698	698	698	3520
334	698	698	698	3520
335	698	698	698	3520
336	698	698	698	3520
337	698	698	698	3520
338	698	697.965	691	3520
339	698	697.965	691	3520
340	698	697.965	691	3520
341	698	697.965	691	3520
342	698	697.965	691	3520
343	698	697.965	691	3520
344	698	697.965	691	3520
345	698	697.965	691	3520
346	698	697.965	691	3520
347	698	697.965	691	3520
348	698	697.965	691	3520
349	698	697.965	691	3520
350	698	697.965	691	3520
351	698	697.965	691	3520
352	698	697.965	691	3520
353	698	697.929	691	3520
354	698	697.914	691	3520
355	698	697.899	691	3520
356	698	697.899	691	3520
357	698	697.899	691	3520
358	698	697.849	691	3520
359	698	697.849	691	3520
360	698	697.834	691	3520
361	698	697.834	691	3520
362	698	697.834	691	3520
363	698	697.819	691	3520
364	698	697.773	691	3520
365	698	697.743	691	3520
366	698	697.743	691	3520
367	698	697.728	691	3520
368	698	697.683	691	3520
369	698	697.653	691	3520
370	698	697.638	691	3520
371	698	697.563	691	3520
372	698	697.503	691	3520
373	698	697.442	691	3520
374	698	697.271	685	3520
375	698	697.181	685	3520
376	698	696.833	685	3520
377	698	696.492	685	3520
378	698	696.117	685	3520
379	698	695.582	685	3520
380	698	694.823	685	3520
381	695	694.545	685	3520
382	695	694.545	685	3520
383	695	694.423	685	3520
384	695	694.373	685	3520
385	695	694.17	685	3520
386	695	693.957	683	3520
387	695	693.957	683	3520
388	695	693.766	683	3520
389	695	693.563	683	3520
390	695	693.135	683	3520
391	695	692.505	683	3520
392	695	691.911	683	3520
393	695	691.017	683	3520
394	695	689.332	683	3520
395	695	688.018	683	3520
396	691	685.585	683	3520
397	685	684.93	683	3520
398	685	684.9	683	3520
399	685	684.87	683	3520
0	2656	2389.46	2108	8115
1	2404	2314.96	2082	8115
2	2330	2266.56	2057	8115
3	2287	2224.85	1969	8115
4	2246	2187.7	1969	8115
5	2215	2153.72	1896	8115
6	2179	2121.46	1896	8115
7	2143	2091.25	1862	8115
8	2115	2064.82	1862	8115
9	2095	2037.61	1805	8115
10	2071	2013.86	1805	8115
11	2040	1985.45	1805	8115
12	2010	1960.94	1805	8115
13	1990	1938.03	1805	8115
14	1970	1918.44	1758	8115
15	1952	1903.04	1758	8115
16	1933	1885.45	1737	8115
17	1912	1867.87	1683	8115
18	1896	1852.36	1683	8115
19	1879	1835.09	1683	8115
20	1862	1819.41	1683	8115
21	1850	1805.51	1664	8115
22	1833	1791.83	1664	8115
23	1824	1780.19	1578	8115
24	1808	1767.37	1578	8115
25	1795	1758.38	1578	8115
26	1784	1745.96	1578	8115
27	1774	1735.18	1578	8115
28	1762	1723.18	1578	8115
29	1749	1711.54	1578	8115
30	1739	1700.99	1578	8115
31	1725	1688.15	1547	8115
32	1713	1677.3	1547	8115
33	1708	1670.13	1547	8115
34	1697	1660.53	1535	8115
35	1687	1648.85	1504	8115
36	1678	1637.66	1504	8115
37	1668	1629.4	1504	8115
38	1658	1620.62	1504	8115
39	1648	1613.18	1504	8115
40	1639	1603.25	1462	8115
41	1628	1593.51	1462	8115
42	1621	1584.85	1462	8115
43	1614	1578.81	1440	8115
44	1608	1572.97	1440	8115
45	1598	1564.89	1440	8115
46	1592	1557.8	1440	8115
47	1583	1550.04	1440	8115
48	1576	1540.59	1422	8115
49	1568	1533.35	1422	8115
50	1562	1527.15	1422	8115
51	1554	1520.08	1422	8115
52	1545	1508.27	1371	8115
53	1535	1497.29	1371	8115
54	1526	1489.61	1328	8115
55	1517	1479.03	1328	8115
56	1507	1469.19	1328	8115
57	1497	1460.49	1308	8115
58	1490	1454.33	1308	8115
59	1480	1444.69	1308	8115
60	1472	1436.57	1308	8115
61	1464	1427.21	1302	8115
62	1455	1420.36	1302	8115
63	1448	1413.16	1302	8115
64	1439	1402.99	1302	8115
65	1428	1394.79	1302	8115
66	1423	1388.81	1302	8115
67	1412	1381.16	1302	8115
68	1404	1374.09	1280	8115
69	1397	1368.48	1280	8115
70	1390	1363.05	1280	8115
71	1383	1358.93	1280	8115
72	1381	1355.86	1280	8115
73	1376	1350.77	1280	8115
74	1370	1346.13	1263	8115
75	1367	1340.82	1252	8115
76	1364	1337.32	1226	8115
77	1360	1332.29	1226	8115
78	1355	1326.07	1226	8115
79	1349	1321.56	1226	8115
80	1344	1315.89	1226	8115
81	1341	1312.67	1226	8115
82	1335	1307.92	1226	8115
83	1331	1304.05	1226	8115
84	1328	1298.76	1212	8115
85	1323	1295.11	1212	8115
86	1320	1292.49	1212	8115
87	1315	1287.51	1212	8115
88	1311	1283.04	1212	8115
89	1308	1280.49	1212	8115
90	1304	1276.88	1212	8115
91	1300	1273.21	1210	8115
92	1295	1269.77	1203	8115
93	1291	1267.86	1203	8115
94	1288	1265.76	1203	8115
95	1285	1261.16	1194	8115
96	1282	1258.77	1194	8115
97	1278	1256.15	1194	8115
98	1275	1253.37	1190	8115
99	1271	1250.39	1190	8115
100	1269	1245.88	1149	8115
101	1266	1242.61	1149	8115
102	1262	1238.24	1149	8115
103	1257	1233.16	1115	8115
104	1253	1229.39	1115	8115
105	1251	1225.6	1115	8115
106	1247	1221.04	1115	8115
107	1244	1217.97	1115	8115
108	1241	1214.12	1115	8115
109	1237	1209.37	1115	8115
110	1234	1205.13	1115	8115
111	1231	1201.33	1115	8115
112	1227	1196.12	1115	8115
113	1223	1191.3	1115	8115
114	1217	1186.32	1080	8115
115	1212	1182.71	1080	8115
116	1208	1178.73	1080	8115
117	1202	1173.9	1080	8115
118	1198	1167.32	1058	8115
119	1193	1163.87	1058	8115
120	1189	1161.18	1058	8115
121	1184	1156.85	1058	8115
122	1178	1152	1058	8115
123	1173	1146.53	1050	8115
124	1168	1143.67	1050	8115
125	1163	1138.26	1050	8115
126	1158	1130.22	1025	8115
127	1152	1123.83	1025	8115
128	1147	1119.51	1025	8115
129	1142	1115.16	1025	8115
130	1136	1109.38	1025	8115
131	1132	1105.27	1025	8115
132	1126	1100.59	1024	8115
133	1123	1096.92	1024	8115
134	1119	1093.02	1024	8115
135	1112	1087.55	1024	8115
136	1110	1083.86	1024	8115
137	1103	1077.7	1024	8115
138	1098	1073.27	1024	8115
139	1093	1069.21	1002	8115
140	1086	1064.18	1002	8115
141	1082	1061.38	973	8115
142	1078	1058.06	973	8115
143	1073	1054.65	973	8115
144	1070	1051.74	973	8115
145	1067	1047.66	973	8115
146	1064	1044.65	973	8115
147	1060	1040.79	973	8115
148	1056	1036.06	973	8115
149	1051	1031.84	973	8115
150	1048	1028.59	973	8115
151	1042	1023.89	973	8115
152	1038	1019.55	973	8115
153	1035	1014.89	973	8115
154	1030	1010.52	966	8115
155	1025	1007.09	966	8115
156	1022	1003.08	956	8115
157	1017	998.785	956	8115
158	1013	994.755	956	8115
159	1008	990.992	921	8115
160	1003	986.599	921	8115
161	999	983.72	921	8115
162	995	980.576	921	8115
163	992	977.752	921	8115
164	990	974.187	921	8115
165	988	971.623	921	8115
166	985	968.73	903	8115
167	980	964.783	903	8115
168	978	962.599	903	8115
169	974	960.136	903	8115
170	970	958.05	903	8115
171	968	955.727	903	8115
172	966	953.567	903	8115
173	964	950.345	903	8115
174	962	948.568	903	8115
175	960	947.113	903	8115
176	958	944.287	886	8115
177	956	943.206	886	8115
178	954	941.064	886	8115
179	951	938.769	886	8115
180	949	936.273	886	8115
181	946	933.672	886	8115
182	944	931.924	886	8115
183	942	930.294	886	8115
184	941	928.221	886	8115
185	938	925.289	886	8115
186	935	924.027	886	8115
187	934	922.264	886	8115
188	931	920.416	886	8115
189	929	919.003	886	8115
190	928	916.468	881	8115
191	926	914.793	881	8115
192	926	912.699	881	8115
193	924	910.993	881	8115
194	921	908.413	855	8115
195	919	905.855	852	8115
196	916	903.004	851	8115
197	913	901.171	851	8115
198	911	899.201	851	8115
199	906	896.805	851	8115
200	905	895.633	851	8115
201	905	894.005	851	8115
202	904	891.641	849	8115
203	902	888.917	849	8115
204	900	885.989	849	8115
205	896	883.715	849	8115
206	893	881.704	849	8115
207	889	878.279	849	8115
208	886	876.115	845	8115
209	886	873.532	845	8115
210	883	871.89	845	8115
211	879	869.778	845	8115
212	877	867.467	845	8115
213	875	865.077	845	8115
214	873	863.327	845	8115
215	870	861.228	835	8115
216	870	859.533	835	8115
217	868	857.585	835	8115
218	865	855.168	817	8115
219	862	853.146	817	8115
220	857	850.787	817	8115
221	855	849.191	817	8115
222	851	847.535	817	8115
223	851	845.942	817	8115
224	851	843.428	817	8115
225	847	841.588	817	8115
226	845	840.248	817	8115
227	845	838.502	817	8115
228	845	836.808	817	8115
229	842	834.497	817	8115
230	838	832.177	817	8115
231	835	830.627	815	8115
232	835	829.387	815	8115
233	835	827.448	809	8115
234	833	824.685	800	8115
235	826	822.922	784	8115
236	826	821.707	784	8115
237	826	820.109	784	8115
238	823	817.939	784	8115
239	819	816.693	784	8115
240	819	815.839	784	8115
241	819	815.003	784	8115
242	817	813.866	784	8115
243	817	812.403	784	8115
244	817	811.073	784	8115
245	816	809.605	784	8115
246	816	808.285	784	8115
247	814	806.927	784	8115
248	811	805.366	783	8115
249	809	804.06	783	8115
250	809	803.063	783	8115
251	807	800.608	782	8115
252	806	798.65	782	8115
253	803	796.305	776	8115
254	800	794.775	771	8115
255	800	792.594	766	8115
256	800	789.429	766	8115
257	796	786.09	764	8115
258	790	782.49	760	8115
259	784	780.954	760	8115
260	784	779.983	760	8115
261	784	777.913	760	8115
262	783	775.742	760	8115
263	780	773.841	760	8115
264	776	772.649	760	8115
265	776	770.858	746	8115
266	776	768.233	740	8115
267	774	764.488	740	8115
268	766	761.065	740	8115
269	764	759.445	740	8115
270	762	757.226	740	8115
271	762	754.795	740	8115
272	760	750.831	740	8115
273	756	747.036	740	8115
274	746	744.662	738	8115
275	746	744.09	738	8115
276	746	743.088	738	8115
277	746	741.895	738	8115
278	744	740.044	734	8115
279	740	739.667	726	8115
280	740	739.576	726	8115
281	740	739.455	726	8115
282	740	739.192	726	8115
283	740	739.042	726	8115
284	740	738.648	726	8115
285	740	737.958	726	8115
286	740	736.886	726	8115
287	740	735.546	726	8115
288	738	734.008	726	8115
289	738	732.227	718	8115
290	734	729.814	718	8115
291	732	727.944	718	8115
292	730	725.557	718	8115
293	726	724.134	718	8115
294	726	723.049	718	8115
295	726	721.588	718	8115
296	726	718.882	718	8115
297	718	717.929	704	8115
298	718	717.929	704	8115
299	718	717.857	704	8115
300	718	717.715	704	8115
301	718	717.715	704	8115
302	718	717.572	704	8115
303	718	717.496	704	8115
304	718	717.206	704	8115
305	718	716.707	704	8115
306	718	716.129	704	8115
307	718	715.465	704	8115
308	718	714.666	704	8115
309	718	713.341	704	8115
310	718	711.22	703	8115
311	718	708.723	703	8115
312	717	704.713	703	8115
313	704	703.965	703	8115
314	704	703.904	696	8115
315	704	703.884	696	8115
316	704	703.839	696	8115
317	704	703.774	696	8115
318	704	703.527	690	8115
319	704	703.286	690	8115
320	704	702.985	690	8115
321	703	702.522	690	8115
322	703	702.309	690	8115
323	703	702.05	689	8115
324	703	701.548	689	8115
325	703	700.778	689	8115
326	703	699.168	689	8115
327	703	697.26	689	8115
328	703	694.65	689	8115
329	691	690.134	674	8115
330	691	689.643	674	8115
331	690	689.127	674	8115
332	690	688.813	674	8115
333	690	688.346	674	8115
334	689	687.589	674	8115
335	689	686.801	674	8115
336	689	685.468	673	8115
337	689	684.173	673	8115
338	689	681.985	673	8115
339	689	678.669	661	8115
340	677	676.868	661	8115
341	677	676.868	661	8115
342	677	676.868	661	8115
343	677	676.766	661	8115
344	677	676.684	661	8115
345	677	676.547	661	8115
346	677	676.348	661	8115
347	677	676.165	661	8115
348	677	676.165	661	8115
349	677	675.798	661	8115
350	677	675.33	661	8115
351	677	674.684	661	8115
352	677	673.944	661	8115
353	677	672.687	661	8115
354	677	671.064	661	8115
355	677	669.031	661	8115
356	674	664.281	661	8115
357	661	661	661	8115
358	661	661	661	8115
359	661	661	661	8115
360	661	661	661	8115
361	661	661	661	8115
362	661	661	661	8115
363	661	661	661	8115
364	661	661	661	8115
365	661	661	661	8115
366	661	661	661	8115
367	661	660.99	659	8115
368	661	660.99	659	8115
369	661	660.99	659	8115
370	661	660.99	659	8115
371	661	660.98	659	8115
372	661	660.97	659	8115
373	661	660.96	659	8115
374	661	660.93	659	8115
375	661	660.9	659	8115
376	661	660.87	659	8115
377	661	660.749	659	8115
378	661	660.649	659	8115
379	661	660.429	659	8115
380	661	660.109	659	8115
381	661	659.629	659	8115
382	659	659	659	8115
383	659	659	659	8115
384	659	659	659	8115
385	659	659	659	8115
386	659	659	659	8115
387	659	659	659	8115
388	659	659	659	8115
389	659	659	659	8115
390	659	659	659	8115
391	659	659	659	8115
392	659	659	659	8115
393	659	659	659	8115
394	659	659	659	8115
395	659	659	659	8115
396	659	659	659	8115
397	659	659	659	8115
398	659	659	659	8115
399	659	659	659	8115
0	2697	2386.59	2084	8647
1	2384	2299.48	2084	8647
2	2314	2248.96	2084	8647
3	2271	2208.97	2001	8647
4	2226	2173.31	1934	8647
5	2199	2138.33	1925	8647
6	2171	2111.23	1925	8647
7	2140	2082.63	1894	8647
8	2104	2044.62	1838	8647
9	2075	2010.13	1825	8647
10	2039	1981.2	1775	8647
11	2014	1961.51	1775	8647
12	1995	1939.62	1775	8647
13	1969	1921.29	1775	8647
14	1947	1902.54	1775	8647
15	1928	1886.17	1745	8647
16	1913	1868.59	1745	8647
17	1895	1856.22	1703	8647
18	1882	1841.64	1703	8647
19	1866	1827.21	1703	8647
20	1854	1811.91	1689	8647
21	1840	1797.38	1680	8647
22	1827	1782.62	1659	8647
23	1811	1768.93	1567	8647
24	1795	1755.82	1567	8647
25	1786	1744.94	1567	8647
26	1774	1733.69	1567	8647
27	1760	1721.3	1567	8647
28	1746	1708.82	1567	8647
29	1738	1695.52	1494	8647
30	1726	1684.1	1494	8647
31	1715	1670.85	1494	8647
32	1701	1657.34	1494	8647
33	1686	1643.05	1481	8647
34	1673	1628.9	1481	8647
35	1662	1619.68	1481	8647
36	1650	1609.54	1465	8647
37	1638	1599.04	1465	8647
38	1626	1588.71	1455	8647
39	1617	1577.82	1455	8647
40	1606	1568.81	1455	8647
41	1599	1562.23	1455	8647
42	1590	1555.21	1455	8647
43	1577	1544.95	1453	8647
44	1568	1533.63	1387	8647
45	1559	1523.36	1387	8647
46	1550	1516.48	1387	8647
47	1541	1509.99	1387	8647
48	1536	1506.07	1387	8647
49	1528	1498.47	1368	8647
50	1522	1494.02	1368	8647
51	1516	1484.65	1368	8647
52	1508	1477.86	1364	8647
53	1500	1470.51	1364	8647
54	1494	1463.13	1362	8647
55	1486	1454.84	1352	8647
56	1480	1449.67	1352	8647
57	1473	1441.66	1332	8647
58	1467	1432.99	1322	8647
59	1457	1423.83	1322	8647
60	1449	1412.38	1322	8647
61	1439	1405.07	1322	8647
62	1430	1396.53	1314	8647
63	1420	1387.55	1299	8647
64	1413	1383.91	1299	8647
65	1407	1379.22	1299	8647
66	1400	1371.93	1280	8647
67	1393	1366.45	1280	8647
68	1385	1357.11	1258	8647
69	1380	1349.51	1258	8647
70	1374	1343.98	1247	8647
71	1367	1336.98	1247	8647
72	1359	1329.47	1247	8647
73	1353	1322.8	1247	8647
74	1347	1317.04	1247	8647
75	1338	1309.96	1247	8647
76	1330	1303.99	1247	8647
77	1324	1299.68	1234	8647
78	1320	1293.75	1234	8647
79	1314	1287.32	1225	8647
80	1307	1283.61	1225	8647
81	1302	1279.95	1225	8647
82	1297	1276.2	1225	8647
83	1293	1272.66	1216	8647
84	1291	1269.96	1174	8647
85	1286	1266	1174	8647
86	1283	1263.37	1174	8647
87	1280	1258.54	1172	8647
88	1276	1254.5	1172	8647
89	1272	1250.02	1172	8647
90	1268	1246.76	1170	8647
91	1265	1243.03	1170	8647
92	1262	1237.9	1170	8647
93	1258	1234.52	1170	8647
94	1254	1231.11	1165	8647
95	1249	1227.25	1165	8647
96	1245	1222.64	1165	8647
97	1240	1218.64	1165	8647
98	1236	1214.54	1165	8647
99	1231	1211.17	1165	8647
100	1226	1207.91	1163	8647
101	1223	1204.06	1157	8647
102	1219	1199.42	1147	8647
103	1215	1195.61	1113	8647
104	1211	1192.1	1113	8647
105	1206	1187.04	1113	8647
106	1202	1181.39	1102	8647
107	1199	1177.54	1102	8647
108	1193	1170.47	1096	8647
109	1188	1165.5	1085	8647
110	1183	1160.25	1084	8647
111	1175	1154.51	1084	8647
112	1173	1150.84	1084	8647
113	1169	1145.23	1071	8647
114	1163	1138.93	1071	8647
115	1158	1132.91	1071	8647
116	1153	1128.51	1071	8647
117	1146	1124.32	1071	8647
118	1142	1120.44	1071	8647
119	1135	1114.9	1071	8647
120	1128	1108.86	1068	8647
121	1123	1104.29	1042	8647
122	1118	1098.35	1040	8647
123	1110	1092.69	1040	8647
124	1103	1087.13	1038	8647
125	1097	1082.42	1038	8647
126	1092	1077.59	1036	8647
127	1085	1073.68	1033	8647
128	1084	1070.41	1033	8647
129	1079	1066.27	1025	8647
130	1075	1061.94	1024	8647
131	1072	1056.72	967	8647
132	1068	1051.66	967	8647
133	1061	1045.62	967	8647
134	1057	1040.04	958	8647
135	1050	1032.37	958	8647
136	1043	1025.47	954	8647
137	1038	1018.8	954	8647
138	1033	1013.7	954	8647
139	1027	1005.56	936	8647
140	1019	997.395	936	8647
141	1010	989.521	929	8647
142	1001	981.128	899	8647
143	995	974.543	899	8647
144	985	964.474	899	8647
145	976	957.53	899	8647
146	969	951.012	899	8647
147	963	943.984	899	8647
148	952	937.746	897	8647
149	946	931.249	889	8647
150	939	925.825	886	8647
151	934	921.389	874	8647
152	930	917.358	857	8647
153	927	912.428	857	8647
154	923	907.438	857	8647
155	917	901.483	851	8647
156	909	894.577	845	8647
157	905	889.64	845	8647
158	898	881.994	845	8647
159	890	875.536	845	8647
160	883	869.718	845	8647
161	875	865.498	845	8647
162	873	861.54	845	8647
163	865	857.878	845	8647
164	859	855.587	824	8647
165	857	854.959	824	8647
166	857	853.858	813	8647
167	857	852.914	813	8647
168	857	850.832	813	8647
169	856	848.771	813	8647
170	851	847.337	813	8647
171	851	845.825	813	8647
172	851	843.692	813	8647
173	845	841.911	813	8647
174	845	841.187	813	8647
175	845	840.291	813	8647
176	845	839.036	813	8647
177	845	837.516	813	8647
178	845	834.76	803	8647
179	841	833.02	803	8647
180	839	830.633	803	8647
181	835	828.122	803	8647
182	835	825.64	801	8647
183	832	823.052	761	8647
184	829	820.959	761	8647
185	829	818.487	761	8647
186	825	815.075	761	8647
187	823	812.754	761	8647
188	819	810.488	761	8647
189	815	808.296	761	8647
190	813	806.499	761	8647
191	813	803.15	761	8647
192	810	798.179	761	8647
193	803	794.997	761	8647
194	803	791.594	761	8647
195	802	787.831	761	8647
196	800	783.43	761	8647
197	792	777.296	761	8647
198	785	772.655	761	8647
199	777	768.59	761	8647
200	775	765.03	761	8647
201	761	761	761	8647
202	761	761	761	8647
203	761	761	761	8647
204	761	761	761	8647
205	761	761	761	8647
206	761	761	761	8647
207	761	760.985	758	8647
208	761	760.97	758	8647
209	761	760.955	758	8647
210	761	760.807	745	8647
211	761	760.742	745	8647
212	761	760.63	745	8647
213	761	760.63	745	8647
214	761	760.549	745	8647
215	761	760.372	745	8647
216	761	759.936	745	8647
217	761	759.259	745	8647
218	761	758.566	735	8647
219	761	757.55	735	8647
220	761	755.904	735	8647
221	758	753.905	735	8647
222	758	751.635	735	8647
223	758	749.015	735	8647
224	751	746.601	735	8647
225	751	744.691	732	8647
226	745	741.942	732	8647
227	745	740.092	729	8647
228	745	738.052	729	8647
229	735	734.864	729	8647
230	735	734.789	729	8647
231	735	734.578	729	8647
232	735	734.321	729	8647
233	735	733.915	729	8647
234	735	733.554	729	8647
235	735	732.636	717	8647
236	735	731.421	717	8647
237	732	730.164	717	8647
238	732	729.189	717	8647
239	729	728.008	711	8647
240	729	727.833	711	8647
241	729	727.412	711	8647
242	729	726.761	711	8647
243	729	725.831	711	8647
244	726	724.917	711	8647
245	726	724.332	708	8647
246	726	723.504	708	8647
247	726	722.623	708	8647
248	726	721.613	708	8647
249	723	720.122	708	8647
250	723	718.532	708	8647
251	720	717.139	702	8647
252	718	716.004	702	8647
253	718	715.274	702	8647
254	718	714.041	702	8647
255	715	712.825	702	8647
256	714	711.986	702	8647
257	712	711.435	702	8647
258	712	711.283	702	8647
259	712	711.283	702	8647
260	712	711.162	702	8647
261	712	710.849	702	8647
262	712	710.409	694	8647
263	712	709.591	694	8647
264	712	708.845	694	8647
265	712	707.608	694	8647
266	712	705.741	694	8647
267	708	703.498	690	8647
268	705	701.59	690	8647
269	702	701.413	690	8647
270	702	701.252	690	8647
271	702	700.716	684	8647
272	702	700.243	684	8647
273	702	699.69	684	8647
274	702	698.887	684	8647
275	702	697.366	684	8647
276	702	695.122	684	8647
277	694	693.909	684	8647
278	694	693.848	682	8647
279	694	693.797	682	8647
280	694	693.61	682	8647
281	694	693.559	682	8647
282	694	693.539	682	8647
283	694	693.402	682	8647
284	694	693.296	682	8647
285	694	693.134	682	8647
286	694	692.926	682	8647
287	694	692.293	676	8647
288	694	691.788	676	8647
289	694	691.268	676	8647
290	694	690.28	676	8647
291	694	689.164	676	8647
292	694	687.769	676	8647
293	694	685.182	676	8647
294	684	682.563	676	8647
295	684	681.795	676	8647
296	683	681.398	676	8647
297	683	680.992	676	8647
298	683	680.379	676	8647
299	683	679.204	676	8647
300	683	677.963	676	8647
301	676	676	676	8647
302	676	676	676	8647
303	676	676	676	8647
304	676	676	676	8647
305	676	676	676	8647
306	676	676	676	8647
307	676	676	676	8647
308	676	676	676	8647
309	676	676	676	8647
310	676	676	676	8647
311	676	676	676	8647
312	676	675.985	673	8647
313	676	675.985	673	8647
314	676	675.985	673	8647
315	676	675.97	673	8647
316	676	675.94	673	8647
317	676	675.849	673	8647
318	676	675.759	673	8647
319	676	675.699	673	8647
320	676	675.533	673	8647
321	676	675.323	673	8647
322	676	675.127	673	8647
323	676	674.752	673	8647
324	676	674.107	673	8647
325	676	673.03	673	8647
326	673	673	673	8647
327	673	673	673	8647
328	673	673	673	8647
329	673	673	673	8647
330	673	673	673	8647
331	673	673	673	8647
332	673	673	673	8647
333	673	673	673	8647
334	673	673	673	8647
335	673	673	673	8647
336	673	673	673	8647
337	673	673	673	8647
338	673	673	673	8647
339	673	673	673	8647
340	673	673	673	8647
341	673	673	673	8647
342	673	673	673	8647
343	673	673	673	8647
344	673	673	673	8647
345	673	673	673	8647
346	673	673	673	8647
347	673	673	673	8647
348	673	673	673	8647
349	673	672.924	661	8647
350	673	672.924	661	8647
351	673	672.848	661	8647
352	673	672.848	661	8647
353	673	672.833	661	8647
354	673	672.757	661	8647
355	673	672.68	661	8647
356	673	672.635	661	8647
357	673	672.483	661	8647
358	673	672.468	661	8647
359	673	672.378	661	8647
360	673	672.182	661	8647
361	673	672.016	661	8647
362	673	671.488	661	8647
363	673	671.099	661	8647
364	673	670.53	661	8647
365	673	669.482	661	8647
366	670	669.327	661	8647
367	670	669.21	658	8647
368	670	669.109	658	8647
369	670	668.791	658	8647
370	670	668.684	658	8647
371	670	668.417	658	8647
372	670	668.11	658	8647
373	670	667.561	658	8647
374	670	666.8	650	8647
375	670	665.801	650	8647
376	670	664.997	650	8647
377	670	663.428	650	8647
378	668	661.185	650	8647
379	662	660.219	650	8647
380	662	659.425	650	8647
381	661	658.492	650	8647
382	661	657.332	650	8647
383	658	656.183	650	8647
384	658	654.957	650	8647
385	658	653.376	650	8647
386	658	650.703	650	8647
387	650	650	650	8647
388	650	650	650	8647
389	650	649.918	634	8647
390	650	649.918	634	8647
391	650	649.836	634	8647
392	650	649.754	634	8647
393	650	649.345	634	8647
394	650	648.936	634	8647
395	650	648.445	634	8647
396	650	647.509	634	8647
397	650	646.027	634	8647
398	650	643.656	634	8647
399	650	640.187	634	8647
