0	1664	885.79	411	3520
1	896	711.905	411	3520
2	749	633.155	411	3520
3	680	586.527	411	3520
4	623	551.11	411	3520
5	591	527.771	411	3520
6	570	512.067	411	3520
7	547	497.09	411	3520
8	529	487.225	411	3520
9	517	481.072	411	3520
10	502	472.936	411	3520
11	495	470.064	411	3520
12	489	464.569	398	3520
13	483	461.47	398	3520
14	480	458.538	398	3520
15	473	453.064	398	3520
16	468	448.874	392	3520
17	465	446.336	392	3520
18	460	442.664	392	3520
19	458	438.993	392	3520
20	454	435.678	386	3520
21	451	433.285	386	3520
22	450	430.604	386	3520
23	448	429.092	386	3520
24	443	425.55	386	3520
25	438	423.649	385	3520
26	437	420.673	381	3520
27	435	419.037	381	3520
28	434	417.478	381	3520
29	430	415.338	370	3520
30	430	413.131	370	3520
31	429	410.727	370	3520
32	426	408.445	370	3520
33	425	405.716	370	3520
34	423	404.378	370	3520
35	422	403.14	370	3520
36	417	400.351	370	3520
37	413	398.525	370	3520
38	411	397.701	370	3520
39	409	396.072	352	3520
40	408	394.946	347	3520
41	407	393.482	337	3520
42	407	392.288	337	3520
43	405	391.117	337	3520
44	401	389.316	337	3520
45	398	388.34	337	3520
46	397	386.425	337	3520
47	393	384.924	337	3520
48	392	383.106	311	3520
49	392	381.606	311	3520
50	392	380.746	311	3520
51	392	379.751	311	3520
52	392	378.634	311	3520
53	391	376.952	311	3520
54	390	376.027	311	3520
55	387	375.423	311	3520
56	387	374.066	311	3520
57	385	372.728	311	3520
58	384	371.729	311	3520
59	383	370.552	311	3520
60	382	369.579	311	3520
61	381	368.618	311	3520
62	380	366.817	311	3520
63	378	366.028	311	3520
64	377	364.621	311	3520
65	375	362.763	311	3520
66	374	361.363	311	3520
67	374	359.094	311	3520
68	373	356.74	311	3520
69	371	354.928	311	3520
70	369	353.311	311	3520
71	366	351.194	311	3520
72	361	349.668	311	3520
73	360	348.672	311	3520
74	358	347.42	311	3520
75	357	346.237	311	3520
76	355	345.009	311	3520
77	355	343.325	311	3520
78	353	342.113	311	3520
79	350	339.909	310	3520
80	348	338.185	310	3520
81	348	337.359	310	3520
82	347	335.935	310	3520
83	344	334.229	310	3520
84	341	332.361	303	3520
85	337	330.351	303	3520
86	337	328.17	303	3520
87	335	326.014	303	3520
88	335	323.834	303	3520
89	330	321.089	298	3520
90	326	318.792	298	3520
91	326	316.358	291	3520
92	321	313.942	291	3520
93	316	311.968	289	3520
94	316	310.201	289	3520
95	316	308.291	280	3520
96	314	306.053	280	3520
97	310	304.595	280	3520
98	310	303.08	280	3520
99	309	300.858	280	3520
100	307	299.09	279	3520
101	303	297.379	276	3520
102	303	296.399	276	3520
103	303	295.157	276	3520
104	301	293.28	276	3520
105	298	291.702	276	3520
106	297	290.594	275	3520
107	296	289.425	275	3520
108	294	288.581	270	3520
109	292	287.335	270	3520
110	291	286.6	270	3520
111	290	285.962	270	3520
112	289	285.356	270	3520
113	289	284.728	270	3520
114	288	284.226	270	3520
115	288	283.565	270	3520
116	288	282.919	270	3520
117	287	281.288	260	3520
118	286	280.164	260	3520
119	284	279.058	260	3520
120	282	278.387	260	3520
121	281	277.878	260	3520
122	281	277.324	260	3520
123	281	276.273	260	3520
124	281	275.38	260	3520
125	279	274.409	260	3520
126	278	273.834	260	3520
127	275	273.384	260	3520
128	275	273.119	260	3520
129	275	272.698	259	3520
130	275	272.312	250	3520
131	275	271.702	250	3520
132	275	271.169	249	3520
133	275	270.537	249	3520
134	274	270.074	249	3520
135	274	269.187	249	3520
136	273	268.428	249	3520
137	271	267.568	249	3520
138	270	266.708	249	3520
139	270	265.893	249	3520
140	270	264.979	249	3520
141	269	263.992	249	3520
142	266	263.438	249	3520
143	266	262.818	249	3520
144	265	262.329	249	3520
145	265	261.852	249	3520
146	265	261.414	249	3520
147	265	260.775	249	3520
148	264	259.765	249	3520
149	262	259.294	249	3520
150	262	258.514	249	3520
151	261	257.895	245	3520
152	259	257.293	245	3520
153	259	256.941	245	3520
154	259	256.261	245	3520
155	259	255.661	239	3520
156	259	254.637	239	3520
157	257	253.901	239	3520
158	256	253.027	239	3520
159	255	252.388	239	3520
160	254	251.942	236	3520
161	254	251.481	236	3520
162	254	250.711	236	3520
163	254	249.624	236	3520
164	251	248.748	236	3520
165	249	248.208	236	3520
166	249	247.959	236	3520
167	249	247.818	236	3520
168	249	247.507	232	3520
169	249	247.055	232	3520
170	249	246.755	232	3520
171	249	246.356	232	3520
172	249	245.694	232	3520
173	248	245.023	232	3520
174	248	244.175	231	3520
175	247	243.222	231	3520
176	247	242.34	230	3520
177	246	241.329	230	3520
178	246	240.491	230	3520
179	245	239.572	230	3520
180	243	237.891	230	3520
181	242	236.601	230	3520
182	239	235.554	230	3520
183	237	234.986	229	3520
184	236	234.411	226	3520
185	236	233.84	226	3520
186	236	232.849	226	3520
187	235	231.908	226	3520
188	232	231.626	226	3520
189	232	231.555	226	3520
190	232	231.474	226	3520
191	232	231.373	226	3520
192	232	231.167	226	3520
193	232	230.961	226	3520
194	232	230.727	226	3520
195	232	230.432	226	3520
196	231	230.077	226	3520
197	231	229.876	226	3520
198	231	229.67	226	3520
199	231	229.385	226	3520
200	231	229.032	226	3520
201	230	228.721	226	3520
202	230	228.506	226	3520
203	230	228.091	226	3520
204	229	227.786	226	3520
205	229	227.256	226	3520
206	229	226.594	226	3520
207	226	226	226	3520
208	226	226	226	3520
209	226	226	226	3520
210	226	226	226	3520
211	226	226	226	3520
212	226	226	226	3520
213	226	226	226	3520
214	226	225.995	225	3520
215	226	225.975	222	3520
216	226	225.975	222	3520
217	226	225.975	222	3520
218	226	225.975	222	3520
219	226	225.975	222	3520
220	226	225.965	222	3520
221	226	225.965	222	3520
222	226	225.965	222	3520
223	226	225.965	222	3520
224	226	225.96	222	3520
225	226	225.96	222	3520
226	226	225.923	219	3520
227	226	225.883	219	3520
228	226	225.857	219	3520
229	226	225.812	219	3520
230	226	225.812	219	3520
231	226	225.781	219	3520
232	226	225.725	219	3520
233	226	225.695	219	3520
234	226	225.532	219	3520
235	226	225.431	219	3520
236	226	225.249	219	3520
237	226	225.032	219	3520
238	226	224.676	219	3520
239	226	224.2	219	3520
240	226	223.617	219	3520
241	225	222.897	219	3520
242	224	222.648	219	3520
243	224	222.294	219	3520
244	222	221.703	219	3520
245	222	221.583	219	3520
246	222	221.458	219	3520
247	222	221.288	219	3520
248	222	220.934	219	3520
249	221	220.929	219	3520
250	221	220.924	219	3520
251	221	220.909	219	3520
252	221	220.904	219	3520
253	221	220.889	219	3520
254	221	220.864	219	3520
255	221	220.844	219	3520
256	221	220.804	219	3520
257	221	220.758	219	3520
258	221	220.708	219	3520
259	221	220.668	219	3520
260	221	220.593	219	3520
261	221	220.477	219	3520
262	221	220.347	219	3520
263	221	220.207	219	3520
264	221	220.007	219	3520
265	221	219.699	219	3520
266	220	219.529	218	3520
267	220	219.404	218	3520
268	220	219.199	218	3520
269	219	218.985	218	3520
270	219	218.98	218	3520
271	219	218.975	218	3520
272	219	218.96	217	3520
273	219	218.92	217	3520
274	219	218.879	216	3520
275	219	218.824	216	3520
276	219	218.763	216	3520
277	219	218.668	216	3520
278	219	218.548	216	3520
279	219	218.357	216	3520
280	219	218.108	216	3520
281	218	217.774	216	3520
282	218	217.608	214	3520
283	218	217.463	214	3520
284	218	217.198	214	3520
285	218	216.873	214	3520
286	217	216.703	214	3520
287	217	216.455	209	3520
288	217	216.075	209	3520
289	217	215.575	205	3520
290	216	215.138	204	3520
291	216	214.593	204	3520
292	216	213.597	204	3520
293	216	212.42	204	3520
294	214	210.967	204	3520
295	214	210.07	204	3520
296	211	208.845	204	3520
297	209	208.614	204	3520
298	209	208.468	204	3520
299	209	208.18	204	3520
300	209	207.858	204	3520
301	209	207.196	204	3520
302	208	206.644	204	3520
303	208	205.968	204	3520
304	208	204.998	204	3520
305	205	204.174	204	3520
306	204	204	204	3520
307	204	204	204	3520
308	204	204	204	3520
309	204	204	204	3520
310	204	204	204	3520
311	204	204	204	3520
312	204	204	204	3520
313	204	204	204	3520
314	204	204	204	3520
315	204	204	204	3520
316	204	204	204	3520
317	204	204	204	3520
318	204	204	204	3520
319	204	204	204	3520
320	204	204	204	3520
321	204	204	204	3520
322	204	204	204	3520
323	204	204	204	3520
324	204	204	204	3520
325	204	204	204	3520
326	204	204	204	3520
327	204	204	204	3520
328	204	204	204	3520
329	204	204	204	3520
330	204	204	204	3520
331	204	204	204	3520
332	204	204	204	3520
333	204	204	204	3520
334	204	204	204	3520
335	204	204	204	3520
336	204	204	204	3520
337	204	204	204	3520
338	204	204	204	3520
339	204	204	204	3520
340	204	204	204	3520
341	204	204	204	3520
342	204	204	204	3520
343	204	204	204	3520
344	204	204	204	3520
345	204	204	204	3520
346	204	204	204	3520
347	204	204	204	3520
348	204	204	204	3520
349	204	204	204	3520
350	204	204	204	3520
351	204	204	204	3520
352	204	204	204	3520
353	204	204	204	3520
354	204	204	204	3520
355	204	204	204	3520
356	204	204	204	3520
357	204	204	204	3520
358	204	204	204	3520
359	204	204	204	3520
360	204	204	204	3520
361	204	204	204	3520
362	204	204	204	3520
363	204	204	204	3520
364	204	204	204	3520
365	204	204	204	3520
366	204	204	204	3520
367	204	204	204	3520
368	204	204	204	3520
369	204	204	204	3520
370	204	204	204	3520
371	204	204	204	3520
372	204	204	204	3520
373	204	204	204	3520
374	204	204	204	3520
375	204	204	204	3520
376	204	204	204	3520
377	204	204	204	3520
378	204	203.985	201	3520
379	204	203.985	201	3520
380	204	203.97	201	3520
381	204	203.949	201	3520
382	204	203.929	201	3520
383	204	203.914	201	3520
384	204	203.894	201	3520
385	204	203.873	201	3520
386	204	203.863	201	3520
387	204	203.823	201	3520
388	204	203.752	201	3520
389	204	203.621	201	3520
390	204	203.48	201	3520
391	204	203.404	201	3520
392	204	203.183	201	3520
393	204	202.827	201	3520
394	204	202.392	201	3520
395	203	201.775	201	3520
396	203	201.178	201	3520
397	201	201	201	3520
398	201	201	201	3520
399	201	201	201	3520
0	1731	888.615	544	8115
1	901	734.925	456	8115
2	777	665.329	444	8115
3	696	623.57	444	8115
4	653	585.679	444	8115
5	620	559.831	444	8115
6	595	539.069	406	8115
7	567	521.738	406	8115
8	551	511.025	406	8115
9	536	500.801	406	8115
10	523	490.585	406	8115
11	515	483.75	406	8115
12	506	475.928	406	8115
13	501	469.563	394	8115
14	492	464.918	394	8115
15	485	460.868	394	8115
16	479	456.394	392	8115
17	476	450.708	392	8115
18	472	446.229	392	8115
19	468	442.37	392	8115
20	463	440.585	392	8115
21	458	438.28	392	8115
22	456	436.566	388	8115
23	453	432.781	377	8115
24	452	429.635	358	8115
25	446	426.111	358	8115
26	444	423.799	358	8115
27	441	420.979	358	8115
28	438	417.653	358	8115
29	434	414.179	358	8115
30	432	412.864	358	8115
31	429	411.518	358	8115
32	427	409.307	358	8115
33	425	406.311	355	8115
34	423	405.521	355	8115
35	422	403.848	355	8115
36	420	402.368	355	8115
37	418	400.412	355	8115
38	415	397.42	355	8115
39	413	396.261	355	8115
40	409	394.464	355	8115
41	409	391.501	318	8115
42	406	389.557	318	8115
43	405	387.271	318	8115
44	403	385.057	318	8115
45	399	381.951	318	8115
46	396	380.12	318	8115
47	393	378.643	318	8115
48	392	376.697	318	8115
49	391	374.978	318	8115
50	388	372.239	318	8115
51	384	369.322	318	8115
52	383	367.625	318	8115
53	380	365.689	318	8115
54	377	363.045	318	8115
55	374	361.079	318	8115
56	370	358.676	318	8115
57	366	356.772	318	8115
58	365	354.792	318	8115
59	364	353.566	318	8115
60	360	352.476	318	8115
61	358	351.115	318	8115
62	358	349.504	318	8115
63	358	348.402	318	8115
64	355	346.418	317	8115
65	352	345.187	317	8115
66	349	344.138	317	8115
67	347	343.072	307	8115
68	345	342.622	307	8115
69	345	342.102	307	8115
70	345	341.509	307	8115
71	345	340.934	307	8115
72	345	340.407	307	8115
73	345	339.457	307	8115
74	345	338.091	307	8115
75	345	336.765	307	8115
76	345	335.207	307	8115
77	343	333.873	307	8115
78	339	332.322	307	8115
79	338	331.438	307	8115
80	337	330.473	307	8115
81	337	329.645	307	8115
82	337	328.75	307	8115
83	337	327.837	307	8115
84	334	326.906	307	8115
85	333	325.962	307	8115
86	332	324.985	307	8115
87	330	323.993	307	8115
88	328	323.049	306	8115
89	328	322.657	306	8115
90	328	321.686	302	8115
91	328	320.648	302	8115
92	328	319.232	302	8115
93	327	317.966	302	8115
94	326	317.093	302	8115
95	324	316.362	297	8115
96	324	315.427	297	8115
97	322	314.267	297	8115
98	321	313.073	296	8115
99	320	312.087	296	8115
100	319	311.008	296	8115
101	319	309.806	296	8115
102	316	307.994	295	8115
103	311	306.844	295	8115
104	307	306.227	287	8115
105	307	306.122	287	8115
106	307	306.037	287	8115
107	307	305.797	287	8115
108	307	305.648	287	8115
109	307	305.483	287	8115
110	307	305.26	287	8115
111	307	304.789	287	8115
112	307	304.485	287	8115
113	307	303.97	287	8115
114	306	303.502	287	8115
115	305	303.069	287	8115
116	305	302.647	287	8115
117	305	302.172	287	8115
118	305	301.666	280	8115
119	305	301.012	280	8115
120	305	300.474	280	8115
121	305	299.701	280	8115
122	305	299.027	280	8115
123	304	298.167	280	8115
124	304	297.332	280	8115
125	302	296.588	280	8115
126	300	295.79	280	8115
127	300	295.129	280	8115
128	300	294.081	280	8115
129	299	293.255	280	8115
130	298	292.488	280	8115
131	297	292.022	280	8115
132	296	291.696	280	8115
133	294	291.067	279	8115
134	294	290.695	279	8115
135	294	290.09	279	8115
136	294	289.594	276	8115
137	293	288.704	276	8115
138	291	288.025	276	8115
139	291	287.673	276	8115
140	291	287.2	276	8115
141	291	286.716	276	8115
142	289	286.198	274	8115
143	289	285.856	274	8115
144	287	285.652	274	8115
145	287	285.4	274	8115
146	287	285.244	274	8115
147	287	285.077	274	8115
148	287	284.796	274	8115
149	287	284.611	274	8115
150	287	284.31	274	8115
151	287	283.855	274	8115
152	287	283.527	274	8115
153	287	282.691	274	8115
154	286	281.924	274	8115
155	283	281.145	274	8115
156	283	280.74	274	8115
157	283	280.223	274	8115
158	281	279.676	274	8115
159	280	279.491	274	8115
160	280	279.36	274	8115
161	280	279.2	274	8115
162	280	278.918	272	8115
163	280	278.666	272	8115
164	280	278.256	272	8115
165	279	277.758	269	8115
166	279	277.321	269	8115
167	279	276.737	266	8115
168	279	276.109	266	8115
169	277	275.146	265	8115
170	277	274.531	264	8115
171	276	273.981	264	8115
172	276	273.461	264	8115
173	274	273.149	264	8115
174	274	272.821	256	8115
175	274	272.619	256	8115
176	274	272.363	256	8115
177	274	272.011	256	8115
178	274	271.398	248	8115
179	274	270.797	248	8115
180	274	270.061	248	8115
181	272	269.321	248	8115
182	272	268.717	248	8115
183	271	267.9	243	8115
184	271	267.117	243	8115
185	270	266.479	243	8115
186	270	265.385	243	8115
187	269	264.361	243	8115
188	269	262.877	243	8115
189	267	261.793	243	8115
190	265	260.465	243	8115
191	264	259.188	243	8115
192	264	257.817	242	8115
193	262	256.784	242	8115
194	260	255.277	242	8115
195	260	254.184	242	8115
196	260	252.377	242	8115
197	257	250.644	242	8115
198	255	249.092	242	8115
199	253	247.533	242	8115
200	248	245.861	242	8115
201	248	245.067	241	8115
202	246	243.803	241	8115
203	245	243.028	241	8115
204	243	242.734	241	8115
205	243	242.583	238	8115
206	243	242.403	238	8115
207	243	242.183	238	8115
208	243	241.864	238	8115
209	242	241.748	236	8115
210	242	241.575	236	8115
211	242	241.386	233	8115
212	242	241.043	233	8115
213	242	240.568	233	8115
214	242	240.062	233	8115
215	241	239.412	233	8115
216	241	238.743	233	8115
217	241	237.83	233	8115
218	240	236.571	233	8115
219	238	235.88	233	8115
220	236	235.243	233	8115
221	236	234.882	233	8115
222	236	234.401	233	8115
223	236	233.669	233	8115
224	233	232.995	232	8115
225	233	232.99	232	8115
226	233	232.985	232	8115
227	233	232.975	232	8115
228	233	232.975	232	8115
229	233	232.975	232	8115
230	233	232.955	232	8115
231	233	232.945	232	8115
232	233	232.925	232	8115
233	233	232.92	232	8115
234	233	232.895	232	8115
235	233	232.854	232	8115
236	233	232.824	232	8115
237	233	232.764	232	8115
238	233	232.684	232	8115
239	233	232.574	232	8115
240	233	232.394	232	8115
241	233	232.074	228	8115
242	232	231.959	228	8115
243	232	231.959	228	8115
244	232	231.959	228	8115
245	232	231.939	228	8115
246	232	231.878	228	8115
247	232	231.858	228	8115
248	232	231.756	228	8115
249	232	231.715	228	8115
250	232	231.69	228	8115
251	232	231.609	228	8115
252	232	231.508	228	8115
253	232	231.36	225	8115
254	232	231.218	225	8115
255	232	230.96	225	8115
256	232	230.561	225	8115
257	232	230.104	225	8115
258	232	229.543	225	8115
259	232	228.736	225	8115
260	232	227.803	225	8115
261	228	227.34	225	8115
262	228	227.154	225	8115
263	228	226.914	225	8115
264	228	226.569	225	8115
265	228	226.086	225	8115
266	227	225.663	225	8115
267	226	225.364	225	8115
268	226	225.025	225	8115
269	225	224.995	224	8115
270	225	224.995	224	8115
271	225	224.99	224	8115
272	225	224.98	224	8115
273	225	224.939	218	8115
274	225	224.924	218	8115
275	225	224.852	218	8115
276	225	224.662	218	8115
277	225	224.38	218	8115
278	225	224.01	218	8115
279	225	223.523	218	8115
280	225	222.902	218	8115
281	225	221.821	218	8115
282	224	220.569	218	8115
283	221	219.097	218	8115
284	220	218.253	218	8115
285	218	218	218	8115
286	218	217.99	216	8115
287	218	217.98	216	8115
288	218	217.965	215	8115
289	218	217.965	215	8115
290	218	217.965	215	8115
291	218	217.939	215	8115
292	218	217.919	215	8115
293	218	217.919	215	8115
294	218	217.889	215	8115
295	218	217.853	215	8115
296	218	217.833	215	8115
297	218	217.727	215	8115
298	218	217.606	215	8115
299	218	217.516	215	8115
300	218	217.365	215	8115
301	218	217.184	215	8115
302	218	216.778	215	8115
303	218	216.375	215	8115
304	216	215.754	215	8115
305	216	215.654	215	8115
306	216	215.529	215	8115
307	216	215.319	215	8115
308	215	215	215	8115
309	215	215	215	8115
310	215	214.954	208	8115
311	215	214.944	208	8115
312	215	214.934	208	8115
313	215	214.934	208	8115
314	215	214.903	208	8115
315	215	214.822	208	8115
316	215	214.75	208	8115
317	215	214.704	208	8115
318	215	214.567	208	8115
319	215	214.497	208	8115
320	215	214.329	208	8115
321	215	214.117	208	8115
322	215	213.911	208	8115
323	215	213.559	208	8115
324	215	213.023	208	8115
325	215	212.327	208	8115
326	213	212.223	208	8115
327	213	212.157	208	8115
328	213	212.031	208	8115
329	213	211.871	208	8115
330	213	211.61	208	8115
331	213	211.235	208	8115
332	213	210.736	208	8115
333	213	210.105	205	8115
334	211	209.9	205	8115
335	211	209.674	205	8115
336	211	209.164	205	8115
337	211	208.721	205	8115
338	211	208.083	205	8115
339	208	207.959	205	8115
340	208	207.959	205	8115
341	208	207.934	205	8115
342	208	207.914	205	8115
343	208	207.879	205	8115
344	208	207.843	205	8115
345	208	207.793	205	8115
346	208	207.747	205	8115
347	208	207.702	205	8115
348	208	207.667	205	8115
349	208	207.596	205	8115
350	208	207.521	205	8115
351	208	207.4	205	8115
352	208	207.249	205	8115
353	208	207.094	205	8115
354	208	206.919	205	8115
355	208	206.624	205	8115
356	208	206.305	205	8115
357	207	205.63	197	8115
358	206	205.505	197	8115
359	206	205.247	197	8115
360	206	204.787	197	8115
361	205	204.41	197	8115
362	205	204.084	197	8115
363	205	204.002	197	8115
364	205	203.673	197	8115
365	205	202.86	197	8115
366	205	202.15	197	8115
367	205	200.774	195	8115
368	205	198.829	195	8115
369	197	196.99	195	8115
370	197	196.98	195	8115
371	197	196.98	195	8115
372	197	196.97	195	8115
373	197	196.96	195	8115
374	197	196.929	195	8115
375	197	196.929	195	8115
376	197	196.919	195	8115
377	197	196.899	195	8115
378	197	196.859	195	8115
379	197	196.818	195	8115
380	197	196.728	195	8115
381	197	196.617	195	8115
382	197	196.506	195	8115
383	197	196.406	195	8115
384	197	196.185	195	8115
385	197	195.845	195	8115
386	197	195.412	195	8115
387	195	195	195	8115
388	195	195	195	8115
389	195	195	195	8115
390	195	195	195	8115
391	195	195	195	8115
392	195	195	195	8115
393	195	195	195	8115
394	195	195	195	8115
395	195	195	195	8115
396	195	195	195	8115
397	195	195	195	8115
398	195	195	195	8115
399	195	195	195	8115
0	1777	866.496	486	8647
1	880	710.159	482	8647
2	747	636.657	458	8647
3	669	584.032	420	8647
4	625	555.779	420	8647
5	591	529.39	408	8647
6	562	509.721	408	8647
7	545	495.399	408	8647
8	525	483.114	390	8647
9	510	475.517	390	8647
10	498	469.556	390	8647
11	495	465.806	390	8647
12	487	458.766	390	8647
13	483	453.819	390	8647
14	477	449.508	390	8647
15	471	446.131	390	8647
16	467	442.891	376	8647
17	464	439.727	376	8647
18	458	436.514	376	8647
19	457	433.146	376	8647
20	454	431.005	376	8647
21	452	428.717	376	8647
22	450	425.825	359	8647
23	442	421.606	359	8647
24	439	417.945	359	8647
25	434	415.409	359	8647
26	431	412.734	359	8647
27	428	411.296	359	8647
28	423	407.974	359	8647
29	423	406.415	347	8647
30	420	404.275	347	8647
31	419	402.247	347	8647
32	418	400.676	347	8647
33	417	398.868	347	8647
34	416	397.946	347	8647
35	412	395.83	347	8647
36	409	394.197	347	8647
37	406	391.807	345	8647
38	406	390.445	345	8647
39	405	389.635	345	8647
40	403	387.323	345	8647
41	400	385.712	345	8647
42	399	384.642	345	8647
43	397	382.338	345	8647
44	395	381.057	345	8647
45	392	379.651	345	8647
46	390	378.804	345	8647
47	390	377.659	345	8647
48	388	376.214	345	8647
49	388	374.761	345	8647
50	387	373.374	345	8647
51	386	372.481	345	8647
52	384	371.405	345	8647
53	382	370.008	345	8647
54	382	368.952	342	8647
55	380	368.028	342	8647
56	377	366.789	335	8647
57	376	365.292	335	8647
58	373	364.012	320	8647
59	373	363.663	320	8647
60	372	362.563	320	8647
61	371	361.38	320	8647
62	370	360.896	320	8647
63	369	359.569	320	8647
64	369	358.987	320	8647
65	369	358.288	312	8647
66	369	357.64	312	8647
67	367	356.98	312	8647
68	367	356.156	312	8647
69	367	355.797	312	8647
70	366	354.597	312	8647
71	365	353.389	312	8647
72	365	351.93	312	8647
73	364	350.868	312	8647
74	363	349.73	293	8647
75	362	348.912	293	8647
76	360	348.433	293	8647
77	359	347.302	293	8647
78	359	346.318	293	8647
79	356	344.492	293	8647
80	355	343.19	293	8647
81	355	342.326	293	8647
82	354	341.409	293	8647
83	354	339.452	293	8647
84	351	337.475	293	8647
85	349	334.338	293	8647
86	347	332.145	293	8647
87	343	328.048	293	8647
88	339	324.966	293	8647
89	334	322.539	293	8647
90	326	320.339	293	8647
91	323	319.344	293	8647
92	323	318.394	293	8647
93	323	317.239	293	8647
94	319	315.743	293	8647
95	317	315.565	293	8647
96	317	315.33	293	8647
97	317	315.086	293	8647
98	316	314.873	293	8647
99	316	314.802	293	8647
100	316	314.768	293	8647
101	316	314.668	293	8647
102	316	314.358	293	8647
103	316	313.93	293	8647
104	316	313.624	293	8647
105	316	312.982	293	8647
106	315	312.374	291	8647
107	315	312.034	291	8647
108	315	311.21	291	8647
109	315	310.594	291	8647
110	315	309.936	291	8647
111	315	308.846	287	8647
112	315	307.876	287	8647
113	315	306.694	287	8647
114	315	305.493	287	8647
115	312	303.379	283	8647
116	310	301.78	283	8647
117	310	300.211	283	8647
118	307	298.355	283	8647
119	305	297.272	283	8647
120	302	296.016	283	8647
121	300	295.169	283	8647
122	299	293.973	280	8647
123	295	292.978	280	8647
124	295	292.435	280	8647
125	295	291.602	280	8647
126	295	290.663	277	8647
127	294	289.785	277	8647
128	293	289.076	277	8647
129	291	288.459	275	8647
130	291	287.613	275	8647
131	291	286.733	275	8647
132	289	285.994	275	8647
133	287	285.616	270	8647
134	287	285.277	270	8647
135	287	285.064	270	8647
136	287	284.782	270	8647
137	287	284.161	270	8647
138	287	283.595	270	8647
139	287	282.566	270	8647
140	287	281.914	270	8647
141	284	280.607	270	8647
142	283	279.85	270	8647
143	281	279.317	270	8647
144	280	278.96	270	8647
145	280	278.613	270	8647
146	280	278.085	270	8647
147	280	277.365	270	8647
148	280	276.461	265	8647
149	280	275.326	265	8647
150	279	274.131	265	8647
151	275	273.002	265	8647
152	275	272.307	265	8647
153	275	271.471	265	8647
154	274	270.581	265	8647
155	271	270.228	265	8647
156	271	270.059	265	8647
157	270	269.898	265	8647
158	270	269.883	265	8647
159	270	269.853	265	8647
160	270	269.802	265	8647
161	270	269.746	265	8647
162	270	269.696	265	8647
163	270	269.615	265	8647
164	270	269.467	262	8647
165	270	269.316	262	8647
166	270	269.089	261	8647
167	270	268.725	260	8647
168	270	268.392	260	8647
169	270	268.011	259	8647
170	270	267.46	258	8647
171	270	266.786	257	8647
172	268	265.923	257	8647
173	267	265.581	257	8647
174	267	265.225	249	8647
175	267	264.676	249	8647
176	267	263.854	241	8647
177	267	262.738	241	8647
178	265	262.102	241	8647
179	265	261.309	241	8647
180	263	260.559	241	8647
181	262	259.596	241	8647
182	262	258.816	241	8647
183	261	257.774	241	8647
184	261	256.42	241	8647
185	259	255.219	241	8647
186	257	254.138	241	8647
187	256	252.759	241	8647
188	255	251.807	241	8647
189	255	250.595	241	8647
190	255	248.82	241	8647
191	249	247.52	241	8647
192	249	246.706	241	8647
193	247	246.228	241	8647
194	247	245.784	241	8647
195	247	245.171	241	8647
196	247	244.496	241	8647
197	246	243.228	241	8647
198	245	242.205	239	8647
199	243	241.681	237	8647
200	242	240.954	237	8647
201	241	240.898	235	8647
202	241	240.878	235	8647
203	241	240.746	235	8647
204	241	240.561	229	8647
205	241	240.351	229	8647
206	241	240.149	229	8647
207	241	239.855	229	8647
208	241	239.518	229	8647
209	241	238.919	229	8647
210	241	238.151	229	8647
211	241	237.153	229	8647
212	237	236.265	229	8647
213	237	235.795	229	8647
214	237	235.165	229	8647
215	237	234.266	229	8647
216	235	233.583	229	8647
217	235	232.775	227	8647
218	235	231.818	227	8647
219	235	230.434	227	8647
220	229	228.97	227	8647
221	229	228.96	227	8647
222	229	228.95	227	8647
223	229	228.939	227	8647
224	229	228.909	227	8647
225	229	228.909	227	8647
226	229	228.874	227	8647
227	229	228.793	227	8647
228	229	228.738	227	8647
229	229	228.668	227	8647
230	229	228.572	227	8647
231	229	228.482	227	8647
232	229	228.301	227	8647
233	229	228.141	227	8647
234	229	227.876	227	8647
235	229	227.582	227	8647
236	229	227.209	227	8647
237	227	227	227	8647
238	227	227	227	8647
239	227	227	227	8647
240	227	227	227	8647
241	227	227	227	8647
242	227	227	227	8647
243	227	227	227	8647
244	227	227	227	8647
245	227	227	227	8647
246	227	227	227	8647
247	227	227	227	8647
248	227	227	227	8647
249	227	227	227	8647
250	227	226.995	226	8647
251	227	226.995	226	8647
252	227	226.99	226	8647
253	227	226.985	226	8647
254	227	226.98	226	8647
255	227	226.98	226	8647
256	227	226.975	226	8647
257	227	226.975	226	8647
258	227	226.965	226	8647
259	227	226.965	226	8647
260	227	226.95	226	8647
261	227	226.945	226	8647
262	227	226.935	226	8647
263	227	226.935	226	8647
264	227	226.915	226	8647
265	227	226.895	226	8647
266	227	226.859	226	8647
267	227	226.829	226	8647
268	227	226.799	226	8647
269	227	226.774	225	8647
270	227	226.744	225	8647
271	227	226.709	225	8647
272	227	226.624	225	8647
273	227	226.474	225	8647
274	227	226.224	225	8647
275	226	225.995	225	8647
276	226	225.985	225	8647
277	226	225.985	225	8647
278	226	225.985	225	8647
279	226	225.98	225	8647
280	226	225.98	225	8647
281	226	225.975	225	8647
282	226	225.975	225	8647
283	226	225.97	225	8647
284	226	225.965	225	8647
285	226	225.95	225	8647
286	226	225.93	225	8647
287	226	225.915	225	8647
288	226	225.895	225	8647
289	226	225.875	225	8647
290	226	225.849	225	8647
291	226	225.809	225	8647
292	226	225.708	219	8647
293	226	225.628	219	8647
294	226	225.512	219	8647
295	226	225.412	219	8647
296	226	225.247	219	8647
297	226	225.072	219	8647
298	225	224.908	219	8647
299	225	224.882	219	8647
300	225	224.851	219	8647
301	225	224.795	219	8647
302	225	224.652	219	8647
303	225	224.514	219	8647
304	225	224.402	219	8647
305	225	224.229	219	8647
306	225	223.833	219	8647
307	225	223.479	219	8647
308	225	223.036	219	8647
309	225	222.559	219	8647
310	225	221.612	219	8647
311	225	220.269	219	8647
312	220	219.624	219	8647
313	220	219.434	219	8647
314	220	219.164	219	8647
315	219	219	219	8647
316	219	219	219	8647
317	219	219	219	8647
318	219	219	219	8647
319	219	219	219	8647
320	219	219	219	8647
321	219	219	219	8647
322	219	219	219	8647
323	219	219	219	8647
324	219	219	219	8647
325	219	219	219	8647
326	219	219	219	8647
327	219	219	219	8647
328	219	218.99	217	8647
329	219	218.99	217	8647
330	219	218.99	217	8647
331	219	218.99	217	8647
332	219	218.99	217	8647
333	219	218.99	217	8647
334	219	218.98	217	8647
335	219	218.96	217	8647
336	219	218.939	217	8647
337	219	218.929	217	8647
338	219	218.869	217	8647
339	219	218.829	217	8647
340	219	218.768	217	8647
341	219	218.698	217	8647
342	219	218.557	217	8647
343	219	218.356	217	8647
344	219	218.146	217	8647
345	219	217.73	213	8647
346	219	217.213	213	8647
347	217	216.97	213	8647
348	217	216.97	213	8647
349	217	216.949	213	8647
350	217	216.888	213	8647
351	217	216.786	213	8647
352	217	216.659	213	8647
353	217	216.522	210	8647
354	217	216.274	210	8647
355	217	215.87	210	8647
356	217	215.217	210	8647
357	217	214.496	207	8647
358	217	213.104	207	8647
359	213	212.747	202	8647
360	213	212.587	202	8647
361	213	212.351	202	8647
362	213	211.885	202	8647
363	213	211.487	202	8647
364	213	210.773	202	8647
365	213	209.635	202	8647
366	212	207.805	202	8647
367	210	206.75	202	8647
368	207	206.311	202	8647
369	207	206.118	202	8647
370	207	205.813	202	8647
371	207	205.47	202	8647
372	207	204.891	202	8647
373	207	203.966	202	8647
374	207	203.129	202	8647
375	202	202	202	8647
376	202	202	202	8647
377	202	202	202	8647
378	202	201.995	201	8647
379	202	201.995	201	8647
380	202	201.995	201	8647
381	202	201.995	201	8647
382	202	201.99	201	8647
383	202	201.99	201	8647
384	202	201.985	201	8647
385	202	201.98	201	8647
386	202	201.98	201	8647
387	202	201.97	201	8647
388	202	201.955	201	8647
389	202	201.94	201	8647
390	202	201.925	201	8647
391	202	201.9	201	8647
392	202	201.844	201	8647
393	202	201.794	201	8647
394	202	201.719	201	8647
395	202	201.619	201	8647
396	202	201.464	201	8647
397	202	201.254	201	8647
398	201	201	201	8647
399	201	201	201	8647
