0	5644936	5857676	6109528	3520
1	5467239	5758147	5851243	3520
2	5467239	5696602	5772535	3520
3	5467239	5656730	5719488	3520
4	5422536	5616637	5674653	3520
5	5369497	5579929	5641354	3520
6	5349363	5537623	5600872	3520
7	5349363	5501604	5560623	3520
8	5318612	5474182	5531864	3520
9	5318612	5447759	5502332	3520
10	5318612	5426347	5478286	3520
11	5271781	5406811	5451623	3520
12	5265939	5386129	5427771	3520
13	5212204	5372419	5409774	3520
14	5212204	5357499	5395648	3520
15	5170565	5349327	5386629	3520
16	5170565	5334949	5370699	3520
17	5170565	5321369	5360045	3520
18	5170565	5305334	5344019	3520
19	5167610	5291041	5332063	3520
20	5121193	5278618	5320895	3520
21	5121193	5263807	5305328	3520
22	5120796	5249776	5291159	3520
23	5120796	5232324	5275294	3520
24	5063241	5215567	5259776	3520
25	5063241	5203751	5245169	3520
26	5063241	5189218	5227883	3520
27	5063241	5175883	5210975	3520
28	5026375	5162391	5197708	3520
29	4997248	5149680	5186890	3520
30	4944377	5128061	5173709	3520
31	4891779	5103396	5154533	3520
32	4891779	5081910	5137013	3520
33	4891779	5065002	5114145	3520
34	4881486	5043728	5092074	3520
35	4881486	5019951	5069948	3520
36	4860069	4999550	5050074	3520
37	4842537	4975925	5027458	3520
38	4834676	4958751	5009235	3520
39	4834676	4944511	4988052	3520
40	4832830	4931304	4975594	3520
41	4802144	4916346	4953102	3520
42	4802144	4906647	4943140	3520
43	4802144	4894342	4930028	3520
44	4795209	4885404	4917497	3520
45	4772626	4875455	4904069	3520
46	4734934	4866389	4894961	3520
47	4734934	4854071	4885214	3520
48	4734934	4846610	4877214	3520
49	4707626	4834041	4870469	3520
50	4707626	4822559	4857466	3520
51	4707626	4811899	4846501	3520
52	4707626	4802482	4839022	3520
53	4707626	4793555	4826875	3520
54	4624595	4782504	4816649	3520
55	4624595	4774097	4807301	3520
56	4617394	4763927	4797005	3520
57	4617394	4753323	4786069	3520
58	4617394	4742799	4775230	3520
59	4617394	4730876	4763311	3520
60	4617394	4719617	4754208	3520
61	4617394	4710810	4745069	3520
62	4535625	4700333	4737521	3520
63	4535625	4691570	4728527	3520
64	4535625	4681248	4718696	3520
65	4535625	4669374	4708628	3520
66	4417767	4659105	4698071	3520
67	4417767	4651237	4688466	3520
68	4417767	4638527	4674116	3520
69	4417767	4628642	4664199	3520
70	4417767	4618922	4651559	3520
71	4417767	4611098	4642928	3520
72	4417767	4599734	4633736	3520
73	4417767	4587633	4624484	3520
74	4407257	4577235	4617355	3520
75	4407257	4561857	4603574	3520
76	4407257	4550074	4591162	3520
77	4407257	4537337	4574458	3520
78	4407257	4527278	4563632	3520
79	4407257	4517676	4552888	3520
80	4407257	4508440	4540766	3520
81	4407257	4501063	4532383	3520
82	4394805	4489832	4520354	3520
83	4327659	4480737	4508036	3520
84	4327659	4473610	4503450	3520
85	4327659	4465523	4495490	3520
86	4327659	4457946	4485623	3520
87	4327659	4451154	4479540	3520
88	4327659	4444979	4471474	3520
89	4327659	4439057	4464963	3520
90	4305659	4431563	4456989	3520
91	4305659	4424346	4449565	3520
92	4305659	4417372	4441039	3520
93	4305659	4409644	4434078	3520
94	4297913	4400714	4426092	3520
95	4248774	4392619	4419671	3520
96	4248774	4384901	4413475	3520
97	4248774	4380058	4408182	3520
98	4248774	4371969	4401416	3520
99	4248774	4364445	4393394	3520
100	4238542	4354457	4383858	3520
101	4238542	4347660	4377410	3520
102	4230870	4336910	4368691	3520
103	4230870	4326073	4357178	3520
104	4208415	4312498	4346282	3520
105	4208415	4297523	4327513	3520
106	4180573	4285118	4314875	3520
107	4170410	4271605	4301638	3520
108	4170410	4261201	4290378	3520
109	4141943	4247834	4277666	3520
110	4141943	4236139	4263480	3520
111	4072319	4225618	4250585	3520
112	4072319	4217229	4242815	3520
113	4033000	4206099	4234908	3520
114	4033000	4194385	4223747	3520
115	4033000	4182780	4211326	3520
116	4033000	4169102	4198268	3520
117	4033000	4158002	4189669	3520
118	4033000	4142622	4176386	3520
119	4033000	4129020	4162989	3520
120	4024575	4114708	4149104	3520
121	4015925	4101091	4130871	3520
122	4005600	4087432	4113955	3520
123	4005600	4077543	4101702	3520
124	4005600	4067786	4090929	3520
125	3974860	4058073	4080072	3520
126	3974860	4050004	4072417	3520
127	3974860	4042258	4064730	3520
128	3974860	4033459	4055151	3520
129	3967582	4025336	4046984	3520
130	3958485	4018603	4037799	3520
131	3950297	4012179	4030893	3520
132	3945925	4005738	4025102	3520
133	3939159	3999897	4020177	3520
134	3891755	3993330	4014279	3520
135	3891755	3986144	4006897	3520
136	3891755	3978464	4000839	3520
137	3891755	3970252	3993323	3520
138	3891755	3964148	3987471	3520
139	3878957	3957269	3980594	3520
140	3871642	3949757	3972627	3520
141	3871642	3943300	3966257	3520
142	3852911	3935252	3958844	3520
143	3832657	3927739	3950781	3520
144	3832657	3922216	3945996	3520
145	3832657	3915101	3939132	3520
146	3832657	3909498	3931892	3520
147	3832657	3903733	3924693	3520
148	3827206	3897277	3919468	3520
149	3827206	3891747	3915067	3520
150	3784606	3885315	3906817	3520
151	3784606	3879053	3901728	3520
152	3772588	3872342	3896027	3520
153	3772588	3864924	3891350	3520
154	3753125	3857910	3883480	3520
155	3741761	3850486	3877116	3520
156	3741761	3845132	3869267	3520
157	3741761	3836417	3861506	3520
158	3741761	3831368	3854912	3520
159	3741761	3825210	3850354	3520
160	3728191	3817826	3844597	3520
161	3728191	3810169	3837665	3520
162	3728191	3803133	3830458	3520
163	3728191	3796160	3822318	3520
164	3724156	3787969	3812481	3520
165	3724156	3782947	3805418	3520
166	3719493	3776384	3797564	3520
167	3715479	3769638	3790885	3520
168	3680186	3763620	3785038	3520
169	3674804	3755936	3778250	3520
170	3674804	3750181	3773175	3520
171	3648779	3743075	3767014	3520
172	3648779	3734572	3759884	3520
173	3622331	3728139	3751840	3520
174	3622331	3721804	3744101	3520
175	3622331	3714337	3738540	3520
176	3622331	3706580	3731018	3520
177	3622331	3699333	3724035	3520
178	3614984	3692523	3715573	3520
179	3572549	3685172	3708300	3520
180	3572549	3677239	3699726	3520
181	3572549	3669017	3691750	3520
182	3572549	3664114	3685898	3520
183	3543428	3657018	3680594	3520
184	3543428	3650948	3673339	3520
185	3543428	3645853	3665775	3520
186	3543428	3639155	3659753	3520
187	3543428	3634424	3654387	3520
188	3543428	3628695	3649765	3520
189	3543428	3622535	3643769	3520
190	3543428	3618362	3637793	3520
191	3543428	3613335	3632515	3520
192	3543428	3609548	3628118	3520
193	3510907	3604373	3623546	3520
194	3510907	3598135	3617702	3520
195	3510907	3594119	3613977	3520
196	3510907	3589961	3608753	3520
197	3510907	3585749	3604460	3520
198	3510907	3581781	3601467	3520
199	3510907	3576943	3597718	3520
200	3510907	3572310	3591210	3520
201	3510907	3568915	3588055	3520
202	3486269	3564435	3585180	3520
203	3486269	3559118	3580596	3520
204	3486269	3554606	3576474	3520
205	3486269	3550739	3571375	3520
206	3486269	3546173	3567574	3520
207	3486269	3541581	3561279	3520
208	3486269	3537233	3555654	3520
209	3472549	3533076	3551077	3520
210	3463327	3528743	3546343	3520
211	3463327	3525127	3542394	3520
212	3463327	3521003	3539415	3520
213	3463327	3517096	3536430	3520
214	3424447	3513621	3533253	3520
215	3424447	3509241	3528617	3520
216	3424447	3506541	3525624	3520
217	3424447	3502338	3522165	3520
218	3424447	3498459	3519954	3520
219	3424447	3495839	3515924	3520
220	3424447	3492104	3511278	3520
221	3424447	3489737	3508603	3520
222	3424447	3485920	3504921	3520
223	3424447	3482656	3502109	3520
224	3424447	3479769	3498198	3520
225	3406251	3475946	3494891	3520
226	3367684	3472704	3491618	3520
227	3367684	3469333	3488050	3520
228	3367684	3465955	3485307	3520
229	3367684	3463101	3481942	3520
230	3367684	3460521	3478045	3520
231	3363197	3455556	3475286	3520
232	3363197	3451180	3471811	3520
233	3363197	3446042	3468398	3520
234	3363197	3440749	3463935	3520
235	3363197	3436043	3458900	3520
236	3363197	3431756	3453791	3520
237	3363197	3427092	3447567	3520
238	3362527	3423641	3444617	3520
239	3362527	3419990	3441282	3520
240	3348258	3413894	3436178	3520
241	3348258	3409591	3432482	3520
242	3347600	3405646	3426786	3520
243	3343935	3399137	3422194	3520
244	3283873	3393863	3416567	3520
245	3283873	3387951	3410407	3520
246	3283873	3384941	3405086	3520
247	3283873	3379225	3400861	3520
248	3283873	3374095	3394862	3520
249	3283873	3370175	3388516	3520
250	3283873	3366908	3384632	3520
251	3283873	3364061	3381345	3520
252	3283873	3361996	3377632	3520
253	3283873	3358209	3374613	3520
254	3265979	3355294	3372398	3520
255	3265979	3352440	3370246	3520
256	3265979	3349762	3368113	3520
257	3265979	3346286	3364708	3520
258	3265979	3343640	3361848	3520
259	3265979	3338977	3356752	3520
260	3265979	3336304	3352740	3520
261	3265979	3333196	3349370	3520
262	3265979	3330178	3346937	3520
263	3265979	3327664	3343935	3520
264	3265979	3324787	3341537	3520
265	3265979	3322664	3338805	3520
266	3264308	3320255	3335836	3520
267	3264308	3317784	3333361	3520
268	3264308	3314800	3330346	3520
269	3257089	3312595	3328311	3520
270	3257089	3310590	3325149	3520
271	3257089	3308376	3322767	3520
272	3243047	3305654	3320684	3520
273	3243047	3302935	3318405	3520
274	3243047	3299876	3316027	3520
275	3243047	3297042	3313512	3520
276	3243047	3294724	3311097	3520
277	3243047	3293014	3307909	3520
278	3229236	3290223	3306457	3520
279	3229236	3287427	3302581	3520
280	3223164	3285055	3300295	3520
281	3223164	3282716	3298178	3520
282	3223164	3279425	3294971	3520
283	3223164	3278060	3293209	3520
284	3223164	3274161	3289907	3520
285	3200165	3271020	3287100	3520
286	3200165	3268163	3283787	3520
287	3200165	3265421	3280579	3520
288	3200165	3262030	3277457	3520
289	3200165	3259223	3274202	3520
290	3200165	3257106	3272185	3520
291	3200165	3254565	3268916	3520
292	3200165	3252981	3266483	3520
293	3200165	3250808	3264059	3520
294	3200165	3248498	3262463	3520
295	3200165	3245809	3260323	3520
296	3200165	3243938	3258581	3520
297	3185609	3241364	3256343	3520
298	3185609	3239343	3254477	3520
299	3185609	3236251	3252153	3520
300	3185609	3234232	3249478	3520
301	3185609	3232076	3247661	3520
302	3172428	3228622	3244360	3520
303	3172428	3226137	3241657	3520
304	3170655	3222609	3237945	3520
305	3168451	3220286	3235920	3520
306	3168451	3217152	3232985	3520
307	3168451	3213906	3229448	3520
308	3168451	3210965	3226137	3520
309	3168451	3208877	3223736	3520
310	3168451	3206191	3220982	3520
311	3164793	3204239	3218910	3520
312	3164793	3201939	3216544	3520
313	3160384	3200535	3214728	3520
314	3160384	3198758	3213129	3520
315	3160384	3196450	3210211	3520
316	3082384	3193359	3207656	3520
317	3082384	3191501	3205378	3520
318	3082384	3189448	3203950	3520
319	3082384	3187155	3202098	3520
320	3082384	3184352	3199670	3520
321	3082384	3181120	3197780	3520
322	3082384	3177725	3195295	3520
323	3082384	3172194	3191152	3520
324	3082384	3167630	3188304	3520
325	3080579	3163077	3185272	3520
326	3060113	3158713	3181935	3520
327	3060113	3155326	3177518	3520
328	3060113	3151152	3173102	3520
329	3060113	3144582	3167118	3520
330	3057174	3139298	3163269	3520
331	3057174	3134445	3157775	3520
332	3057174	3131433	3152368	3520
333	3057174	3127574	3148702	3520
334	3057174	3124266	3144353	3520
335	3057174	3121429	3139640	3520
336	3057174	3117364	3136210	3520
337	3057174	3115400	3133950	3520
338	3057174	3110432	3127940	3520
339	3045236	3107634	3125695	3520
340	3045236	3103653	3120778	3520
341	3045236	3100806	3117699	3520
342	3027518	3097416	3114282	3520
343	3027518	3093696	3111602	3520
344	3027518	3090368	3107803	3520
345	3027518	3087090	3104642	3520
346	3027518	3084163	3100728	3520
347	3027518	3080642	3097529	3520
348	3027518	3078026	3094613	3520
349	3027518	3076180	3091496	3520
350	3027518	3073265	3086760	3520
351	3027518	3071357	3085206	3520
352	3027518	3069649	3081671	3520
353	3027518	3067308	3079798	3520
354	2998650	3064942	3077228	3520
355	2998650	3062034	3075030	3520
356	2998650	3059751	3073676	3520
357	2998650	3057121	3070913	3520
358	2998650	3055148	3068805	3520
359	2998650	3052827	3064680	3520
360	2998650	3050409	3062121	3520
361	2998650	3048317	3060113	3520
362	2998650	3045857	3058950	3520
363	2989064	3041649	3055093	3520
364	2989064	3038649	3051858	3520
365	2989064	3036928	3049985	3520
366	2989064	3035229	3047816	3520
367	2989064	3032671	3044934	3520
368	2962897	3030513	3042794	3520
369	2962897	3028906	3040622	3520
370	2962897	3027200	3038235	3520
371	2962897	3025167	3037061	3520
372	2962897	3022990	3034918	3520
373	2962897	3020850	3033463	3520
374	2962897	3018589	3031727	3520
375	2960776	3015351	3028718	3520
376	2960776	3012624	3025579	3520
377	2913774	3009885	3022600	3520
378	2913774	3006882	3021673	3520
379	2913774	3005201	3020551	3520
380	2913774	3002589	3017112	3520
381	2913774	3000265	3015100	3520
382	2913774	2997157	3012361	3520
383	2913774	2994439	3010632	3520
384	2913774	2992404	3008852	3520
385	2913774	2989707	3006221	3520
386	2913774	2986711	3003282	3520
387	2913774	2983136	2999731	3520
388	2913774	2979101	2996295	3520
389	2913774	2976127	2993554	3520
390	2910088	2971907	2988915	3520
391	2910088	2968011	2984901	3520
392	2891881	2963274	2980776	3520
393	2891881	2957683	2976206	3520
394	2891881	2952857	2972538	3520
395	2891881	2947972	2969450	3520
396	2870065	2943000	2963590	3520
397	2870065	2937129	2957124	3520
398	2870065	2934022	2953146	3520
399	2870065	2928591	2946378	3520
0	5651770	5866386	6133538	8115
1	5569254	5788257	5865167	8115
2	5511934	5741598	5802047	8115
3	5511934	5702125	5755063	8115
4	5490234	5659616	5714408	8115
5	5466320	5620952	5673684	8115
6	5419415	5590505	5641491	8115
7	5419415	5563940	5611303	8115
8	5366705	5535820	5580826	8115
9	5320774	5509875	5555960	8115
10	5320774	5482379	5528709	8115
11	5320774	5462596	5508630	8115
12	5285109	5442955	5490971	8115
13	5285109	5418947	5464159	8115
14	5216471	5395636	5440523	8115
15	5216471	5377271	5420269	8115
16	5216471	5358483	5401760	8115
17	5216471	5340792	5382984	8115
18	5172663	5323721	5362706	8115
19	5172663	5310170	5348119	8115
20	5149595	5290197	5333282	8115
21	5148560	5273800	5316143	8115
22	5148560	5257152	5296783	8115
23	5079160	5241638	5285223	8115
24	5079160	5225645	5269052	8115
25	5079160	5211585	5252180	8115
26	5079160	5193851	5235775	8115
27	5079160	5178760	5217723	8115
28	5040731	5164992	5200571	8115
29	5040731	5156369	5190470	8115
30	5040731	5143994	5179247	8115
31	5030242	5132564	5165942	8115
32	4980029	5119161	5155708	8115
33	4980029	5102941	5142541	8115
34	4980029	5088031	5127063	8115
35	4929160	5075368	5115442	8115
36	4909166	5058381	5095420	8115
37	4909166	5049785	5085557	8115
38	4909166	5040541	5074194	8115
39	4909166	5027274	5062939	8115
40	4906016	5013815	5051460	8115
41	4906016	5003500	5041268	8115
42	4891981	4992786	5030236	8115
43	4863203	4979815	5018199	8115
44	4863203	4970592	5008496	8115
45	4863203	4963460	4997421	8115
46	4850969	4953560	4988166	8115
47	4837000	4941476	4975633	8115
48	4837000	4931314	4965429	8115
49	4776636	4921760	4955650	8115
50	4776636	4914277	4946028	8115
51	4776636	4905355	4938681	8115
52	4776636	4895382	4932546	8115
53	4776636	4885672	4920585	8115
54	4752874	4878836	4913421	8115
55	4752874	4869641	4904829	8115
56	4739066	4860503	4896892	8115
57	4692453	4850216	4885845	8115
58	4692453	4838138	4876024	8115
59	4692453	4825877	4863932	8115
60	4692453	4815334	4854020	8115
61	4692453	4803668	4841292	8115
62	4655960	4792665	4831477	8115
63	4655960	4779742	4818864	8115
64	4655960	4771728	4810302	8115
65	4655960	4760502	4799210	8115
66	4655960	4750938	4787220	8115
67	4639277	4739785	4775132	8115
68	4639277	4732050	4763811	8115
69	4559245	4721415	4753493	8115
70	4559245	4714764	4746259	8115
71	4559245	4709349	4740221	8115
72	4559245	4699489	4732864	8115
73	4559245	4691204	4723282	8115
74	4559245	4682534	4712952	8115
75	4546681	4674351	4706592	8115
76	4546681	4664113	4698489	8115
77	4546681	4658334	4690108	8115
78	4475475	4651114	4685469	8115
79	4475475	4642938	4677467	8115
80	4475475	4632104	4668579	8115
81	4475475	4621543	4657957	8115
82	4418882	4610525	4644562	8115
83	4418882	4600686	4636113	8115
84	4418882	4593089	4626445	8115
85	4418882	4583216	4616764	8115
86	4393295	4570601	4606650	8115
87	4384123	4559044	4593079	8115
88	4384123	4548300	4582231	8115
89	4384123	4532817	4568356	8115
90	4384123	4520807	4556807	8115
91	4362743	4505761	4542088	8115
92	4362743	4494179	4530862	8115
93	4289413	4481369	4522102	8115
94	4289413	4468047	4510474	8115
95	4251781	4456536	4498038	8115
96	4251781	4445201	4485855	8115
97	4251781	4432356	4474340	8115
98	4233468	4419918	4462402	8115
99	4233468	4405208	4445153	8115
100	4233468	4392633	4430795	8115
101	4219765	4377624	4417838	8115
102	4219765	4365048	4402981	8115
103	4219765	4352182	4388857	8115
104	4219765	4343008	4379844	8115
105	4219765	4330555	4368385	8115
106	4219765	4317898	4354659	8115
107	4204323	4305394	4337594	8115
108	4166835	4295900	4328753	8115
109	4166835	4284331	4314462	8115
110	4166835	4273400	4303327	8115
111	4154490	4262305	4291361	8115
112	4154490	4253351	4280266	8115
113	4154490	4245400	4273596	8115
114	4154490	4237269	4263565	8115
115	4154490	4228198	4252082	8115
116	4154490	4220091	4244206	8115
117	4097980	4212188	4237935	8115
118	4089889	4204008	4231063	8115
119	4089889	4194310	4221330	8115
120	4089889	4186881	4213653	8115
121	4089889	4181009	4205464	8115
122	4089889	4175933	4199410	8115
123	4089889	4171855	4193154	8115
124	4089889	4166020	4186872	8115
125	4089889	4160395	4181436	8115
126	4089889	4154311	4176070	8115
127	4085039	4147414	4169425	8115
128	4053212	4140612	4163665	8115
129	4050547	4134592	4158407	8115
130	4030237	4124987	4149896	8115
131	4019453	4117534	4142841	8115
132	4019453	4113103	4136882	8115
133	4019453	4105623	4129066	8115
134	4019453	4100439	4125511	8115
135	4019453	4095505	4119983	8115
136	4015559	4088618	4115672	8115
137	4001785	4082225	4107795	8115
138	4001785	4076002	4101247	8115
139	3987032	4067403	4095818	8115
140	3987032	4062823	4089933	8115
141	3969511	4057902	4083283	8115
142	3919323	4051316	4077218	8115
143	3917485	4043458	4069472	8115
144	3917485	4037798	4062455	8115
145	3912116	4030809	4055585	8115
146	3912116	4022581	4048769	8115
147	3912116	4014247	4041919	8115
148	3912116	4007316	4034235	8115
149	3912116	3998266	4026935	8115
150	3912116	3989584	4019669	8115
151	3912116	3979808	4008531	8115
152	3888581	3970352	3996273	8115
153	3888581	3961210	3987993	8115
154	3879495	3954729	3979179	8115
155	3853767	3947080	3971174	8115
156	3853767	3939798	3962158	8115
157	3793418	3930770	3955477	8115
158	3793418	3923175	3945966	8115
159	3793418	3914183	3936753	8115
160	3792483	3904683	3929384	8115
161	3792483	3895945	3922216	8115
162	3784497	3886765	3913667	8115
163	3784497	3878170	3907323	8115
164	3784497	3870060	3898000	8115
165	3777327	3857695	3885169	8115
166	3777327	3848565	3876244	8115
167	3745757	3838803	3867290	8115
168	3745757	3831958	3857007	8115
169	3745757	3823536	3848899	8115
170	3740585	3813673	3838572	8115
171	3740585	3806959	3829993	8115
172	3740585	3801436	3824402	8115
173	3740585	3795635	3817426	8115
174	3740585	3791230	3812573	8115
175	3723860	3785492	3805235	8115
176	3723860	3781252	3799628	8115
177	3711992	3775768	3794422	8115
178	3711992	3771304	3789998	8115
179	3711992	3767481	3785508	8115
180	3694891	3760971	3779344	8115
181	3677076	3756959	3775786	8115
182	3677076	3751716	3770444	8115
183	3660456	3746585	3766239	8115
184	3660456	3740081	3761036	8115
185	3660456	3734687	3756895	8115
186	3660456	3727789	3749997	8115
187	3660456	3721845	3745578	8115
188	3646856	3715662	3740049	8115
189	3634634	3707426	3732596	8115
190	3633293	3700268	3723674	8115
191	3633293	3693342	3716168	8115
192	3623138	3688458	3709978	8115
193	3603612	3681400	3703999	8115
194	3575689	3675699	3698756	8115
195	3575689	3669298	3691552	8115
196	3575689	3663232	3686172	8115
197	3570955	3658578	3678889	8115
198	3570955	3653817	3673624	8115
199	3570955	3646878	3667615	8115
200	3570955	3643167	3663978	8115
201	3570955	3639231	3659835	8115
202	3543521	3633089	3654397	8115
203	3543521	3627732	3648073	8115
204	3537255	3622938	3643858	8115
205	3537255	3617993	3639224	8115
206	3537255	3613331	3633912	8115
207	3537255	3608020	3630159	8115
208	3526939	3602025	3625476	8115
209	3526113	3596027	3618409	8115
210	3526113	3590749	3613619	8115
211	3504917	3585202	3607234	8115
212	3504917	3582939	3603057	8115
213	3504917	3579651	3599909	8115
214	3494701	3574117	3593634	8115
215	3473304	3569000	3588159	8115
216	3473304	3566235	3586300	8115
217	3473304	3562932	3582231	8115
218	3473304	3559691	3578438	8115
219	3473304	3554550	3574319	8115
220	3455840	3549330	3570427	8115
221	3455840	3544321	3565898	8115
222	3446614	3539396	3561368	8115
223	3446614	3534551	3557039	8115
224	3446614	3530903	3552327	8115
225	3446614	3526873	3548530	8115
226	3446614	3522539	3543465	8115
227	3446614	3516943	3538139	8115
228	3446614	3512604	3533651	8115
229	3446614	3508523	3530132	8115
230	3446614	3505106	3526439	8115
231	3446614	3501749	3520768	8115
232	3442414	3497455	3517051	8115
233	3428233	3493577	3512995	8115
234	3428233	3489306	3510045	8115
235	3428233	3485665	3505613	8115
236	3428233	3480758	3501096	8115
237	3428233	3476578	3496579	8115
238	3409670	3471501	3491062	8115
239	3409670	3466982	3486086	8115
240	3409502	3462351	3480299	8115
241	3401814	3458134	3475971	8115
242	3401814	3453853	3472638	8115
243	3401814	3450579	3468879	8115
244	3387245	3446012	3465080	8115
245	3387245	3442376	3460721	8115
246	3378980	3439658	3457858	8115
247	3378980	3436054	3454375	8115
248	3350956	3432221	3450965	8115
249	3342775	3428137	3447129	8115
250	3342775	3425546	3443709	8115
251	3342775	3422048	3441248	8115
252	3342775	3419437	3438039	8115
253	3342775	3415716	3435039	8115
254	3340067	3412191	3431395	8115
255	3340067	3409744	3429121	8115
256	3340067	3406647	3425620	8115
257	3337799	3402916	3422366	8115
258	3332616	3398959	3418305	8115
259	3332616	3395740	3415643	8115
260	3323091	3392012	3412720	8115
261	3323091	3389176	3407515	8115
262	3323091	3385507	3403792	8115
263	3323091	3382356	3401530	8115
264	3302353	3376815	3398359	8115
265	3278161	3372992	3394373	8115
266	3278161	3368671	3389572	8115
267	3278161	3363601	3385504	8115
268	3278161	3359425	3381646	8115
269	3278161	3355256	3378302	8115
270	3278161	3350172	3372992	8115
271	3278161	3345932	3367218	8115
272	3278161	3342781	3362802	8115
273	3278161	3339983	3359740	8115
274	3278161	3336728	3356948	8115
275	3278161	3332560	3352177	8115
276	3254057	3328441	3347571	8115
277	3254057	3325504	3344561	8115
278	3254057	3321429	3340239	8115
279	3254057	3317945	3336726	8115
280	3254057	3314280	3332854	8115
281	3249903	3311394	3329846	8115
282	3246754	3308106	3325438	8115
283	3246754	3304944	3321554	8115
284	3246754	3300664	3318574	8115
285	3246754	3297665	3313531	8115
286	3246754	3295689	3311471	8115
287	3192524	3291419	3309306	8115
288	3192524	3287844	3305939	8115
289	3192524	3284643	3302813	8115
290	3192524	3280083	3299682	8115
291	3192524	3273846	3294926	8115
292	3187955	3268425	3289181	8115
293	3173025	3265051	3285679	8115
294	3173025	3259138	3280188	8115
295	3173025	3256295	3276454	8115
296	3173025	3252524	3272427	8115
297	3173025	3249867	3269493	8115
298	3173025	3245606	3265272	8115
299	3173025	3240552	3261307	8115
300	3173025	3236985	3256462	8115
301	3173025	3233053	3252827	8115
302	3167072	3228926	3249897	8115
303	3158748	3222655	3246074	8115
304	3151942	3215386	3238242	8115
305	3137809	3209633	3230815	8115
306	3128668	3205303	3226061	8115
307	3128668	3199986	3220979	8115
308	3128668	3195427	3214801	8115
309	3128668	3190433	3210184	8115
310	3128668	3186545	3206090	8115
311	3106947	3181519	3201644	8115
312	3072957	3178054	3197664	8115
313	3072957	3173123	3192707	8115
314	3072957	3169613	3189620	8115
315	3072957	3164381	3184827	8115
316	3072957	3160263	3180911	8115
317	3072957	3157695	3176511	8115
318	3072957	3153279	3173017	8115
319	3072957	3147168	3169613	8115
320	3068206	3143631	3164952	8115
321	3068206	3139401	3160098	8115
322	3068206	3134962	3155451	8115
323	3068206	3132646	3152935	8115
324	3068206	3129169	3149257	8115
325	3068206	3126841	3144827	8115
326	3068206	3123373	3141912	8115
327	3037419	3119664	3138230	8115
328	3037419	3115914	3134242	8115
329	3037419	3112672	3130526	8115
330	3037419	3109072	3126383	8115
331	3037419	3105421	3122687	8115
332	3030021	3101352	3120920	8115
333	3028301	3097298	3117255	8115
334	3028301	3092529	3111654	8115
335	3028301	3089587	3108544	8115
336	3028301	3086156	3105524	8115
337	3022122	3081556	3102323	8115
338	3009198	3077084	3099479	8115
339	3009198	3073385	3095442	8115
340	3009198	3069750	3091399	8115
341	3009198	3066129	3087769	8115
342	3009198	3062238	3083227	8115
343	3004820	3058106	3079312	8115
344	2994364	3053616	3076004	8115
345	2994364	3049995	3071802	8115
346	2994364	3047344	3068390	8115
347	2994364	3044750	3066033	8115
348	2981505	3041116	3061912	8115
349	2966210	3037655	3057138	8115
350	2966210	3034713	3053406	8115
351	2966210	3032632	3049946	8115
352	2966210	3031015	3047832	8115
353	2966210	3027892	3044888	8115
354	2966210	3024465	3041456	8115
355	2966210	3021128	3038180	8115
356	2966210	3018132	3035543	8115
357	2960564	3015918	3033253	8115
358	2960564	3013141	3031531	8115
359	2960564	3010407	3027782	8115
360	2948406	3006950	3024435	8115
361	2948406	3004564	3022212	8115
362	2948406	3002122	3019950	8115
363	2915962	2997873	3015915	8115
364	2915962	2994887	3013066	8115
365	2915962	2991469	3010938	8115
366	2915962	2986918	3008274	8115
367	2915962	2983484	3004439	8115
368	2915962	2979927	3000717	8115
369	2915962	2976448	2996212	8115
370	2915962	2974593	2994127	8115
371	2915962	2971378	2990495	8115
372	2915962	2969302	2986945	8115
373	2911988	2966629	2984371	8115
374	2905016	2963430	2981505	8115
375	2905016	2961705	2978364	8115
376	2878337	2960086	2975938	8115
377	2878337	2958479	2975252	8115
378	2878337	2956844	2972323	8115
379	2878337	2954970	2970845	8115
380	2878337	2952395	2968012	8115
381	2878337	2950291	2965887	8115
382	2878337	2948956	2964527	8115
383	2878337	2946942	2963141	8115
384	2878337	2944384	2960095	8115
385	2851328	2941973	2958613	8115
386	2851328	2939869	2955775	8115
387	2851328	2938563	2954422	8115
388	2851328	2937039	2952286	8115
389	2851328	2936192	2951192	8115
390	2851328	2934474	2949098	8115
391	2851328	2933233	2947887	8115
392	2851328	2932007	2946475	8115
393	2848595	2930347	2945564	8115
394	2848595	2928646	2944248	8115
395	2848595	2926617	2942352	8115
396	2848595	2924911	2940211	8115
397	2844310	2923029	2937924	8115
398	2844310	2921432	2935940	8115
399	2844310	2919946	2934289	8115
0	5566403	5863509	6158023	8647
1	5566403	5776928	5863233	8647
2	5503943	5722104	5788131	8647
3	5415217	5682194	5746595	8647
4	5415217	5641371	5693622	8647
5	5415217	5611041	5664345	8647
6	5415217	5583656	5631394	8647
7	5360032	5557843	5605359	8647
8	5344658	5528833	5580445	8647
9	5344658	5506121	5554880	8647
10	5171312	5479857	5525714	8647
11	5171312	5449222	5502338	8647
12	5171312	5427929	5482017	8647
13	5171312	5405445	5460320	8647
14	5171312	5384191	5437585	8647
15	5171312	5357452	5412404	8647
16	5171312	5335685	5387246	8647
17	5142836	5311877	5360314	8647
18	5142836	5286528	5338735	8647
19	5116408	5263207	5311388	8647
20	5085078	5241202	5291265	8647
21	5080645	5221161	5270329	8647
22	5063584	5205560	5251682	8647
23	5045274	5185888	5226709	8647
24	5045274	5167804	5209869	8647
25	5045274	5150882	5192845	8647
26	4979881	5132497	5177264	8647
27	4974256	5114917	5154748	8647
28	4974256	5101197	5138292	8647
29	4974256	5084064	5122969	8647
30	4891048	5068108	5106074	8647
31	4891048	5051093	5093068	8647
32	4891048	5036485	5079258	8647
33	4891048	5020382	5062835	8647
34	4828240	5006168	5050847	8647
35	4828240	4991872	5033894	8647
36	4828240	4977852	5016120	8647
37	4828240	4966178	5004148	8647
38	4828240	4957992	4992048	8647
39	4796394	4944047	4978337	8647
40	4796394	4935641	4970611	8647
41	4772134	4923147	4956269	8647
42	4770633	4910922	4946790	8647
43	4753826	4898114	4934272	8647
44	4753826	4884504	4921650	8647
45	4741790	4869997	4909014	8647
46	4741790	4859614	4901131	8647
47	4741790	4848636	4887878	8647
48	4671864	4832215	4873120	8647
49	4660457	4819531	4862208	8647
50	4660457	4806752	4842310	8647
51	4660457	4795052	4830134	8647
52	4660457	4780209	4816074	8647
53	4660457	4766104	4799491	8647
54	4652281	4752597	4785888	8647
55	4652281	4745270	4776059	8647
56	4647802	4734310	4765352	8647
57	4591782	4721398	4752613	8647
58	4591782	4711373	4741839	8647
59	4591782	4701377	4729822	8647
60	4591782	4692540	4719037	8647
61	4591782	4681336	4709409	8647
62	4578312	4670448	4700545	8647
63	4578312	4661215	4691191	8647
64	4543729	4650345	4682289	8647
65	4543729	4644151	4673589	8647
66	4543729	4635404	4661138	8647
67	4543729	4626753	4653496	8647
68	4543729	4618224	4643474	8647
69	4534458	4609922	4635856	8647
70	4527656	4603805	4630974	8647
71	4498058	4594052	4623681	8647
72	4497010	4586231	4615225	8647
73	4497010	4577216	4604783	8647
74	4453971	4569094	4598108	8647
75	4453971	4560406	4590154	8647
76	4441693	4552027	4584260	8647
77	4441693	4543728	4572991	8647
78	4425224	4531632	4563414	8647
79	4425224	4522963	4553626	8647
80	4418667	4512936	4543729	8647
81	4387498	4505132	4535245	8647
82	4387498	4495534	4526528	8647
83	4387498	4485362	4517169	8647
84	4377947	4475348	4505607	8647
85	4326436	4466263	4497010	8647
86	4326436	4454845	4486158	8647
87	4326436	4445091	4475232	8647
88	4326436	4439063	4468499	8647
89	4326436	4430991	4461419	8647
90	4326436	4423196	4452938	8647
91	4321096	4412430	4442260	8647
92	4321096	4404046	4434234	8647
93	4321096	4397374	4423873	8647
94	4321096	4389505	4416238	8647
95	4316009	4382908	4407126	8647
96	4271362	4373752	4400671	8647
97	4271362	4365159	4389901	8647
98	4271362	4358665	4383306	8647
99	4265985	4350728	4377052	8647
100	4260957	4341813	4368734	8647
101	4230925	4334045	4360684	8647
102	4230925	4327702	4354399	8647
103	4218910	4320069	4347836	8647
104	4218910	4313609	4341351	8647
105	4218910	4307208	4334437	8647
106	4218910	4300377	4329228	8647
107	4213678	4292442	4318757	8647
108	4159368	4284474	4313504	8647
109	4159368	4274655	4303528	8647
110	4159368	4267162	4295448	8647
111	4159368	4257789	4286522	8647
112	4159368	4249658	4276298	8647
113	4124751	4241198	4268421	8647
114	4124751	4232564	4260957	8647
115	4124751	4221952	4251055	8647
116	4124751	4212825	4240437	8647
117	4105142	4202155	4228608	8647
118	4105142	4193783	4220668	8647
119	4096253	4185199	4212042	8647
120	4081630	4176010	4203907	8647
121	4081630	4165814	4192801	8647
122	4081630	4159790	4185496	8647
123	4050729	4151271	4177413	8647
124	4049755	4145290	4170860	8647
125	4049755	4137172	4162232	8647
126	4039613	4128353	4154985	8647
127	4039613	4120842	4147280	8647
128	4039613	4113176	4138918	8647
129	4023132	4105271	4131501	8647
130	4008378	4096852	4122744	8647
131	4007181	4089446	4115296	8647
132	3993517	4079417	4105445	8647
133	3992667	4072790	4099272	8647
134	3992667	4066781	4092837	8647
135	3953863	4058277	4086626	8647
136	3953863	4052625	4080183	8647
137	3929887	4044631	4071014	8647
138	3929887	4037485	4064307	8647
139	3929887	4031433	4057083	8647
140	3929887	4022670	4048557	8647
141	3929887	4014883	4039838	8647
142	3912481	4005214	4033541	8647
143	3912481	3996637	4023631	8647
144	3873594	3990654	4017096	8647
145	3873594	3980065	4009352	8647
146	3868464	3971736	4002411	8647
147	3868464	3962141	3992549	8647
148	3855888	3953395	3982730	8647
149	3855888	3945442	3974786	8647
150	3817774	3935505	3964729	8647
151	3814083	3925080	3954158	8647
152	3814083	3914351	3946433	8647
153	3792789	3904691	3940357	8647
154	3792789	3896272	3929161	8647
155	3792789	3888282	3917071	8647
156	3790380	3879985	3907288	8647
157	3725186	3869211	3898048	8647
158	3725186	3861009	3885401	8647
159	3725186	3852007	3876515	8647
160	3725186	3845152	3870008	8647
161	3725186	3837239	3863645	8647
162	3705885	3825389	3856904	8647
163	3705885	3815526	3848222	8647
164	3705885	3805933	3836799	8647
165	3705885	3798494	3826098	8647
166	3705882	3791446	3818123	8647
167	3705882	3781061	3809978	8647
168	3686679	3770363	3796510	8647
169	3686679	3762468	3787262	8647
170	3679045	3756414	3781353	8647
171	3670427	3748908	3773057	8647
172	3670427	3741352	3765486	8647
173	3670427	3734552	3757763	8647
174	3649579	3726514	3749342	8647
175	3649579	3718902	3743140	8647
176	3616646	3710745	3735249	8647
177	3616646	3704680	3728312	8647
178	3616646	3700691	3723972	8647
179	3616646	3693562	3716925	8647
180	3616646	3686993	3711134	8647
181	3579516	3681179	3704329	8647
182	3579516	3675129	3698961	8647
183	3579516	3669188	3693232	8647
184	3577620	3662772	3686119	8647
185	3577620	3657428	3680101	8647
186	3577620	3652177	3673992	8647
187	3563240	3645543	3668537	8647
188	3555356	3639492	3663412	8647
189	3553759	3631048	3657875	8647
190	3553759	3624972	3649865	8647
191	3553759	3619851	3643724	8647
192	3553759	3614084	3637481	8647
193	3548977	3608324	3631853	8647
194	3546088	3604316	3627187	8647
195	3518940	3598180	3620319	8647
196	3518940	3592548	3616181	8647
197	3518940	3587005	3611193	8647
198	3518940	3579525	3601817	8647
199	3510099	3573808	3596548	8647
200	3508520	3567258	3588735	8647
201	3508520	3563028	3583301	8647
202	3497970	3558148	3577987	8647
203	3497970	3554038	3572248	8647
204	3481885	3549683	3568372	8647
205	3476348	3544966	3563147	8647
206	3476348	3542572	3559480	8647
207	3452977	3538546	3556076	8647
208	3446772	3533553	3551764	8647
209	3446772	3528304	3547320	8647
210	3446772	3523307	3543273	8647
211	3446772	3518835	3539517	8647
212	3446772	3515359	3535366	8647
213	3446772	3512107	3532011	8647
214	3445933	3506601	3527302	8647
215	3445933	3502224	3522287	8647
216	3402640	3496676	3518422	8647
217	3402640	3492242	3514568	8647
218	3402640	3488025	3510099	8647
219	3399540	3484040	3505137	8647
